:020000040000fa
:020000041d00dd
:10020000030000100000000040f386000000000022
:100210008600400f0000000000601a40c0045a7fb2
:100220000500401300000000029d1a3ca0c15a279f
:10023000080040030000000002801d3cf8ffbd27bd
:1002400000801c3cf07f9c27026009402058200160
:1002500007000a248449497d02608940c0000000eb
:1002600000e0dc41ffff4a25faff401500000000d6
:1002700002608b40c0000000029d083c8cc4082531
:1002800009f8000100000000029d083ce4860825f2
:1002900009f80001000000000080083c88000825e3
:1002a0000080093ca0052925030000100000000083
:1002b000000000ad040008252b080901fcff2014f4
:1002c0000000000000bd083c4007082509f80001b7
:1002d00000000000029d083cdc9e082509f8000192
:1002e0000000000081bf093c00000a3c28144a2598
:1002f000e0072aad0000093c00002925010020117b
:100300000000000000488040ffff0a2400588a4097
:100310004000083c00600a4025500a0100608a4005
:10032000009d093c00002925c0000000017889409b
:100330000000093c0100292500000a2444492a7dc7
:1003400001608a408000093c0068894000800840c4
:100350008005097d404c0900006008405800013cc0
:100360002440010100010a3c2540480100240a3cc8
:1003700025404801254028010060884000010a3cd2
:1003800000f8ca44c0000000029d083c94c408253f
:1003900009f800010000000000600840bfff013cb8
:1003a000ffff2134244001010060884000008430b8
:1003b0000000a530029d083c24ac0825080000017f
:0403c0000000000039
:020000040000fa
:020000041d00dd
:100680000080094000000a2400000b2400000d2413
:1006900000000e240080013c2440210125000011af
:1006a00001800940000000003800013c2440210185
:1006b000c24408000f0000110000000001000825de
:1006c0000700013c2460210102640c0001008c251c
:1006d0002550800101000b2404580b0104500a012d
:1006e000c001013c24402101824508000600082584
:1006f00004500a01001c2831824208000d0000113c
:10070000000000000100082580032f31c2790f008e
:100710000100ef252568e00101000e2404700e01a0
:1007200004680d0100e02831424308000600082556
:1007300004680d010800e003000000000000000054
:1007400000800840070009242448280102002939b4
:1007500004002011000000000800e0030000000079
:10076000000000002518e003c5ff11040000000090
:1007700000600840feff09242448280104002935b0
:1007800000608940c000000000d0804000e0804050
:10079000c0000000009d043c00008424010080147f
:1007a000009d043c0400401121288a0021208b0078
:1007b000feff8514fcff88bc0080043c00008424fc
:1007c000010080140080043c0400a01121288d0049
:1007d00021208e00feff8514fcff89bc0f00000065
:1007e0000080013c64002aac0080013c70002dac0c
:1007f0000080013c68002bac0080013c74002eacf2
:100800000080013c6c002cac0080013c78002facd7
:1008100000608840c00000000080094007002935c2
:10082000070029390300293500808940c0000000f5
:1008300025f860000800e003000000000000000050
:020000040000fa
:020000041d00dd
:10000000019d1a3c507d5a27080040030000000063
:020000040000fa
:020000041d00dd
:10010000019d1a3c787c5a2708004003000000003b
:020000040000fa
:020000041d00dd
:10018000019d1a3c9c7b5a27080040030000000098
:020000040000fa
:020000041d00dd
:10140000974e400b000000000b4f400b0000000007
:101410007f4f400b00000000f34f400b0000000026
:101420006750400b000000000000023c0000422416
:10143000070040100000023c00004224050040501c
:10144000029d023c3f0000700800e0030000000025
:10145000029d023cf8b2422403004010000000004c
:1014600009f84000000000000800e0030000000050
:020000040000fa
:020000041d00dd
:10084000000000d01f00c0001f00c400000000d244
:100850001f00c8001f00cc00000000f01700c000ff
:100860001700c400000000f21700c8001700cc00f9
:020000040000fa
:020000041d00dd
:10147000bc0100800800000000000000880000801f
:101480000800000000000000783e0080f82a0000fc
:1014900000000000980200804400000000000000ee
:1014a000900000801000000000000000dc020080be
:1014b0000c00000000000000a000008008000000f8
:1014c00000000000e8020080f400000000000000be
:1014d000a80000800100000000000000ac000080b7
:1014e0000400000000000000706b00806400000039
:1014f00000000000b000008022000000000000009a
:10150000d40000800e00000000000000c401008034
:101510001800000000000000dc0300802100000033
:1015200000000000e400008008000000000000004f
:10153000d03c0080ee000000010000004e4f4e4500
:101540002020202020202020202020200041444353
:101550002020202020202020202020202000414763
:10156000432020202020202020202020202000494f
:101570004e5055545f42504620202020202020000d
:101580004c494d4954455220202020202020202025
:10159000004d41524b5f46494c5445525f4f5554a4
:1015a000200053504143455f46494c5445525f4fdc
:1015b0005554004d41524b5f44454d4f445f4f558c
:1015c0005420200053504143455f44454d4f445ff4
:1015d0004f555420004449534352494d2020202068
:1015e00020202020200044445320202020202020a0
:1015f000202020202020005448524553484f4c447e
:1016000020202020202020004449534352494d20cf
:101610002d20544852455348004c4f4f505f53457e
:101620004e53455f4c50462020000000ec000080e7
:101630001c000000000000000000008014000000fa
:1016400001000000000000000000f03f0a00000060
:1016500001000000401f0000000400806400000042
:1016600000000000e00100806000000000000000b9
:1016700018000080180000000100000000000000b9
:101680000000f03f000000000000f03f00000000fc
:101690000000f03f283e00804500000001000000ef
:1016a0007e330a2d200738370d2434272c213a2881
:1016b0003522293223363031393f267e2e2f3b7e8c
:1016c000000000007e450a41205349550d44524a0e
:1016d0004e46434b545a4c57485950514f42477eff
:1016e0004d58567e000000000801008034000000c4
:1016f00000000000300000800c000000010000002d
:101700000101010101000000010000004002008011
:101710000400000000000000400100801c000000e8
:1017200000000000440200800400000000000000ef
:1017300040000080080000000100000000000000e0
:101740000000f03f4802008004000000000000009c
:1017500060010080180000000000000048000080c8
:1017600001000000010000004000000070690080de
:10177000000200000000000078010080020000006c
:10178000000000004a00008002000000010000008c
:10179000010000004c020080010000000000000079
:1017a0004c00008004000000010000000f00000059
:1017b0007c0100800400000000000000680400803c
:1017c00038010000000000008001008008000000d7
:1017d00000000000500200803800000000000000ff
:1017e000500000800800000001000000401f0000c1
:1017f000401f00008801008004000000000000007d
:10180000a005008057310000010000004c6f6164aa
:1018100044656661756c74436f6e6669672020204d
:101820002020202020202020202020202020204e8a
:101830006f20706172616d65746572732e204c6fdc
:101840006164732064656661756c7420636f6e6695
:10185000696775726174696f6e2e0d0a4c6f6164f1
:101860005361766564436f6e66696720202020208f
:101870002020202020202020202020202020204e3a
:101880006f20706172616d65746572732e204c6f8c
:101890006164732074686520636f6e666967757232
:1018a0006174696f6e2073617665640d0a20202073
:1018b0002020202020202020202020202020202028
:1018c0002020202020202020202020202020202018
:1018d000746f2065787465726e616c20666c6173dc
:1018e000682e0d0a4c6f6f7053656e73654c706691
:1018f00042724d756c742020202020202020302e34
:10190000352020202020204261756420726174659a
:10191000206973206d756c7469706c6965642062f0
:1019200079207468697320746f20736574207468fb
:10193000650d0a202020202020202020202020208b
:101940002020202020202020202020202020202097
:101950002020202020206375746f666620667265e3
:101960007175656e6379206f6620746865206c6f91
:101970006f702073656e7365204c504620776869e0
:1019800063680d0a202020202020202020202020f5
:101990002020202020202020202020202020202047
:1019a000202020202020206465626f756e6365739f
:1019b000207468652073656e736564206c6f6f704a
:1019c0002063757272656e742e0d0a4d61726b48dc
:1019d0006f6c64546872657368202020202020207a
:1019e0002020202020302e3320202020202053753e
:1019f000737461696e6564206469736372696d698b
:101a00006e61746f72206c6576656c732062656cb4
:101a10006f7720746869730d0a2020202020202011
:101a200020202020202020202020202020202020b6
:101a30002020202020202020202020207468726573
:101a400073686f6c642070757420746865206465b9
:101a50006d6f64756c61746f7220696e206d617258
:101a60006b20746f0d0a20202020202020202020b1
:101a70002020202020202020202020202020202066
:101a800020202020202020202061766f6964207093
:101a900072696e74696e67206f6e206e6f69736510
:101aa0002e2049662074686520496e707574204c3c
:101ab00050462069730d0a2020202020202020205d
:101ac0002020202020202020202020202020202016
:101ad00020202020202020202020656e61626c655f
:101ae000642c207468697320697320747970696349
:101af000616c6c7920696e637265617365642074d2
:101b00006f20302e350d0a6d6f64656d202020200a
:101b100020202020202020202020202020202020c5
:101b2000202020202020202020204e6f2070617255
:101b3000616d65746572732e20537769746368658f
:101b40007320555342207465726d696e616c207408
:101b50006f207468650d0a2020202020202020207e
:101b60002020202020202020202020202020202075
:101b700020202020202020202020426175646f74c6
:101b8000205541525420746f207472616e736d69d8
:101b90007420616e64207265636569766520646196
:101ba00074612e204553430d0a2020202020202040
:101bb0002020202020202020202020202020202025
:101bc00020202020202020202020202072657475d5
:101bd000726e7320746f2074686520636f6d6d6121
:101be0006e6420696e7465727072657465722e0d14
:101bf0000a4d734c6576656c202020202020202023
:101c00002020202020202020202020313030302093
:101c1000312020205072696e747320746865206dc5
:101c200061726b20616e642073706163652064650e
:101c30006d6f64756c61746f72206f7574707574fc
:101c40000d0a2020202020202020202020202020bd
:101c50002020202020202020202020202020202084
:101c600020202020206c6576656c7320666f6c6c7c
:101c70006f776564206279204d61726b2d537061be
:101c80006365207468726f75676820616e204c50c0
:101c9000460d0a2020202020202020202020202047
:101ca0002020202020202020202020202020202034
:101cb00020202020202074686174206973207573af
:101cc000656420666f72206175746f7374617274dd
:101cd00020616e64206d61726b20686f6c642e0de4
:101ce0000d20202020202020202020202020202007
:101cf00020202020202020202020202020202020e4
:101d00002020202045616368206669656c64206935
:101d10007320636f6d6d612064656c696d697465b6
:101d2000642e205468652066697273740d0a202041
:101d300020202020202020202020202020202020a3
:101d40002020202020202020202020202020202093
:101d5000206f7074696f6e616c20617267756d655c
:101d60006e7420697320746865206e756d6265728b
:101d7000206f662074696d657320746f0d082020d4
:101d80002020202020202020202020202020202053
:101d90002020202020202020202020202020202043
:101da000207072696e742e20546865207365636fad
:101db0006e6420697320746865206e756d6265724b
:101dc000206f660d0a2020202020202020202020a7
:101dd0002020202020202020202020202020202003
:101de00020202020202020206d696c6c69736563a1
:101df0006f6e6473206265747765656e2073616dc4
:101e0000706c65732e204966207468652073656365
:101e10006f6e640d0a20202020202020202020200a
:101e200020202020202020202020202020202020b2
:101e30002020202020202020617267756d656e743f
:101e40002069732064656c657465642c206461741a
:101e5000612069732073616d706c6520616e640d23
:101e60000a20202020202020202020202020202088
:101e70002020202020202020202020202020202062
:101e8000202020207072696e746564206f6e636517
:101e90002061207365636f6e642e2049662074682c
:101ea0006520666972737420617267756d656e7402
:101eb0000d0a20202020202020202020202020204b
:101ec0002020202020202020202020202020202012
:101ed000202020202069732064656c657465642c63
:101ee0002074686520646174612069732070726970
:101ef0006e746564206f6e63652e0d0a4e6172729a
:101f00006f77486645712020202020202020202047
:101f1000202020202020302e30202020202020486b
:101f20006f77206d616e7920644220746f20626f3c
:101f30006f737420746865206869676820746f6eb9
:101f400065206c6576656c206f7665720d0a2020c1
:101f50002020202020202020202020202020202081
:101f60002020202020202020202020202020202071
:101f700020746865206c6f7720746f6e65206c65c7
:101f800076656c207768656e2072756e6e696e6717
:101f9000206e6172726f772073686966742e0d0a05
:101fa0002020202020202020202020202020202031
:101fb0002020202020202020202020202020202021
:101fc00020202043616e20626520706f7369746900
:101fd0007665206f72206e656761746976652e0d77
:101fe0000a4e6172726f77536869667443656e74e6
:101ff0006572467265712020202020323231302ee9
:10200000302020204d65616e206f66204d61726b1f
:1020100020616e642053706163652066726571751e
:10202000656e6369657320666f7220746f6e650def
:102030000a202020202020202020202020202020b6
:102040002020202020202020202020202020202090
:102050002020202066696c7465727320616e642094
:10206000746f6e652067656e657261746f722e0d98
:102070000a4e6172726f775368696674487a2020dd
:1020800020202020202020202020203137302e30fa
:1020900020202020446966666572656e6365206253
:1020a00065747765656e204d61726b20616e64208a
:1020b00053706163650d0a202020202020202020fd
:1020c0002020202020202020202020202020202010
:1020d0002020202020202020202066726571756538
:1020e0006e636965732e2053797374656d20736513
:1020f0007473204d61726b206672657175656e63d5
:102100007920746f0d0a20202020202020202020fc
:1021100020202020202020202020202020202020bf
:1021200020202020202020202043656e7465722d01
:102130002853686966742f322920616e64205370b9
:1021400061636520746f0d0a20202020202020204c
:10215000202020202020202020202020202020207f
:10216000202020202020202020202043656e746520
:10217000722b2853686966742f322920756e6c653e
:102180007373204d61726b486920697320656e61bd
:10219000626c65642c0d0a20202020202020202045
:1021a000202020202020202020202020202020202f
:1021b0002020202020202020202072657665727348
:1021c000696e6720746865736520746f6e65732e21
:1021d0000d0a4e6f4c6f6f70202020202020202091
:1021e00020202020202020202020202030202020df
:1021f0002020202020416c6c6f7773206f706572f7
:102200006174696f6e20776974686f7574206120de
:102210006c6f6f7020737570706c792c0d0a2020b4
:1022200020202020202020202020202020202020ae
:10223000202020202020202020202020202020209e
:1022400020696e7374656164207573696e672074ac
:10225000686520736f66747761726520756172744a
:1022600020616e64205553422e0d0a20202020202c
:10227000202020202020202020202020202020205e
:1022800020202020202020202020202020204966df
:10229000204e6f4c6f6f70203d20312c204b4f53e0
:1022a00020616e64204146534b2067656e65726104
:1022b00074696f6e2077696c6c0d0a2020202020d5
:1022c000202020202020202020202020202020200e
:1022d000202020202020202020202020202069676e
:1022e0006e6f726520746865206c61636b206f6629
:1022f000206c6f6f702063757272656e742e0d0a9c
:10230000504c4e2020202020202020202020202043
:10231000202020202020202020203130302020208c
:102320002020205072696e742072656c6174697629
:102330006520706f776572206c696e65206e6f69bd
:102340007365206576657279207365636f6e640dc1
:102350000a20202020202020202020202020202093
:10236000202020202020202020202020202020206d
:1023700020202020666f722074686520737065636a
:102380006966696564206e756d626572206f66208e
:102390007365636f6e64732e204966206e6f0d0a3d
:1023a000202020202020202020202020202020202d
:1023b000202020202020202020202020202020201d
:1023c0002020206e756d626572207370656369668a
:1023d0006965642c207072696e74206f6e63652e5f
:1023e0000d0a5072696e74436f6e66696720202013
:1023f00020202020202020202020202020202020dd
:1024000020202020204e6f20706172616d65746500
:1024100072732e205072696e747320746865206325
:10242000757272656e742073797374656d0d0a2010
:10243000202020202020202020202020202020209c
:10244000202020202020202020202020202020208c
:102450002020636f6e66696775726174696f6e2e96
:102460000d0a5072696e7452785265706f727420e2
:10247000202020202020202020202020202020205c
:1024800020202020205072696e74732074686520ab
:102490006e756d626572206f662072656365697620
:1024a000656420636861726163746572730d0a20ec
:1024b000202020202020202020202020202020201c
:1024c000202020202020202020202020202020200c
:1024d00020202876616c69642073746172742062b4
:1024e000697473292c20746865206e756d6265723d
:1024f000206f66206261640d0a20202020202020a9
:1025000020202020202020202020202020202020cb
:10251000202020202020202020202020636861729d
:1025200061637465727320286261642073746f70d4
:1025300020626974292c20616e64207468650d0a1c
:10254000202020202020202020202020202020208b
:10255000202020202020202020202020202020207b
:1025600020202070657263656e74616765206572f6
:10257000726f722e204966206120706172616d65f4
:10258000746572206f66207a65726f0d0a202020b4
:10259000202020202020202020202020202020203b
:1025a000202020202020202020202020202020202b
:1025b000697320757365642c20636c656172732088
:1025c000636f756e746572732061667465722070d6
:1025d00072696e74696e670d0a2020202020202009
:1025e00020202020202020202020202020202020eb
:1025f0002020202020202020202020207265706fa5
:1026000072742e20416c736f2c207265706f72741f
:102610002063616e206265207472616e736d6974ef
:102620007465642062790d0a20202020202020205b
:10263000202020202020202020202020202020209a
:102640002020202020202020202020747970696ef6
:102650006720214552206f6e2054656c6574797037
:1026600065206f72206f6e207465726d696e616c8b
:10267000207768656e200d0a202020202020202051
:10268000202020202020202020202020202020204a
:102690002020202020202020202020696e206d6f07
:1026a00064656d206d6f646520287465726d696e58
:1026b000616c20746f20426175646f7420414653d1
:1026c0004b292e204e6f74650d0a202020202020db
:1026d00020202020202020202020202020202020fa
:1026e00020202020202020202020202020616c730a
:1026f0006f20746861742061207472616e736d69fb
:102700007420746f207265636569766520747261e8
:102710006e736974696f6e0d0a20202020202020be
:1027200020202020202020202020202020202020a9
:10273000202020202020202020202020726573656a
:1027400074732074686520636f756e746572732e80
:102750000d0a5072696e745361766564436f6e66dc
:1027600069672020202020202020202020202020d9
:1027700020202020204e6f20706172616d6574658d
:1027800072732e205072696e747320736176656463
:1027900020636f6e66696775726174696f6e2e0d66
:1027a0000a526573657420202020202020202020dc
:1027b0002020202020202020202020202020202019
:1027c000202020204e6f20706172616d65746572eb
:1027d000732e204c6f6f707320756e74696c205768
:1027e00044542074696d6573206f75740d0a202040
:1027f00020202020202020202020202020202020d9
:1028000020202020202020202020202020202020c8
:102810002028312e303234207365636f6e64732943
:102820002c20726573657474696e67207379737494
:10283000656d2e200d0a5259636f756e742020202d
:102840002020202020202020202020202020202088
:102850002020202020202020205072696e747320b8
:10286000746865206e756d626572206f66205220f7
:102870006368617261637465727320726563656910
:102880007665640d0a202020202020202020202092
:102890002020202020202020202020202020202038
:1028a0002020202020202020666f6c6c6f776564cc
:1028b00020627920746865206e756d626572206f84
:1028c00066205920636861726163746572732e209b
:1028d000426f74680d0a2020202020202020202014
:1028e00020202020202020202020202020202020e8
:1028f000202020202020202020636f756e746572b8
:102900007320617265207468656e207265736574ea
:102910002e0d0a53617665436f6e6669672020202d
:1029200020202020202020202020202020202020a7
:102930002020202020204e6f20706172616d657410
:102940006572732e20536176657320746865206309
:10295000757272656e740d0a2020202020202020c0
:102960002020202020202020202020202020202067
:102970002020202020202020202020636f6e6669e8
:102980006775726174696f6e20746f206578746505
:10299000726e616c20666c61736820746f20626572
:1029a000206c6f616465640d0a20202020202020a7
:1029b0002020202020202020202020202020202017
:1029c0002020202020202020202020206f6e206e1c
:1029d00065787420706f7765722075702e0d0a54bb
:1029e000696d656f7574436f756e7465724d696e50
:1029f00020202020202020202020202020202020d7
:102a000020204e6f20706172616d65746572732e47
:102a1000205573656420746f2064657465726d69f8
:102a20006e65206966207765206172650d0a202039
:102a30002020202020202020202020202020202096
:102a40002020202020202020202020202020202086
:102a50002067657474696e6720746f20617564699e
:102a60006f2073616d706c657320696e2074696d81
:102a7000652e2053686f756c642062650d0a2020f6
:102a80002020202020202020202020202020202046
:102a90002020202020202020202020202020202036
:102aa000207a65726f2e0d0a546f6e6546696c74dc
:102ab0006572427742724d756c7420202020202070
:102ac0002020312e372020202020205468652042ed
:102ad00061756452617465206973206d756c7469e9
:102ae000706c69656420627920746869732076610e
:102af0006c756520746f0d0a202020202020202076
:102b000020202020202020202020202020202020c5
:102b100020202020202020202020207969656c643e
:102b2000207468652062616e647769647468206fe0
:102b3000662074686520746f6e652066696c7465c4
:102b400072732e20546869730d0a202020202020e3
:102b50002020202020202020202020202020202075
:102b600020202020202020202020202020697320c9
:102b700073657420746f20746865206c6f7765735b
:102b8000742076616c756520706f737369626c6513
:102b900020746861740d0a2020202020202020202d
:102ba0002020202020202020202020202020202025
:102bb00020202020202020202020726573756c7436
:102bc0007320696e2066756c6c206469736372692a
:102bd0006d696e61746f72207377696e6720696ebc
:102be00020312f320d0a20202020202020202020dc
:102bf00020202020202020202020202020202020d5
:102c00002020202020202020206269742074696dfb
:102c1000650d0a55736242617564202020202020d2
:102c20002020202020202020202020202039323168
:102c3000363030202020536574206f722072656119
:102c4000642020626974207261746520666f72204e
:102c500055534220554152540d0a557362456368dd
:102c60006f20202020202020202020202020202015
:102c700020202020302020202020202020302064f0
:102c8000697361626c6573206563686f206f6e2085
:102c9000555342202868616c66206475706c6578b5
:102ca000292c20310d0a2020202020202020202027
:102cb0002020202020202020202020202020202014
:102cc000202020202020202020656e61626c65730a
:102cd000202866756c6c206475706c6578292e0de3
:102ce0000a557362546f426175646f744170706508
:102cf0006e644c66202020202020203120202020bf
:102d0000202020204e6f6e7a65726f206170706592
:102d10006e6473204c4620746f20435220726563aa
:102d20006569766564206f766572205553420d0a99
:102d30002020202020202020202020202020202093
:102d40002020202020202020202020202020202083
:102d500020202073656e7420746f20427561646f4b
:102d6000742028696e206d6f64656d206d6f6465d9
:102d7000292e0d0a557365416763202020202020ed
:102d80002020202020202020202020202020312032
:102d900020202020202020302064697361626c652f
:102da00073204147432e203120656e61626c65734c
:102db000204147432073616d706c696e6720696eb6
:102dc0007075740d0a202020202020202020202033
:102dd00020202020202020202020202020202020f3
:102de00020202020202020206461746120746f2026
:102df000736574206761696e2e2055736572732048
:102e00006d61792063686f6f736520746f207573cf
:102e100065207468650d0a202020202020202020b5
:102e200020202020202020202020202020202020a2
:102e3000202020202020202020206c696d697465ce
:102e40007220696e7374656164206f6620746865b2
:102e5000204147432e20576974682065697468656e
:102e600072207468650d0a20202020202020202058
:102e70002020202020202020202020202020202052
:102e8000202020202020202020206c696d6974657e
:102e900072206f7220746865204147432c2074684b
:102ea0006520496e707574204250462073686f75b6
:102eb0006c642062650d0a20202020202020202024
:102ec0002020202020202020202020202020202002
:102ed000202020202020202020207573656420746d
:102ee0006f206b65657020746865206c696d69740e
:102ef0006572206f7220414743202066726f6d20fb
:102f00006265696e670d0a20202020202020202085
:102f100020202020202020202020202020202020b1
:102f20002020202020202020202074616b656e202e
:102f30006f766572206279206f66662d66726571a4
:102f400075656e6379207369676e616c732e0d0a07
:102f5000557365496e70757442706620202020207c
:102f60002020202020202020202031202020202050
:102f70002020203120656e61626c65732074686565
:102f800020696e7075742062616e64706173732065
:102f900066696c7465723b20300d0a202020202069
:102fa0002020202020202020202020202020202021
:102fb0002020202020202020202020202020646984
:102fc0007361626c65732069742e20546865206992
:102fd0006e70757420425046206d617920626520c4
:102fe00075736566756c206f6e0d0a202020202099
:102ff00020202020202020202020202020202020d1
:1030000020202020202020202020202020206e6131
:1030100072726f7720736869667420657370656378
:1030200069616c6c7920696620746865206c696dd3
:10303000697465722069730d0a20202020202020e9
:103040002020202020202020202020202020202080
:10305000202020202020202020202020757365643f
:103060002028696e7374656164206f6620746865da
:10307000204147432920746f2070726576656e7415
:10308000206f746865720d0a2020202020202020e7
:103090002020202020202020202020202020202030
:1030a00020202020202020202020207369676e61ae
:1030b0006c732066726f6d2074616b696e67206f30
:1030c00076657220746865206c696d697465722e0e
:1030d0000d0a5573654c696d697465722020202056
:1030e00020202020202020202020202030202020d0
:1030f00020202020203120656e61626c6573207471
:103100006865206c696d697465723b203020646964
:103110007361626c65732069742e205573657273d8
:103120000d0a2020202020202020202020202020c8
:10313000202020202020202020202020202020208f
:1031400020202020206d61792063686f6f736520d7
:10315000746f2075736520746865206c696d69747f
:1031600065722028464d0d0a202020202020202096
:10317000202020202020202020202020202020204f
:10318000202020202020202020202064656d6f64d6
:10319000756c6174696f6e29206f72207468652088
:1031a0004147432028414d2064656d6f64756c6113
:1031b00074696f6e292e0d0a7766436869704964d9
:1031c00020202020202020202020202020202020ff
:1031d00020202020202020202020204e6f207061e1
:1031e00072616d65746572732e205265616473201f
:1031f0007468652043686970204944206f662074b4
:103200006865200d0a20202020202020202020205a
:1032100020202020202020202020202020202020ae
:10322000202020202020202057694669206d6f64cf
:10323000756c652e0d0a5766436f6e6e656374205c
:10324000202020202020202020202020202020207e
:103250002020202020202020204e6f2070617261cd
:103260006d65746572732e20436f6e6e6563747343
:1032700020746f20746865206163636573732070c8
:103280006f696e740d0a202020202020202020202d
:10329000202020202020202020202020202020202e
:1032a0002020202020202020207769746820746846
:1032b00065205353494420616e64207061737377b5
:1032c0006f726420287365652057665373696420a4
:1032d000616e640d0a202020202020202020202044
:1032e00020202020202020202020202020202020de
:1032f000202020202020202057665077292e205281
:10330000756e73204448435020746f2067657420a5
:10331000495020616464726573732e2052756e7318
:10332000204e54500d0a2020202020202020202034
:10333000202020202020202020202020202020208d
:10334000202020202020202020746f2067657420fa
:1033500074696d652e0d0a57665266526576202097
:10336000202020202020202020202020202020205d
:10337000202020202020202020204e6f20706172ed
:10338000616d65746572732e20526561647320747b
:103390006865205246207265766973696f6e206f8a
:1033a00066207468650d0a2020202020202020201f
:1033b000202020202020202020202020202020200d
:1033c0002020202020202020202057694669206dc1
:1033d0006f64756c652e0d0a57664d616320202061
:1033e00020202020202020202020202020202020dd
:1033f00020202020202020202020204e6f207061bf
:1034000072616d65746572732e20526561647320fc
:10341000746865204d414320616464726573732054
:103420006f66207468650d0a20202020202020204f
:10343000202020202020202020202020202020208c
:10344000202020202020202020202057694669208d
:103450006d6f64756c652e0d0a57665077202020bd
:10346000202020202020202020202020202020205c
:103470002020202020202020202020205365742080
:103480006f72207265616420746865207061737367
:10349000776f7264207573656420746f20636f6e3c
:1034a0006e65637420746f0d0a2020202020202078
:1034b000202020202020202020202020202020200c
:1034c000202020202020202020202020746865201b
:1034d000576946692061636365737320706f696e15
:1034e000742028736565205766436f6e6e6563743c
:1034f000292e0d0a57665363616e2020202020205c
:1035000020202020202020202020202020202020bb
:10351000202020202020204e6f20706172616d6578
:10352000746572732e205363616e7320666f722010
:10353000576946692061636365737320706f696eb4
:1035400074732e0d0a2020202020202020202020ef
:10355000202020202020202020202020202020206b
:1035600020202020202020205072696e7473206952
:103570006e6465782c20525353492c20616e642070
:103580005353494420666f72206561636820666ffb
:10359000756e640d0a20202020202020202020206d
:1035a000202020202020202020202020202020201b
:1035b0002020202020202020616363657373207009
:1035c0006f696e742e0d0a5766537369642020204c
:1035d00020202020202020202020202020202020eb
:1035e00020202020202020202020536574206f726e
:1035f0002072656164207468652053534944206fcc
:1036000066207468652061636365737320706f69f9
:103610006e7420746f0d0a2020202020202020208e
:10362000202020202020202020202020202020209a
:1036300020202020202020202020636f6e6e6563d4
:103640007420746f2028736565205766436f6e6e13
:10365000656374292e0d0a576964654866457120b3
:10366000202020202020202020202020202020205a
:1036700020302e30202020202020486f77206d61c0
:103680006e7920644220746f20626f6f73742074af
:103690006865206869676820746f6e65206c657660
:1036a000656c206f7665720d0a2020202020202076
:1036b000202020202020202020202020202020200a
:1036c0002020202020202020202020207468652019
:1036d0006c6f7720746f6e65206c6576656c2077f3
:1036e00068656e2072756e6e696e672077696465b5
:1036f0002073686966742e0d0a2020202020202067
:1037000020202020202020202020202020202020b9
:1037100020202020202020202020202043616e20f7
:10372000626520706f736974697665206f72206eb0
:10373000656761746976652e0d0a5769646553681b
:103740006966742020202020202020202020202096
:1037500020202020302020202020202020312073f5
:10376000656c656374732077696465207368696646
:103770007420287479697063616c6c7920383530f5
:1037800020487a292e200d0a2020202020202020c9
:103790002020202020202020202020202020202029
:1037a0002020202020202020202020302073656c25
:1037b00065637473206e6172726f772073686966d7
:1037c0007420287479706963616c6c7920313730aa
:1037d00020487a292e290d0a57696465536869665d
:1037e0007443656e746572467265712020202020d6
:1037f0002020323030302e3020202041732064656c
:103800007363726962656420666f72204e617272c2
:103810006f77536869667443656e74657246726546
:10382000712c20746869730d0a202020202020202c
:103830002020202020202020202020202020202088
:103840002020202020202020202020207365747339
:1038500020746865204d61726b2f53706163652021
:1038600063656e746572206672657175656e6379e5
:10387000207768656e0d0a2020202020202020203f
:103880002020202020202020202020202020202038
:1038900020202020202020202020776964652073ac
:1038a000686966742069732073656c656374656408
:1038b0002e0d0a576964655368696674487a20203a
:1038c00020202020202020202020202020383530bb
:1038d0002e3020202020417320646573637269625a
:1038e000656420666f72204e6172726f77536869eb
:1038f0006674487a2c207468697320736574732029
:103900007468650d0a2020202020202020202020ff
:1039100020202020202020202020202020202020a7
:103920002020202020202020646966666572656e54
:103930006365206265747765656e20746865204de7
:1039400061726b20616e642053706163650d0a20a3
:103950002020202020202020202020202020202067
:103960002020202020202020202020202020202057
:1039700020206672657175656e636965732e0d0a28
:103980000000000044535020545520436f6d6d617a
:103990006e64204c696e6520496e74657266616361
:1039a000650d0a0a4561636820636f6d6d616e6421
:1039b00020636f6e7369737473206f662061206378
:1039c0006f6d6d616e6420737472696e672c206117
:1039d0006e64207a65726f206f72206d6f72652041
:1039e000706172616d65746572732e0d0a5061723b
:1039f000616d657465727320617265207461622007
:103a000064656c696d697465642c20616e642074f2
:103a1000686520636f6d6d616e64206973207465e5
:103a2000726d696e617465642077697468206120c5
:103a300063617272696167650d0a72657475726e91
:103a40002e20436f6d6d616e64732074616b652011
:103a500065666665637420696d6d6564696174652a
:103a60006c792e20546865792063616e2062652030
:103a7000736176656420746f2062652072656c6f77
:103a800061646564206f6e0d0a746865206e6578e8
:103a90007420706f776572206379636c652e20499e
:103aa00066206e6f20706172616d65746572206949
:103ab0007320676976656e2c207468652063757263
:103ac00072656e742076616c7565206f662074680f
:103ad000650d0a706172616d65746572206973208d
:103ae00072657475726e65642e204966206120636c
:103af0006f6d6d616e64206973206e6f74207265e6
:103b0000636f676e697a65642c20616e20657272de
:103b10006f72206d657373616765206973207368c8
:103b20006f776e0d0a616c6f6e672077697468201d
:103b3000612068617368206f662074686520636f18
:103b40006d6d616e642e20436f6d6d616e647320c8
:103b500041524520636173652073656e73697469b2
:103b600076652120496e20746865206c6973740d38
:103b70000a62656c6f772c207468652064656661e5
:103b8000756c742076616c7565206f662065616365
:103b90006820706172616d6574657220697320734d
:103ba000686f776e20616c6f6e672077697468202c
:103bb00061206465736372697074696f6e206f66eb
:103bc0000d0a74686520636f6d6d616e642e0d0a59
:103bd0000a4166736b4f7574707574436f6e7469c8
:103be0006e756f757320202020202030202020202b
:103bf000202020204966206e6f6e7a65726f2c201f
:103c0000746865204146534b206f7574707574203d
:103c100069732061637469766520696e20626f74d0
:103c2000680d0a2020202020202020202020202075
:103c30002020202020202020202020202020202084
:103c40002020202020207472616e736d69742061c1
:103c50006e6420726563656976652e204966207af8
:103c600065726f2c20746865206f75747075742090
:103c700069730d0a202020202020202020202020d1
:103c80002020202020202020202020202020202034
:103c9000202020202020206f6e6c792061637469c1
:103ca000766520696e207472616e736d69742e0d75
:103cb0000a4167634c706646202020202020202087
:103cc0002020202020202020202020312e302020c5
:103cd0002020202053657420746865206672657109
:103ce00075656e6379206f6620746865204147436f
:103cf00020636f6e74726f6c206c6f6f70206c6fce
:103d0000770d0a2020202020202020202020202085
:103d100020202020202020202020202020202020a3
:103d2000202020202020706173732066696c7465e8
:103d3000722e2041206c6f776572206e756d626502
:103d400072206d616b657320746865204147430d77
:103d50000a20202020202020202020202020202079
:103d60002020202020202020202020202020202053
:103d700020202020726573706f6e64206d6f7265f5
:103d800020736c6f776c790d0a4167634d617847da
:103d900061696e202020202020202020202020204b
:103da00020202031352e302020202020546865200e
:103db0006d6178696d756d206761696e20746865e5
:103dc000204147432077696c6c20616368696576a0
:103dd000652077697468206e6f0d0a2020202020ee
:103de00020202020202020202020202020202020d3
:103df0002020202020202020202020202020696e2c
:103e0000707574207369676e616c0d0a4167635445
:103e100061726765744c6576656c202020202020d7
:103e2000202020202020302e36202020202020542a
:103e30006865204147432061646a75737473206923
:103e40007473206761696e20746f207969656c6492
:103e50002074686973206f75747075740d0a202062
:103e60002020202020202020202020202020202052
:103e70002020202020202020202020202020202042
:103e8000206c6576656c20746f207468652072659f
:103e90006d61696e646572206f6620746865206468
:103ea000656d6f64756c61746f720d0a4175746f26
:103eb0007374617274202020202020202020202074
:103ec00020202020202031202020202020202031d0
:103ed00020656e61626c6573206175746f737461c7
:103ee00072742e20302064697361626c6573206186
:103ef00075746f73746172742e0d0a4175746f73eb
:103f000074617274476f6f6443686172732020201c
:103f10002020202020313020202020202020486f09
:103f200077206d616e792073657175656e74696156
:103f30006c20676f6f64206368617261637465727f
:103f40007320746f0d0a20202020202020202020a4
:103f50002020202020202020202020202020202061
:103f6000202020202020202020747269676765723d
:103f7000206175746f73746172740d0a4175746f8a
:103f8000737461727453687574646f776e5365638c
:103f90006f6e6473202033302020202020202049a1
:103fa0006e7465676572206e756d626572206f66ee
:103fb000207365636f6e6473206166746572206c34
:103fc0006f7373206f66206d61726b0d0a20202065
:103fd00020202020202020202020202020202020e1
:103fe00020202020202020202020202020202020d1
:103ff0006f7220737061636520746f6e65207768df
:10400000656e206d6f746f722069732073687574ac
:1040100020646f776e0d0a4175746f7374617274ea
:1040200054687265736820202020202020202020e2
:1040300020302e352020202020204d61726b206ff3
:1040400072207370616365206c6576656c2074689e
:1040500061742077696c6c207374617274206d6f69
:10406000746f722e0d0a2020202020202020202076
:104070002020202020202020202020202020202040
:10408000202020202020202020546f6f206c6f776c
:104090002061206c6576656c2063616e20676976af
:1040a000652066616c736520737461727473206f30
:1040b0006e0d0a20202020202020202020202020db
:1040c00020202020202020202020202020202020f0
:1040d0002020202020206e6f6973652e20546f6f82
:1040e00020686967682061206c6576656c20636173
:1040f0006e206b65657020746865206d6f746f72db
:104100000d0a2020202020202020202020202020d8
:10411000202020202020202020202020202020209f
:10412000202020202066726f6d2073746172746984
:104130006e6720206f6e2061207765616b20736948
:10414000676e616c2e204966207468650d0a202018
:10415000202020202020202020202020202020205f
:10416000202020202020202020202020202020204f
:1041700020496e7075742042504620697320656e28
:1041800061626c6564207468697320697320747956
:10419000706963616c6c79207365740d0a2020204e
:1041a000202020202020202020202020202020200f
:1041b00020202020202020202020202020202020ff
:1041c000746f20302e352e2054686973206c65760c
:1041d000656c2063616e20626520736574206c6f6e
:1041e000772069660d0a2020202020202020202012
:1041f00020202020202020202020202020202020bf
:104200002020202020202020204175746f737461ad
:104210007274476f6f6443686172732069732067bb
:10422000726561746572207468616e2035206f72ea
:1042300020736f0d0a202020202020202020202005
:10424000202020202020202020202020202020206e
:10425000202020202020202073696e6365206e6f4f
:104260006973652077696c6c206361757365206183
:1042700020626164206368617261637465722028e2
:104280006261640d0a202020202020202020202090
:10429000202020202020202020202020202020201e
:1042a000202020202020202073746f7020626974e9
:1042b00029206b656570696e67207468652072657a
:1042c000717569726564206e756d626572206f66c6
:1042d00020676f6f640d0a202020202020202020de
:1042e00020202020202020202020202020202020ce
:1042f0002020202020202020202073657175656eed
:104300007469616c206368617261637465727320a3
:10431000746f206e6f74206265206d65742e0d0ab7
:104320004261756452617465202020202020202085
:104330002020202020202020202034352e3435201d
:10434000202020546865207472616e736d6974203a
:1043500062617564207261746520696e206269749f
:104360007320706572207365636f6e642e0d0a2072
:10437000202020202020202020202020202020203d
:10438000202020202020202020202020202020202d
:1043900020205573656420746f20736574207468e1
:1043a00065207370656564206f66207468652042bf
:1043b0006175646f74205541525420616e640d0a1a
:1043c00020202020202020202020202020202020ed
:1043d00020202020202020202020202020202020dd
:1043e000202020746f6e652066696c74657220628f
:1043f000616e647769647468732e0d0a426f6f741e
:10440000546f4d6f64656d202020202020202020d7
:104410002020202020203020202020202020204963
:1044200066206e6f6e7a65726f2c20676f657320e1
:10443000746f206d6f64656d206d6f646520696eab
:104440007374656164206f660d0a2020202020208f
:10445000202020202020202020202020202020205c
:1044600020202020202020202020202020434c49d4
:104470002e2045736361706520746f2072657475ba
:10448000726e20746f20434c492e0d0a4461746192
:104490004c7066427742724d756c7420202020204b
:1044a000202020202020312e302020202020204db0
:1044b000756c7469706c79207468697320627920f6
:1044c00042617564205261746520746f2067657461
:1044d000207468650d0a2020202020202020202024
:1044e00020202020202020202020202020202020cc
:1044f00020202020202020202062616e64776964c3
:10450000746820286375746f6666206672657175bd
:10451000656e637929206f66207468652064617414
:1045200061206c6f770d0a20202020202020202081
:10453000202020202020202020202020202020207b
:1045400020202020202020202020706173732066ee
:10455000696c7465727320286f6e6520656163688d
:1045600020666f72206d61726b20616d6420735bd9
:10457000616365292e0d0a44544320202020202009
:10458000202020202020202020202020202020202b
:10459000203120202020202020203120656e6162e3
:1045a0006c65732044796e616d696320546872652f
:1045b00073686f6c6420436f6e74726f6c3b203055
:1045c0000d0a202020202020202020202020202014
:1045d00020202020202020202020202020202020db
:1045e000202020202064697361626c65732e204551
:1045f0006e61626c6520666f722022414d204465b9
:104600006d6f64756c6174696f6e222c0d0a2020c9
:10461000202020202020202020202020202020209a
:10462000202020202020202020202020202020208a
:1046300020776865726520746865206c696d69749f
:1046400065722069732064697361626c65642e0d04
:104650000a4672657141646a50657263656e7420c2
:104660002020202020202020202020302e3020201c
:10467000202020204d616b65206d696e6f72206176
:10468000646a7573746d656e7420282b2f2d203528
:10469000252920746f2073616d706c650d0a2020d0
:1046a000202020202020202020202020202020200a
:1046b00020202020202020202020202020202020fa
:1046c000207261746520746f20636f727265637409
:1046d00020666f722043505520636c6f636b2065ba
:1046e00072726f722e2041646a757374730d0a20a2
:1046f00020202020202020202020202020202020ba
:1047000020202020202020202020202020202020a9
:104710002020616c6c206672657175656e636965d9
:10472000732e20466f72206578616d706c652c2049
:1047300069662031373020487a204d61726b0d0a4e
:104740002020202020202020202020202020202069
:104750002020202020202020202020202020202059
:104760002020206672657175656e637920697320fb
:104770003231333820487a20696e73746561642061
:104780006f66203231323520487a2c207365740de3
:104790000a2020202020202020202020202020202f
:1047a0002020202020202020202020202020202009
:1047b000202020204672657141646a5065726365ed
:1047c0006e7420746f202d302e372e0d0a496e70b6
:1047d0007574427066427753686966744d756c747f
:1047e00020202020202020312e302020202020209a
:1047f000496e707574204250462042616e6477693c
:104800006474682069732073686966742074696dc4
:10481000657320746869732e0d0a4b4f5320202056
:104820002020202020202020202020202020202088
:104830002020202031202020202020202031206511
:104840006e61626c6573204b6579626f6172642082
:104850004f706572617465642053656e642e2030fc
:104860002064697361626c65732e0d0a4b6f73442b
:10487000726f705365636f6e647320202020202058
:10488000202020202020332e3020202020202048cf
:104890006f77206d616e79207365636f6e6473202e
:1048a000616674657220746865206c61737420742d
:1048b000797065640d0a20202020202020202020ef
:1048c00020202020202020202020202020202020e8
:1048d00020202020202020202063686172616374e2
:1048e000657220756e74696c2074686520747261dd
:1048f0006e73636569766572206973207377697476
:10490000636865640d0a20202020202020202020bc
:104910002020202020202020202020202020202097
:1049200020202020202020202066726f6d207472ad
:10493000616e736d697420746f207265636569764a
:10494000652e0d0a557365203f3f20666f7220610a
:1049500064646974696f6e616c20636f6d6d616e04
:1049600064730000d46b008032000000000000007f
:104970008c01008002000000000000005800008050
:104980000600000001000000000000ffffff000023
:1049900090010080060000000000000088020080f6
:1049a0000400000000000000f8360080d805000078
:1049b000010000002020445350205455204d656ec6
:1049c00075202020004d61726b20486f6c642020a0
:1049d0002020202020004175746f73746172742050
:1049e0002020202020200053686966742020202089
:1049f0002020202020202000496e70757420425015
:104a00004620202020202020004c696d69746572aa
:104a100020456e61626c652020004d6f726520201c
:104a2000202020202020202020200045786974208c
:104a3000202020202020202020202000202044533f
:104a400050205455204d656e75202020004147436d
:104a50002020202020202020202020202000426113
:104a6000756420526174652020202020202000469b
:104a7000696c746572732042572f4261756420001f
:104a800044544320202020202020202020202020ab
:104a9000004c6f6f7020202020202020202020201c
:104aa00020004d6f72652020202020202020202013
:104ab00020200045786974202020202020202020fc
:104ac00020202000204d61726b20486f6c64204dc7
:104ad000656e7520005468726573686f6c64202081
:104ae00020202020200020202020202020202020e6
:104af00020202020202000202020202020202020d6
:104b000020202020202020002020202020202020c5
:104b100020202020202020200020202020202020b5
:104b200020202020202020202000202020202020a5
:104b3000202020202020202020200045786974207b
:104b400020202020202020202020200020417574bb
:104b50006f7374617274204d656e752000546872b5
:104b60006573686f6c642020202020202000476f30
:104b70006f64204368617273202020202020004849
:104b80006f6c64205365636f6e6473202020200077
:104b90002020202020202020202020202020202015
:104ba0000020202020202020202020202020202025
:104bb0002000202020202020202020202020202015
:104bc00020200045786974202020202020202020eb
:104bd000202020002020205368696674204d656ed7
:104be0007520202000576964652f4e6172726f77bf
:104bf00020202020200043656e74657220487a20b2
:104c000020202020202000536869667420487a20e4
:104c10002020202020202000484620426f6f7374ff
:104c200020202020202020200020202020202020a4
:104c30002020202020202020200020202020202094
:104c4000202020202020202020200045786974206a
:104c500020202020202020202020200020496e70ad
:104c6000757420425046204d656e752000456e617a
:104c7000626c652020202020202020202000425728
:104c80002f536869667420202020202020200020d7
:104c90002020202020202020202020202020200034
:104ca0002020202020202020202020202020202004
:104cb0000020202020202020202020202020202014
:104cc0002000202020202020202020202020202004
:104cd00020200045786974202020202020202020da
:104ce0002020200020202020202041474320202079
:104cf0002020202000456e61626c6520202020204d
:104d0000202020202000546172676574204c657655
:104d1000656c20202020004d6178204761696e205d
:104d2000202020202020200046696c7465722048d5
:104d30007a20202020202020002020202020202039
:104d40002020202020202020200020202020202083
:104d50002020202020202020202000457869742059
:104d600020202020202020202020200046696c7454
:104d700065722042572f42617564202000546f6e87
:104d80006520425046202020202020202000446121
:104d90007461204c5046202020202020202000201c
:104da0002020202020202020202020202020200023
:104db00020202020202020202020202020202020f3
:104dc0000020202020202020202020202020202003
:104dd00020002020202020202020202020202020f3
:104de00020200045786974202020202020202020c9
:104df000202020002020445350205455204d656e23
:104e00007520202000536176652f4c6f616420204f
:104e100020202020200020202020202020202020b2
:104e200020202020202000202020202020202020a2
:104e30002020202020202000202020202020202092
:104e40002020202020202020002020202020202082
:104e5000202020202020202020004465627567202b
:104e60002020202020202020202000457869742048
:104e700020202020202020202020200020436f6e92
:104e800066696775726174696f6e20200053617680
:104e9000652043757272656e7420202020004c6f6f
:104ea0006164205361766564202020202020004c1e
:104eb0006f61642044656661756c74202020200059
:104ec00020202020202020202020202020202020e2
:104ed00000202020202020202020202020202020f2
:104ee00020002020202020202020202020202020e2
:104ef00020200045786974202020202020202020b8
:104f0000202020002020202020446562756720207a
:104f10002020202000417564696f206f7574202067
:104f200020202020200053616d706c652052617438
:104f300065205472696d0020202020202020202030
:104f40002020202020202000202020202020202081
:104f50002020202020202020002020202020202071
:104f60002020202020202020200020202020202061
:104f70002020202020202020202000457869742037
:104f800020202020202020202020200098010080a8
:104f90000c00000000000000600000800400000021
:104fa0000100000001000000a401008015000000c5
:104fb000000000008c0200800c00000000000000d7
:104fc000400581bfe8000000010000002814000037
:104fd00028140000281400002814000028140000e1
:104fe00028140000281400002814000028140000d1
:104ff00000140000281400002814000028140000e9
:1050000028140000281400002814000028140000b0
:1050100028140000081400002814000028140000c0
:105020002814000028140000281400002814000090
:105030002814000028140000281400002814000080
:105040002814000028140000281400002814000070
:105050002814000028140000281400002814000060
:105060002814000028140000281400002814000050
:105070002814000028140000281400002814000040
:105080002814000028140000281400002814000030
:105090002814000028140000281400002814000020
:1050a0002814000028140000281400002814000010
:1050b000281400002c0681bf4c00000001000000f5
:1050c00028140000281400002814000028140000f0
:1050d00028140000281400002814000028140000e0
:1050e00028140000281400002814000028140000d0
:1050f00028140000281400002814000028140000c0
:10510000281400002814000028140000d80681bfcd
:105110001400000001000000281400002814000002
:10512000281400002814000028140000f40681bf91
:1051300024000000010000002814000028140000d2
:10514000281400001014000018140000201400009f
:105150002814000028140000281400001c0781bf38
:1051600018000000010000002814000028140000ae
:10517000281400002814000028140000281400003f
:10518000400781bf5000000001000000281400000b
:10519000281400002814000028140000281400001f
:1051a000281400002814000028140000281400000f
:1051b00028140000281400002814000028140000ff
:1051c00028140000281400002814000028140000ef
:1051d0002814000028140000281400009c0781bf38
:1051e00064000000010000002814000028140000e2
:1051f00028140000281400002814000028140000bf
:1052000028140000281400002814000028140000ae
:10521000281400002814000028140000281400009e
:10522000281400002814000028140000281400008e
:10523000281400002814000028140000281400007e
:105240002814000028140000281400000c0881bf56
:1052500018000000010000002814000028140000bd
:10526000281400002814000028140000281400004e
:10527000300881bf0c00000001000000281400006d
:105280002814000028140000400881bf0c00000012
:105290000100000028140000281400002814000059
:1052a000500881bf04000000010000002814000025
:1052b000580881bf140000000100000028140000fd
:1052c00028140000281400002814000028140000ee
:1052d000740881bf180000000100000028140000bd
:1052e00028140000281400002814000028140000ce
:1052f00028140000940881bf040000000100000091
:105300002814000064000080240000000100000058
:10531000ffffffffffffffff01000000ffffffff98
:10532000ffffffff01000000ffffffffffffffff88
:1053300001000000703e0080040000000100000039
:10534000010000002c6c0080040000000000000040
:10535000c03d00806800000001000000c83d0080e2
:10536000c83d0080010000000300000000000000b4
:10537000000000000000000000000000000000002d
:105380006485019d00000000000000000000000096
:1053900000bf019dacc4019d0000000000000000a2
:1053a00000000000000000000000000000000000fd
:1053b00000000000000000000000000000000000ed
:1053c00000000000743e00800400000001000000a6
:1053d000c43d0080306c008004000000000000002c
:1053e000086c00802400000000000000346c008085
:1053f0000400000000000000000000006666666611
:020000040000fa
:020000041d00dd
:1054000050ffbd277c00023c9c00b0af090d422438
:105410000080103c0a000324ac00bfafa800b3af6b
:10542000a400b2afa000b1af9000a2af0a00a310d9
:10543000000400a20b00a2280e0040140d0002245c
:105440003000a2101b0002241a00a2149c818227a3
:1054500021204400000080a0ac00bf8fa800b38fc3
:10546000a400b28fa000b18f9c00b08f0800e003b1
:10547000b000bd27080002240e00a2149c818227e0
:105480002120440000008290f4ff4010ac00bf8f48
:10549000ffff4224000082a0ac00bf8fa800b38fa2
:1054a000a400b28fa000b18f9c00b08f0800e00371
:1054b000b000bd27e8ffa0189c8183272118640055
:1054c000000066903400c22ce4ff4010ac00bf8f97
:1054d0004010040021104400c010020021104400bc
:1054e0000080043cd46b842440100200211044004e
:1054f000211046000100c424000064a0d6ff001063
:10550000000045a040180400211064009c818627fb
:10551000c01002008a39c47c211044000080053c80
:1055200040100200d46ba5242110a20021404700a6
:10553000000000a100004880230000119d81889395
:105540002b400701010000559d8187a321186400ad
:10555000c018030021186400401803002118a3009c
:10556000000065802120c40023000324baffa3109b
:10557000000080a025204000019d023c843642248a
:105580009000a527cc63400f6800a2af73024010c3
:10559000010013246800a2af6c00b1279000a5277a
:1055a000cc63400f252000000d0040100a000324aa
:1055b00001007326000022aef8ff631604003126b6
:1055c000a6ff0010ac00bf8f019d023c8036428ccc
:1055d00000040326030062a89fff0010000402ba23
:1055e0006800b28f9055400f25204002200004240f
:1055f0001b008200f401400000004382570260104b
:105600001210000025880000048851000100522675
:105610002188710000004382fcff6054048851001f
:10562000019d043c9f6e400f883684243f57023c06
:10563000b4864234a3022212010042242b1022021b
:1056400027004010cc7c023c5205023cc11b432485
:1056500080022312c21b42242b102202530140104d
:105660006d0b023c7d01023ca84f43240903231229
:10567000a94f42242b10220247004010f602023ca0
:10568000b200023c91df423499022212010042240e
:105690002b102202c90040146801023c0bc942349d
:1056a000dd0222127101023c68e842343000221609
:1056b000be00023c02000224720562120080023c1d
:1056c000d004468cd404478c019d053ca836a52403
:1056d000fe6e400f0004042660ff0010ac00bf8f78
:1056e000f6a942344a032212010042242b1022025e
:1056f000600040108bb4023cb85d023cc6b8423436
:10570000ef022212010042242b102202400040101e
:10571000c26e023c9c58023ca3e84234570222125b
:10572000010042242b102202c2004014965c023c6d
:10573000b4884234c2022212965c023cefb9423471
:1057400026002216355a023c02000224bf036212d0
:105750000080023c0005468c019d053cb036a52426
:10576000fe6e400f000404263cff0010ac00bf8f0b
:10577000d42d4224150322120c81868f019d053cf5
:10578000253020028c36a524fe6e400f000404262e
:1057900032ff0010ac00bf8fcef04234da0222128a
:1057a000010042242b10220241014014b104023caa
:1057b000533c4224f80122120105023c4e3042249f
:1057c0002e0122164104023c020002248f036212c1
:1057d0000100022420ff0010b88182affbf942349f
:1057e000e7ff2216019d053c0200022445056212d6
:1057f0000080023cb004468c019d053cb036a524d7
:10580000fe6e400f0004042614ff0010ac00bf8f92
:10581000ad594324e7022312ae5942242b10220231
:10582000400040145675023c44f94234ad02221245
:105830005975023c2cd242342c002216bc6f023c1b
:105840005869400f00000000020002244205621265
:10585000000000009055400f0004042600041026ac
:10586000211002023e000324000043a0fafe0010b3
:10587000010040a08e1843244e0223128f184224a8
:105880002b102202880040149fda023cf4044324c7
:105890003f022312f50442242b102202780040100c
:1058a00047e1023ce2b9023c041d4224a00222125c
:1058b0005abe023ca34b42244c0022168bb4023c3d
:1058c000020002246b0362120080023cb804468c82
:1058d000bc04478c019d053ca836a524fe6e400ff4
:1058e00000040426ddfe0010ac00bf8f5a1b4224ca
:1058f000a3ff2216019d053c02000224f604621259
:105900000080023c7004468c7404478c019d053c69
:10591000a836a524fe6e400f00040426cffe00101a
:10592000ac00bf8f0b65023ccc584224fc00221611
:10593000e865023c0080023c68044224d8004380b1
:10594000f7026010019d033cf8004280da024054e7
:105950000080113c019d023ce437422400041026e3
:10596000200046240000458c0400438c0800448c31
:10597000030005aa000005ba070003aa040003ba41
:105980000c00438c0b0004aa080004ba0f0003aa01
:10599000100042240c0003baf2ff46141000102637
:1059a000000044900100439002004290000004a2d5
:1059b000010003a2a8fe0010020002a23f00022480
:1059c000980022163f00023c0080043c9f6e400f6e
:1059d00018278424019d023c8036428c0004032653
:1059e000030062a89cfe0010000402ba84594224fd
:1059f00063ff2216019d053c02000224fb02621691
:105a00006c00b18f9055400f252020022000432cc0
:105a1000e6026010019d033c0080043c0100462426
:105a2000252820023655400f400584248bfe0010a7
:105a3000ac00bf8f6657023c775042248400221688
:105a4000fa57023c02000224730362166c00b18f05
:105a50009055400f252020022000432c7603601033
:105a6000019d033c0080043c0100462425282002bf
:105a70003655400f6005842478fe0010ac00bf8fbf
:105a8000199c4234b70122124bfd023ceb1e42240a
:105a90001c002216a9df023c7169400f00000000c3
:105aa0006efe0010ac00bf8f188b023ca04e43244a
:105ab000a1012312a14e42242b1022022c004014db
:105ac000d9ab023c3ca742349001221263b1023ca4
:105ad000439142341900221617a3023c020002240b
:105ae000af0362120080023cec04468c019d053c31
:105af000b036a524fe6e400f0004042657fe0010a9
:105b0000ac00bf8fc1ea42341dff2216019d053c47
:105b1000020002248c0362120080023c2005468ca5
:105b20002405478c019d053ca836a524fe6e400f38
:105b30000004042649fe0010ac00bf8f50ca423456
:105b40000fff2216019d053c02000224e3026212af
:105b50000080023cf004468c019d053cb036a52433
:105b6000fe6e400f000404263cfe0010ac00bf8f08
:105b7000467d023c049d423480002216b988023cd6
:105b800002000224ef0362120080023ca804468c4b
:105b9000ac04478c019d053ca836a524fe6e400f41
:105ba000000404262dfe0010ac00bf8ff327432411
:105bb000ad012312f42742242b102202910040143d
:105bc000af51023c44b44234060222120100422486
:105bd0002b1022025f0040108254023c4930023cec
:105be000c1d8423410012212d847023ca6364224c2
:105bf0003e0022160c29023c02000224010462121b
:105c00000080023cc804468ccc04478c019d053cb6
:105c1000a836a524fe6e400f000404260ffe0010d7
:105c2000ac00bf8f3f004224d4fe22160080043c0b
:105c30009f6e400fa0058424019d023c8036428c5b
:105c400000040326030062a803fe0010000402ba49
:105c5000546c4224c9fe22163c81878f4081868f76
:105c6000019d053c4c38a524fe6e400f000404261f
:105c7000408180aff8fd00103c8180af435042244a
:105c8000bffe2216019d053c02000224830262121f
:105c90000080023cfc04468c019d053cb036a524e6
:105ca000fe6e400f00040426ecfd0010ac00bf8f18
:105cb000dc02023cc8a042343d002216f302023c42
:105cc00002000224b90362120080023ce004468c08
:105cd000e404478c019d053ca836a524fe6e400fc8
:105ce00000040426ddfd0010ac00bf8f9a42422460
:105cf000a3fe2216019d053c02000224200262122e
:105d00000080023ce804468c019d053cb036a52489
:105d1000fe6e400f00040426d0fd0010ac00bf8fc3
:105d2000e49d423495fe221602000224770362129b
:105d300086bf023c2001468c019d053cb036a5245f
:105d40004003c67cfe6e400f00040426c3fd001015
:105d5000ac00bf8fbccc4234800122124b56023cb7
:105d6000eb1e42241f0022169b53023c706e400f14
:105d700000000000b9fd0010ac00bf8fa5884234c0
:105d80007efe221602000224930362120080023c6f
:105d90008804468c8c04478c019d053ca836a524bc
:105da000fe6e400f00040426acfd0010ac00bf8f57
:105db000f327422471fe2216020002249f01621280
:105dc0000080023c7804468c7c04478c019d053c95
:105dd000a836a524fe6e400f000404269ffd001087
:105de000ac00bf8fb449422465fe2216019d053cdc
:105df000019d043c9f6e400f6c378424ffff001010
:105e0000000000005507023ceb5e43246d002312a6
:105e1000ec5e42242b1022022f0040149c07023c0f
:105e200046784224520022127d09023c2f69422406
:105e30001b0022169807023caa1e400f25200000d6
:105e4000019d023c483742240004102620004624cd
:105e50000000458c0400438c0800448c030005aa14
:105e6000000005ba070003aa040003ba0c00438c23
:105e70000b0004aa080004ba0f0003aa1000422471
:105e80000c0003baf2ff46141000102600004390e5
:105e900001004290000003a26ffd0010010002a269
:105ea0005a9b423436fe2216019d053c0200022414
:105eb000f20262120080023c8004468c8404478c0b
:105ec000019d053ca836a524fe6e400f0004042663
:105ed00062fd0010ac00bf8f6b06023c51114224e2
:105ee000120022166f06023c02000224cd0262124a
:105ef0000081838fbe026210019d033c60386224e2
:105f00006038638c0400469005004590060044907c
:105f100000040226030043a8000403ba040046a0bc
:105f2000050045a04cfd0010060044a0016d422470
:105f300012fe2216020002245d0362120080023c5f
:105f40000405468c019d053c6838a524fe6e400f73
:105f50000004042641fd0010ac00bf8f019d043ced
:105f60009f6e400f8836842404fe001025880000b0
:105f700002000224060262120080023cd804468c11
:105f8000019d053cb036a524fe6e400f000404269a
:105f900032fd0010ac00bf8f02000224c202621268
:105fa00086bf023c2003468c019d053cb036a524eb
:105fb0004001c67cfe6e400f0004042627fd001041
:105fc000ac00bf8faa1e400f01000424019d023cbb
:105fd0002437422400041026200046240000458c6b
:105fe0000400438c0800448c030005aa000005ba95
:105ff000070003aa040003ba0c00438c0b0004aa98
:10600000080004ba0f0003aa100042240c0003bacf
:10601000f2ff4614100010260000428c030002aa72
:106020000dfd0010000002ba0200022420026212dc
:106030000080023c3805468c3c05478c019d053ca0
:10604000a836a524fe6e400f0004042603fd0010b0
:10605000ac00bf8f02000224460262120080023ca4
:10606000f404468c019d053cb036a524fe6e400f1d
:1060700000040426f9fc0010ac00bf8f2e6f400f07
:106080002800a4272d00a5932c00a4932b00a393f4
:106090002a00a2932900a7932800a6931c00a5af6d
:1060a000019d053c1800a4af1400a3af1000a2afdf
:1060b0008c37a524fe6e400f00040426e7fc001078
:1060c000ac00bf8f02000224bc0162120080023cbf
:1060d0009804468c9c04478c019d053ca836a52459
:1060e000fe6e400f00040426dcfc0010ac00bf8fe5
:1060f000df6a400f00000000019d043c9f6e400fce
:1061000004378424d5fc0010ac00bf8f02000224a9
:106110007c0162120080023c3005468c3405478cbd
:10612000019d053ca836a524fe6e400f0004042600
:10613000cafc0010ac00bf8f0200022422026212cf
:106140000080023cc004468cc404478c019d053c81
:10615000a836a524fe6e400f00040426bffc0010e4
:10616000ac00bf8f02000224c60162120080023c14
:106170002805468c2c05478c019d053ca836a52496
:10618000fe6e400f00040426b4fc0010ac00bf8f6c
:10619000a65c400f00000000019d053c253040003a
:1061a0008437a524fe6e400f00040426abfc0010cb
:1061b000ac00bf8f019d033cb037648cb0376324c3
:1061c000000402260400658c030044a8000404bafd
:1061d0000800648c070045a8040045b80c00658cd5
:1061e0000b0044a8080044b81000648c0f0045a8b8
:1061f0000c0045b81400638c130044a8100044b888
:10620000170043a8ff0004247465400f140043b82e
:1062100092fc0010ac00bf8f020002240101621248
:106220000080023cf804468c019d053cb036a52454
:10623000fe6e400f0004042688fc0010ac00bf8fe7
:1062400002000224490262120080023cb404468c1f
:10625000019d053c6838a524fe6e400f000404260d
:106260007efc0010ac00bf8f020002241c026212f0
:106270000080023c6804468c6c04478c019d053c00
:10628000a836a524fe6e400f0004042673fc0010ff
:10629000ac00bf8f02000224a40262120080023c04
:1062a0009004468c9404478c019d053ca836a52497
:1062b000fe6e400f0004042668fc0010ac00bf8f87
:1062c0000771400f00000000019d053c2530400093
:1062d0008437a524fe6e400f000404265ffc0010e6
:1062e000ac00bf8f02000224f60062120000000022
:1062f000019d023c8036428c00040326030062a804
:1063000055fc0010000402ba02000224530262127b
:106310000080023c0805468c019d053cb036a52452
:10632000fe6e400f000404264cfc0010ac00bf8f32
:10633000020002244c0062120080023ca004468c41
:10634000a404478c019d053ca836a524fe6e400f91
:106350000004042641fc0010ac00bf8f401f032442
:10636000208083af02000224010003240b0062128c
:10637000088183af0300022438fc6216ac00bf8f93
:10638000d467400f7000a48fc0100200080043289b
:10639000080004240a204300208084afd467400f03
:1063a0006c00a48f2cfc4204088180af2afc0010f2
:1063b000088182af019d043c9f6e400fb836842453
:1063c0000100022424fc0010008182af019d053ce5
:1063d000b036a524fe6e400f000404261efc0010fb
:1063e0000c8180af020002246202621286bf023c6e
:1063f0002002468c019d053cb036a524c003c67c16
:10640000fe6e400f0004042614fc0010ac00bf8f89
:10641000020002241e0062120080023c1805468c15
:106420001c05478c019d053ca836a524fe6e400f37
:106430000004042609fc0010ac00bf8fed6f400f74
:106440006c00a48f0080023c804a400f780440f426
:10645000019d023c8036428c00040326030062a8a2
:10646000fdfb0010000402baed6f400f6c00a48f1a
:10647000019d023c8036428c00040326030062a882
:106480000080033ca00460f4f3fb0010000402ba97
:10649000ed6f400f6c00a48f019d023c8036428c52
:1064a00000040326030062a80080033c180560f482
:1064b000e9fb0010000402ba0080123c019d053c7b
:1064c000600547264005262600040426fe6e400f80
:1064d0000838a5242800a427400006247963400f2b
:1064e00025280000600545263f000624086f400f60
:1064f0002800a4279055400f40052426ff000324c0
:106500001000a3af2800a72702000624ff00453093
:106510004f63400f40052426d0fb0010ac00bf8f16
:10652000c837648cc8376324000402260400658cd5
:10653000030044a8000404ba0800648c070045a8be
:10654000040045b80c00668c0b0044a8080044b851
:106550001000658c0f0046a81400648c0c0046b82f
:106560001800638c130045a8100045b8170044a814
:10657000140044b81b0043a8b7fb0010180043b830
:10658000d467400f6c00a48f019d033c8036638c60
:106590000004042601004230030083a80080043c6c
:1065a000e80482acacfb0010000403ba2038648c11
:1065b00020386324000402260400658c030044a8ec
:1065c000000404ba0800648c070045a80c0066901b
:1065d0000d006390040045b80b0044a8080044b8bf
:1065e0000c0046a09cfb00100d0043a00080063c60
:1065f000019d053c4005c6243038a524fe6e400fa1
:106600000004042695fb0010ac00bf8fd467400f38
:106610006c00a48f90fb4204b88180af8efb001009
:10662000b88182afd467400f6c00a48f019d033cfa
:106630008036638c00040426030083a80080043c99
:10664000f80482ac84fb0010000403bad467400f46
:106650006c00a48f019d033c8036638c00040426eb
:10666000030083a80080043c000582ac7afb001084
:10667000000403baed6f400f6c00a48f019d023c33
:106680008036428c00040326030062a80080033c8d
:10669000b80460f470fb0010000402bad467400f25
:1066a0006c00a48f019d033c8036638c000404269b
:1066b000030083a80080043cfc0482ac66fb00104d
:1066c000000403baf367400f6c00a48ff86b400f0f
:1066d0002520400007ff0010019d023cd467400fb9
:1066e0006c00a48f019d033c8036638c000404265b
:1066f000030083a80080043cf00482ac56fb001029
:10670000000403baed6f400f6c00a48f029d023ca1
:1067100020ae42d43c10204638000045029d023c89
:106720000080023c68044224c80042f4c80040d4ff
:10673000029d023c30ae42d4029d023c48ae44d49d
:1067400083002246029d023c38ae40d4029d023caa
:106750000100224640ae42d4020022463e2220469c
:1067600021000b45010024460d0020460000024494
:10677000019d033c8036638c00040426030083a83b
:1067800084bf043c200282ac33fb0010000403ba37
:10679000d467400f6c00a48f019d033c8036638c4e
:1067a0000004042601004230030083a80080043c5a
:1067b000d80482ac28fb0010000403baed6f400f30
:1067c0006c00a48f0080023c804a400f980440f483
:1067d000019d023c8036428c00040326030062a81f
:1067e0001dfb0010000402ba0080033c0d0020468f
:1067f00000000244deff00102510430028ae42d402
:106800000080023c3c0122464800044568044224c2
:10681000c6ff0010c80042f40080063c019d053c04
:106820006005c6243038a524fe6e400f00040426ff
:106830000afb0010ac00bf8f3838658c38386324f1
:10684000000402260400648c030045a8000405ba75
:106850000800658c070044a8040044b80c00648c50
:106860000b0045a81000669011006390080045b821
:106870000f0044a80c0044b8100046a0f6fa00101f
:10688000110043a0ed6f400f6c00a48f0080023c0c
:10689000804a400f280540f4019d023c8036428c1e
:1068a00000040326030062a8ebfa0010000402baf9
:1068b000ed6f400f6c00a48f029d023c50ae42d49d
:1068c0003c0322461b000d45029d033c029d023cf9
:1068d00030ae42d43c1420461700134558ae60d465
:1068e0000080023c68044224d00040f4d00040d430
:1068f000029d033c20ae62d400002046029d023c73
:106900002000a2f718ae42d41082848f1000a0f7a6
:106910001800a2f72530000025380000823d400f06
:1069200002000524cdfa0010ac00bf8f7fff0010dd
:10693000c80040f458ae60d40080023c6804422491
:10694000eaff0010d00040f4ed6f400f6c00a48f00
:106950000080023c804a400f200540f4019d023c2b
:106960008036428c00040326030062a8bafa0010a5
:10697000000402bad467400f6c00a48f019d033c51
:106980008036638c0004042601004230030083a893
:106990000080043cf40482acaffa0010000403ba97
:1069a000d467400f6c00a48f019d033c8036638c3c
:1069b00000040426030083a80080043cec0482ac9d
:1069c000a5fa0010000403baed6f400f6c00a48f0d
:1069d000019d023c8036428c00040326030062a81d
:1069e0000080033cc00460f49bfa0010000402ba6b
:1069f000019d033c583862245838638c040046904b
:106a0000050045900600449000040226030043a8b8
:106a1000000403ba040046a0050045a08efa001049
:106a2000060044a06c00b08f9055400f2520000256
:106a3000200003241b006200f401400000000482d7
:106a40000c008010121000002518000004184300ec
:106a5000010010262118830000000482fcff8054ee
:106a6000041843005107023c62cc42341a00621001
:106a70000200022478fa0010008180afed6f400f11
:106a80006c00a48f0080023c804a400f800440f4d8
:106a9000019d023c8036428c00040326030062a85c
:106aa0006dfa0010000402bad467400f6c00a48f86
:106ab0000500401486bf023c20000324340343ac8d
:106ac0000cfe0010019d023c20000324380343ac5f
:106ad00008fe0010019d023c5ffa0010008182afa9
:106ae000ed6f400f6c00a48f0080023c804a400f85
:106af000680440f4019d023c8036428c0004032669
:106b0000030062a854fa0010000402bad467400fd0
:106b10006c00a48f2100401486bf023c0020032497
:106b2000340143ac804a400f00000000019d023c4c
:106b30008036428c00040326030062a846fa001047
:106b4000000402baed6f400f6c00a48f019d023c5f
:106b50008036428c00040326030062a80080033cb8
:106b6000a80460f43cfa0010000402baf367400f76
:106b70006c00a48f252040000080033c0266400f7b
:106b8000b40462ac019d023c8036428c00040326b2
:106b9000030062a830fa0010000402ba00200324a7
:106ba000380143acdfff001000000000ed6f400f24
:106bb0006c00a48f0080023c804a400fe00440f447
:106bc000019d023c8036428c00040326030062a82b
:106bd00021fa0010000402baed6f400f6c00a48f80
:106be0000080023c804a400f880440f4019d023c32
:106bf0008036428c00040326030062a816fa0010b7
:106c0000000402baed6f400f6c00a48f029d033c9c
:106c100010ae62d4029d023c5882848f2000a2f7fd
:106c200018ae42d41000a0f70080023c1800a2f772
:106c3000253000002538000025280000823d400f47
:106c4000c80440f4019d023c8036428c00040326b7
:106c5000030062a800fa0010000402bad467400fd3
:106c60006c00a48f019d033c8036638c00040426d5
:106c7000030083a80080043c080582acf6f90010ec
:106c8000000403baed6f400f6c00a48f0080023c3b
:106c9000804a400fd00440f4019d023c8036428c73
:106ca00000040326030062a8ebf90010000402baf6
:106cb000d467400f6c00a48f019d033c8036638c29
:106cc00000040426030083a80080043c040582ac71
:106cd000e1f90010000403baed6f400f6c00a48fbf
:106ce0000080023c804a400f700440f4019d023c49
:106cf0008036428c00040326030062a8d6f90010f7
:106d0000000402bad467400f6c00a48f019d033cbd
:106d10008036638c00040426030083a80080043cb2
:106d2000b00482acccf90010000403baed6f400f40
:106d30006c00a48f0080023c804a400f900440f415
:106d4000019d023c8036428c00040326030062a8a9
:106d5000c1f90010000402bad467400f6c00a48f80
:106d6000bcfa401400000000488180afb9fa00105e
:106d7000448180afd467400f6c00a48f050040149d
:106d800086bf023c00800334340243ac59fd00103e
:106d9000019d023c00800334380243ac55fd0010d5
:046da000019d023c13
:020000040000fa
:020000041d00dd
:106da40040ffbd278400bfaf6400b1af6000b0af47
:106db4008000beaf86bf103c7c00b7af7800b6af92
:106dc4007400b5af7000b4af6c00b3af6800b2af7d
:106dd400b000bef7a800bcf7a000baf79800b8f757
:106de4009000b6f73270400f8800b4f7f563400f97
:106df400252000003001029601000324029d043c7a
:106e04000400627c300102a61001029625280000cd
:106e1400b0b584240400027c100102a6ab70400fbc
:106e24000080113c9570400f000000008670400ff8
:106e340000000000019d043c21000524295b400f53
:106e44003c2c8424986f400f00000000019d043cfa
:106e540019000524295b400f602c8424d26b400f59
:106e640000000000019d043c1f000524295b400f25
:106e74007c2c8424df6a400f00000000019d043c48
:106e840017000524295b400f9c2c84248004400fa8
:106e940000000000065e400f00000000019d043c5d
:106ea40015000524295b400fb42c8424e56b400fa6
:106eb40000000000019d043c11000524295b400fe3
:106ec400cc2c84243270400f000000009743400f04
:106ed400000000003270400f00000000019d043cdf
:106ee40015000524295b400fe02c842400608044b5
:106ef4000060e044d968400f4800b1afd66e400f3f
:106f0400020004241971400f00000000019d043c9c
:106f14001c000524295b400ff82c8424f368400fdf
:106f240000000000019d053c25304000182da524db
:106f3400fe6e400f000424269055400f00042426c2
:106f440025284000295b400f000424262001028ede
:106f54000003427c91024050019d043c7169400f42
:106f640000000000019d043c15000524295b400f2e
:106f7400442d84242861400f00000000a65c400fcb
:106f8400000000004800b18f019d053c2530400001
:106f94008c2da524fe6e400f000424269055400f2e
:106fa4000004242625284000295b400f00042426e1
:106fb400a65c400f000000001500033ca0036324fe
:106fc4007f024310019d043c28000524295b400fe7
:106fd400c82d8424019d043c019d113c0c00052412
:106fe400295b400ff42d8424042e2426295b400fb2
:106ff4000b000524019d043c04000524295b400f7b
:10700400102e8424b56a400f0080133c019d043c7b
:107014001e6c400f182e8424019d043c1e6c400fee
:10702400282e84241e6c400f042e2426019d043c2b
:107034001e6c400f302e8424019d043c1e6c400fb6
:10704400402e8424680473264800b18f4c00668e59
:10705400019d053c502ea524fe6e400f00042426fd
:107064001e6c400f0004242625f0000007000010c9
:10707400108180af3270400f00000000f65f400fb7
:10708400000000004a02c017000000001081828f37
:107094008813422cf7ff4014019d023c0300052491
:1070a400b42d4424295b400f5800a2afb56a400fa9
:1070b40000000000029d023c40be5cd4029d023ce4
:1070c40048be5ad4029d023c58be54d4029d023c90
:1070d40050be40d4019d023c4c00a2af1481828f6b
:1070e400888297275000a0f786d5204606e62046da
:1070f4000c8180af2590000025a8000025b0000079
:10710400180040180800f7261481828f03004228d3
:10711400fe00401000000000946e400f00000000cc
:10712400af70400f25884000821002002b1022020d
:107134000901401011000224050042120100052437
:107144002000a4272000a2a3295b400f11001224d1
:1071540008000224340102ae1481828feaff401c2d
:107164000000000008000224380102ae1481828f5e
:107174000c81838f2a10430003004010000000009c
:107184001481828f0c8182af3270400f00000000a6
:107194001481828f048183976882868f0a00422437
:1071a400148182af2004028effff6324400042302a
:1071b40029014014048183a7a06a400f06c3204616
:1071c40000f080440081848f00f0e0440100022438
:1071d4003cf7204602000324108080f701101c00b5
:1071e400290183101c8082af2c70400f02000424fc
:1071f40000f8432400008344388282a7210080469b
:1072040002003446060320462a5c400ff08180f7d2
:10721400d66e400f020004248800638e010002240d
:10722400e20062104880848f1f71400f5082848f67
:10723400de0040544880848f1c80828f03004010fd
:10724400252000004880848f2b2004009c6c400f74
:10725400000000001c80838f0300601025100000d4
:107264004880828f2b100200300103960d00042405
:10727400488280af0400437c1880828f300103a6cb
:107284004c8280af7000638ed5004410f0818cd79f
:1072940001000424260144142800acf7010004244e
:1072a400d300641048828cf78400638e2800acf706
:1072b4005801601400000000020004242f0144104f
:1072c4008000638e01000424260164102c00a38f27
:1072d40004000324020043142800a0d7488280f746
:1072e400888294272800a0d70000868e2800acd777
:1072f40074829127208280f7a06a400f088280f769
:107304000000268e08828cd7208280f7a06a400f66
:1073140004009426040031260e009712088280f798
:10732400208280d70000868e040094262800a0f7cf
:107334002800acd7a06a400f04003126fcff268e3b
:1073440008828cd7a06a400f208280f7f4ff97163a
:10735400088280f7b081848f2082828f260180107a
:107364002482838f1880848f05000524ed00851006
:107374000600052402008514088280d7488280f71d
:107384003000a2af00f0627c3400a2af6c82868f22
:10739400a06a400f3000acd70882828f9082868f1b
:1073a400308280f73800a2af0c82828f00f0427cda
:1073b4003c00a2afa06a400f3800acd79400638ea3
:1073c4008603204619016014188280f7f88180af83
:1073d400fc8180af1880838f07000424f7006410b9
:1073e400308280d7080004240100645048828ef75c
:1073f40001002e467082868f000063440000024420
:1074040000f0647c4000a2af4400a4af4000acd7bd
:10741400008282afa06a400f048283af0881828f0a
:1074240005004018288280f72080828f2a10c2022b
:10743400030140100100d6261880828f090003241e
:10744400db0043100b000324d7004350f88180d79e
:107454000c00032488014314008280d7f88182d76a
:1074640001002246488280f72001028e7b6d400f86
:107474000000000020000224408280f7380102aea0
:107484002001028e00014230d0004014288280d7af
:10749400380061d610000224340102ae3c092046b3
:1074a400c800044520000224f88182d7008280d7d6
:1074b40001002246001080440010e0443e122046a1
:1074c400fa00084501000424380402aeef3f400fdf
:1074d400000000002a33400f000000009a45400fce
:1074e40028828cd71880838f0a00022487006210b8
:1074f40040828cd7d968400f48828cd71481828f00
:107504000300422804ff401400000000f65f400f0f
:107514000000000004818287610040180081828f8e
:107524003900401000000000fbfec0130000000002
:107534007b54400f00000000946e400f00000000d8
:10754400af70400f25884000821002002b102202e9
:10755400f9fe401411000224946e400f0000000054
:10756400af70400f258840004018020021106200cf
:10757400821002002b105100f6fe40100800022475
:1075840013000224f3fe42520800022401000524e1
:107594002000a427295b400f2000a2a30800022496
:1075a40013001224ecfe0010340102ae9c6c400f58
:1075b4002b200400300102964880838f0d000424a0
:1075c400488280af0400627c300102a61880828f5a
:1075d4004c8280af7000638e2dff4414f0818cd7f1
:1075e400108080d7010004242fff6414488280f7a0
:1075f400a06a400f9482868f2800a0f71880828f9b
:107604004d000010f08180f7946e400f00000000e0
:10761400c5ff401001000524c460400f2100a427c9
:107624002100a5830015400f252000009800628edc
:10763400d40040142100a2934800b18f9055400f0c
:107644000004242625284000295b400f000424263a
:10765400b5ff001000000000a06a400f06b32046ea
:1076640000f080440081848f00f0e0440100022493
:107674003cf7204602000324108080f701101c0010
:10768400d9fe83141c8082af946e400f000000006a
:107694008c00401401000524dffe0010f0819ef7e9
:1076a400b751400f000000005b6b400f000000006a
:1076b4006c68400f00000000db50400f0000000029
:1076c4002001028e0002427c0c0055100081828f42
:1076d4002001038eb081828f0002637c9f004010e2
:1076e40025a860009800a052488180af0081828f55
:1076f40001000324870043100000000004818397e5
:107704000a00632486ff0010048183a7388080d791
:1077140002632046d968400f48828cf777ff001037
:1077240000000000488282af15ff00104c8283af36
:10773400afff64100000000003000424dcfe4414c6
:107744008400638e2800a0d732006014488280f73a
:107754008000648e01000324e2fe8314888294274f
:107764002c00a38f06e020460000632813d0234694
:107774002800a0f7d6fe0010f08180f72800a0d7db
:1077840001000424d6fe6414488280f72c00a38fe1
:1077940006e020460000632813d023462800a0f703
:1077a400cbfe0010f08180f72fff0010488280f795
:1077b400008280d72cff0010488280f70cff001055
:1077c400488280f743ff0010380402ae5082848f51
:1077d400200011241f71400f380411ae46004010e0
:1077e4004880828f4100401010000224380411aefa
:1077f40038ff0010380102ae006082448603204640
:107804003858400f0060e3442082828fd5fe001078
:107814002482838f4462400f2800acd72800a0f74d
:107824001880828fa4fe0010f08180f71762400f49
:1078340030828cd7f88180f7e6fe001018828ed74c
:107844004800b18f4c00a28f1800a0f7188280d78f
:107854003082868f3482878fb82d45241000a0f79c
:10786400fe6e400f000424269055400f0004242689
:1078740025284000295b400f000424260881968fa8
:10788400ffffd6263900c012088196afeafe001029
:1078940025b00000010005242000a427295b400f27
:1078a4002000a2a395ff00100081828f25200000f4
:1078b40020000224ef3f400f340402ae05ff001005
:1078c40000000000c460400f2100a4272100a293ff
:1078d4005000a1d781ff4224000082442100804649
:1078e400020021464cfe0010f08180f7340411aef2
:1078f400f8fe0010380102ae2004048e40008438e3
:10790400ef3f400f8001847c10000224f1fe001040
:10791400380102ae2001028e00014230ddff4050ea
:10792400040002246270400f5082848f02000224fb
:10793400010005242000a427295b400f2000a2a3f6
:107944006eff00100081828f9667400f448180afe4
:107954004000000066ff00100081828fb56a400f6e
:10796400000000005fff0010000000005800a28f1c
:1079740003000524295b400fb42d4424affe0010fe
:107984001880828f010005242000a427295b400f62
:107994002000a2a329ff00104800b18f2e00052467
:1079a400295b400f5c2d842472fd00100000000050
:1079b4007b54400f00000000b4fd001000000000e4
:1079c40028000524295b400fc82d8424019d043c14
:1079d400019d113c0c000524295b400ff42d8424e7
:1079e400042e2426295b400f0b000524019d043c32
:1079f40004000524295b400f102e8424b56a400f2f
:107a04000080133c019d043c1e6c400f182e8424fe
:107a1400019d043c1e6c400f282e84241e6c400fd4
:107a2400042e2426019d043c1e6c400f302e842419
:107a3400019d043c1e6c400f402e84246804732670
:107a44004800b18f4c00668e019d053c502ea52444
:107a5400fe6e400f000424261e6c400f00042426f2
:107a6400019d043c12000524295b400f602e8424f0
:107a74007efd001001001e242001038e8c00648e04
:107a84000002637c2518640078fe60140a00032455
:107a940076fe431420000224340102ae78fe001066
:047aa40000000000de
:020000040000fa
:020000041d00dd
:107aa800d8ffbd271800b1af0080113c6804268eae
:107ab8006c04278e1400b0af019d053c0080103c7b
:107ac8001c00b2af0c06a5242590800000040426f3
:107ad8002400bfaffe6e400f2000b3af01000224a8
:107ae800ee014252680431269055400f00040426e6
:107af800680431260004062625284000935d400fbf
:107b0800252000000c00278e0800268e019d053ccc
:107b18002806a52400040426fe6e400f2590400088
:107b28009055400f000404262528400025204002d7
:107b3800935d400f000406261400278e1000268e41
:107b4800019d053c3c06a52400040426fe6e400f5a
:107b5800259040009055400f000404262528400039
:107b680025204002935d400f000406261c00278e46
:107b78001800268e019d053c5806a52400040426fd
:107b8800fe6e400f259040009055400f00040426db
:107b98002528400025204002935d400f000406265a
:107ba8002400278e2000268e019d053c6c06a52406
:107bb80000040426fe6e400f259040009055400fab
:107bc800000404262528400025204002935d400f2c
:107bd800000406262c00278e2800268e019d053cd1
:107be8007c06a52400040426fe6e400f2590400064
:107bf8009055400f00040426252840002520400207
:107c0800935d400f000406263c00278e3800268e20
:107c1800019d053c9406a52400040426fe6e400f31
:107c2800259040009055400f000404262528400068
:107c380025204002935d400f000406264400278e4d
:107c48004000268e019d053ca806a52400040426b4
:107c5800fe6e400f259040009055400f000404260a
:107c68002528400025204002935d400f0004062689
:107c78004800268e019d053cc006a5240004042664
:107c8800fe6e400f259040009055400f00040426da
:107c98002528400025204002935d400f0004062659
:107ca8005400278e5000268e019d053ce006a52431
:107cb80000040426fe6e400f259040009055400faa
:107cc800000404262528400025204002935d400f2b
:107cd800000406265c00278e5800268e019d053c70
:107ce800f406a52400040426fe6e400f25904000eb
:107cf8009055400f00040426252840002520400206
:107d0800935d400f000406266400278e6000268ecf
:107d1800019d053c0807a52400040426fe6e400fbb
:107d2800259040009055400f000404262528400067
:107d380025204002935d400f000406267000268e21
:107d4800019d053c1807a52400040426fe6e400f7b
:107d5800259040009055400f000404262528400037
:107d680025204002935d400f000406268000268ee1
:107d7800019d053c2c07a52400040426fe6e400f37
:107d8800259040009055400f000404262528400007
:107d980025204002935d400f000406268400268ead
:107da800019d053c3c07a52400040426fe6e400ff7
:107db800259040009055400f0004042625284000d7
:107dc80025204002935d400f00040626b400278e4c
:107dd800b000268e019d053c4807a5240004042612
:107de800fe6e400f259040009055400f0004042679
:107df8002528400025204002935d400f00040626f8
:107e08008800268e019d053c5807a52400040426f9
:107e1800fe6e400f259840009055400f0004042640
:107e280086bf123c2520600200040626935d400fa1
:107e3800252840002001468e019d053c6407a524a5
:107e48004003c67c00040426fe6e400f25984000bf
:107e58009055400f00040426252840002520600284
:107e6800935d400f000406262002468e019d053cc6
:107e78007407a524c003c67c00040426fe6e400fc8
:107e8800259840009055400f0004042625284000fe
:107e980025206002935d400f000406262003468ecd
:107ea800019d053c8407a5244001c67c00040426e6
:107eb800fe6e400f259840009055400f00040426a0
:107ec8002528400025206002935d400f0004062607
:107ed8008c00268e019d053c9007a52400040426ed
:107ee800fe6e400f259040009055400f0004042678
:107ef8002528400025204002935d400f00040626f7
:107f08009000268e019d053cac07a524000404269c
:107f1800fe6e400f259040009055400f0004042647
:107f28002528400025204002935d400f00040626c6
:107f38009400268e019d053cc407a5240004042650
:107f4800fe6e400f259040009055400f0004042617
:107f58002528400025204002935d400f0004062696
:107f68007c00278e7800268e019d053cd007a5242d
:107f780000040426fe6e400f259040009055400fe7
:107f8800000404262528400025204002935d400f68
:107f9800000406263400278e3000268e019d053cfd
:107fa800ec07a52400040426fe6e400f259040002f
:107fb8009055400f00040426252840002520400243
:107fc800935d400f00040626c400278ec000268e4d
:107fd800019d053c0408a52400040426fe6e400ffc
:107fe800259040009055400f0004042625284000a5
:107ff80025204002935d400f00040626bc00278e12
:10800800b800268e019d053c1408a524000404260a
:10801800fe6e400f259040009055400f0004042646
:108028002528400025204002935d400f00040626c5
:10803800cc00278ec800268e019d053c2408a52467
:1080480000040426fe6e400f259040009055400f16
:10805800000404262528400025204002935d400f97
:1080680000040626d400278ed000268e019d053cec
:108078003808a52400040426fe6e400f2590400011
:108088009055400f00040426252840002520400272
:10809800935d400f000406260080063c019d053cc8
:1080a8004005c6244808a52400040426fe6e400f97
:1080b800259040009055400f0004042625284000d4
:1080c80025204002935d400f000406260080063cf0
:1080d800019d053c6005c6245408a5240004042617
:1080e800fe6e400f259040009055400f0004042676
:1080f8002528400025204002935d400f00040626f5
:108108009800268e019d053c6008a52400040426dd
:10811800fe6e400f259040009055400f0004042645
:108128002528400025204002935d400f00040626c4
:108138004c00268e019d053c7008a52400040426e9
:10814800fe6e400f259040009055400f0004042615
:108158002528400025204002935d400f0004062694
:108168006800268e6c00278e019d053c8008a5249a
:1081780000040426fe6e400f259040009055400fe5
:10818800000404262528400000040626935d400fbd
:1081980025204002259840009c00228e11004014a2
:1081a800019d053ca000268eb008a524fe6e400f58
:1081b800000404269055400f0004042600040626f7
:1081c800252060022400bf8f2000b38f1c00b28fcf
:1081d8001800b18f1400b08f25284000935d400b24
:1081e8002800bd27019d023c9808438c980842242a
:1081f800000412260400448c030043aa000403bab6
:108208000800438c070044aa040044ba0c00448cbc
:108218000b0043aa080043ba1000438c0f0044aa7d
:10822800140045900c0044ba130043aa100043ba46
:10823800140045a2150043901600429025304002d4
:10824800150043a22520600216000524935d400f07
:10825800160042a2a000268e019d053cb008a52468
:1082680025204002fe6e400f259840009055400f93
:108278000004042600040626252060022400bf8f7f
:108288002000b38f1c00b28f1800b18f1400b08f7c
:1082980025284000935d400b2800bd279f6e400fa6
:1082a800000404260800268e0c00278e019d053c3c
:1082b8002806a524fe6e400f000404269f6e400f7a
:1082c800000404261000268e1400278e019d053c0c
:1082d8003c06a524fe6e400f000404269f6e400f46
:1082e800000404261800268e1c00278e019d053cdc
:1082f8005806a524fe6e400f000404269f6e400f0a
:10830800000404262000268e2400278e019d053cab
:108318006c06a524fe6e400f000404269f6e400fd5
:10832800000404262800268e2c00278e019d053c7b
:108338007c06a524fe6e400f000404269f6e400fa5
:10834800000404263800268e3c00278e019d053c3b
:108358009406a524fe6e400f000404269f6e400f6d
:10836800000404264400278e4000268e019d053c0b
:10837800a806a524fe6e400f000404269f6e400f39
:10838800000404264800268e019d053cc006a5244d
:10839800fe6e400f000404269f6e400f0004042662
:1083a8005000268e5400278e019d053ce006a5242a
:1083b800fe6e400f000404269f6e400f0004042642
:1083c8005800268e5c00278e019d053cf406a524e6
:1083d800fe6e400f000404269f6e400f0004042622
:1083e8006400278e6000268e019d053c0807a524a1
:1083f800fe6e400f000404269f6e400f0004042602
:108408007000268e019d053c1807a524fe6e400fbe
:10841800000404269f6e400f000404268000268e68
:10842800019d053c2c07a524fe6e400f0004042680
:108438009f6e400f000404268400268e019d053c93
:108448003c07a524fe6e400f000404269f6e400fd3
:1084580000040426b400278eb000268e019d053c3a
:108468004807a524fe6e400f000404269f6e400fa7
:10847800000404268800268e019d053c5807a52483
:10848800fe6e400f0004042686bf123c9f6e400f0c
:10849800000404262001468e019d053c6407a5249e
:1084a8004003c67cfe6e400f000404269f6e400ffa
:1084b800000404262002468e019d053c7407a5246d
:1084c800c003c67cfe6e400f000404269f6e400f5a
:1084d800000404262003468e019d053c8407a5243c
:1084e8004001c67cfe6e400f000404269f6e400fbc
:1084f800000404268c00268e019d053c9007a524c7
:10850800fe6e400f000404269f6e400f00040426f0
:108518009000268e019d053cac07a524fe6e400ff9
:10852800000404269f6e400f000404269400268e43
:10853800019d053cc407a524fe6e400f00040426d7
:108548009f6e400f000404267800268e7c00278e3c
:10855800019d053cd007a524fe6e400f00040426ab
:108568009f6e400f000404263000268e3400278eac
:10857800019d053cec07a524fe6e400f000404266f
:108588009f6e400f00040426c000268ec400278e6c
:10859800019d053c0408a524fe6e400f0004042636
:1085a8009f6e400f00040426b800268ebc00278e5c
:1085b800019d053c1408a524fe6e400f0004042606
:1085c8009f6e400f00040426c800268ecc00278e1c
:1085d800019d053c2408a524fe6e400f00040426d6
:1085e8009f6e400f00040426d400278ed000268eec
:1085f800019d053c3808a524fe6e400f00040426a2
:108608009f6e400f000404260080063c019d053c37
:108618004005c6244808a524fe6e400f0004042621
:108628009f6e400f000404260080063c019d053c17
:108638006005c6245408a524fe6e400f00040426d5
:108648009f6e400f000404269800268e019d053c6d
:108658006008a524fe6e400f000404269f6e400f9c
:10866800000404264c00268e019d053c7008a524b4
:10867800fe6e400f000404269f6e400f000404267f
:108688006800268e6c00278e019d053c8008a52475
:10869800fe6e400f000404269f6e400f000404265f
:1086a8009c00228e0d00401400040426a000268e93
:1086b800019d053cfe6e400fb008a5240004042669
:1086c8002400bf8f2000b38f1c00b28f1800b18f19
:1086d8001400b08f9f6e400b2800bd27019d023cff
:1086e8009808438c98084224000412260400448cfd
:1086f800030043aa000403ba0800438c070044aaf5
:10870800040044ba0c00448c0b0043aa080043ba86
:108718001000438c0f0044aa140045900c0044ba82
:10872800130043aa100043ba140045a21500439051
:108738001600429025204002150043a29f6e400f6c
:10874800160042a2a000268e019d053c252040026d
:10875800fe6e400fb008a524000404262400bf8f35
:108768002000b38f1c00b28f1800b18f1400b08f97
:088778009f6e400b2800bd2795
:020000040000fa
:020000041d00dd
:1087800088fdbd272c02b3af2802b2af2402b1afdf
:108790002510a0004402bfaf4002beaf3c02b7affd
:1087a0003802b6af3402b5af3002b4af2002b0af7a
:1087b0006802bcf76002baf75802b8f75002b6f781
:1087c0004802b4f7258880002598c0002590e00075
:1087d0002528000030000324420043102e0003240b
:1087e00064004314251800003c00228e4c00238ea8
:1087f0002b18430048006010010043243c0023aec6
:108800000000429025a0000025a8000030000324ad
:1088100046004310010003241000a0af25f0000023
:1088200025b80000253800002580000025b0000094
:10883000d0ff44240a00882c510000552e00082443
:108840002e00042450004410000000000aa0e3029f
:108850000aa8e3007f02a01020004334650004242e
:108860009e026414252020028c02a58f4346400fef
:108870001002a7af0e0040141002a78f0080043c26
:108880000c006454211082028c02a38f7e026010bf
:10889000252800004c00248e0500801025180000bb
:1088a0003c00238effff63243c0023ae25184000cc
:1088b000211082022b20540021a8a30225a04000f1
:1088c00021a895008802a0c71000a48f650080141d
:1088d00021068046000080440000e0446e02001043
:1088e000020038463c00228e4c00238e2b18430099
:1088f00005006010010043243c0023ae00004290bc
:10890000b4ff0010010005247162400f25202002f1
:10891000b0ff001001000524252020027162400fe5
:108920001002a5afb7ff00101002a58f3c00228ee9
:108930004c00238e2b1843000a00601001004324d2
:108940003c0023ae00004290ffff84262b189400c9
:10895000ffffb52625a0800021a87500abff001001
:10896000010005247162400f25202002f7ff00104e
:10897000ffff842625a00000a7ff001025a8000007
:108980000d0048140100e82634006014010003249f
:1089900025a0e00225a8e0003c00228e4c00248e99
:1089a0002b20440024008010010044243c0024ae0d
:1089b0009fff0010000042902b48170125b80001ce
:1089c0007d00082a150000112138270130004238a7
:1089d0000bf0e2020700c012801010001000a52763
:1089e0002128a2000000a58c0a000824023005718d
:1089f0002120c4001000a5272110a200000044acd3
:108a00000100d62609000224e3ffc2160100052456
:108a100001001026e0ff001025b000003000042403
:108a2000ddff44100002a28f5c041e2401004234ca
:108a3000d9ff00100002a2af252020021802a7af24
:108a40001402a3af7162400f1002a5af1802a78fe6
:108a50001402a38f76ff00101002a58f7dff001077
:108a60002e0002241300f416c21712001200f5148f
:108a7000211052000f00a01ec21712000300a01602
:108a80000a00822e0b004010c21712001f00622a3b
:108a9000030040100610640206004014c2171200c2
:108aa00000008444251800000000e3448bff001000
:108ab0002100a046211052004310020023100200a2
:108ac000c31f02002a207500050080540080023c6c
:108ad0000900a3162b105400070040100080023c30
:108ae00022000324346c43ac029d023cf0a640d427
:108af0007aff001002c6204696ff4226c31f0200de
:108b00002a20a302050080540080023c080075144e
:108b10002b108202060040100080023c2200032439
:108b2000346c43ac029d023cf1ff0010f8a640d427
:108b30000800c012801010001000a327211062004e
:108b40000a0004240900c32a1e0060540000438c5c
:108b5000010010260900c22b3700401025b8800202
:108b60002af09e023400c0171200822a3200401000
:108b700009000224caff82121000a48f0900822a71
:108b80001400401000008444251800000000e34455
:108b90000800022423a054002100a046029d023cac
:108ba00002003846b4ba422480a0140021a08202f8
:108bb0000000828e00088244210e8046b60100101b
:108bc000030038460100d62602186470ddff00104d
:108bd000000043acf7ff82268018020023104300f8
:108be000211053001f0043280300601006104400aa
:108bf00012004014ffff0326f6ff9426029d023c5c
:108c0000b4ba422480a0140021a082020000828e07
:108c10002518000000008244a10080460000844422
:108c20000000e3442100a046020038469a010010eb
:108c30000210204625806000ffff032680100300fd
:108c40001000a427211082000000428cf9ff401080
:108c5000090011241a009102f4012002108800007a
:108c60001c00201289000b3c0100820609003126fd
:108c70000800022423105100029d033cb4ba63246f
:108c800080100200211043000000468c9a3b073cf4
:108c90001000a52725180000254000002520000011
:108ca00000cae734530090540000a28c0500601005
:108cb000801010001000a42721108200000043ac97
:108cc0000100102623b8f1020900f72625880001cb
:108cd00089000b3c9a3b143c9a3b0c3c25b00000ad
:108ce00012000d245f706b2500ca943625a8000081
:108cf00001ca8c351200e22a51004014ffff1e26e3
:108d00000700ed16801011001000a327211062004b
:108d10000000428c2b104b004a0040147f00de33d1
:108d20008900043c2f0f053c9a3b063c12000824a6
:108d30005f708424000aa524010007240900092487
:108d400000cac634120030121000a3278010110090
:108d5000211062000000428c2b1844000c006014ab
:108d6000000000000c004414010022267f00423065
:108d700007000212801002001000a32721106200d9
:108d80000000428c2b104500040040101c00e32a18
:108d90009300e812000000001c00e32a25102001c7
:108da0000b10e300047047002518400007784600c8
:108db000ffffce2525102002255000006e005054e4
:108dc0008060020009004011010002267f0042304d
:108dd0007b005150ffff0226808010001000ab275f
:108de0002180700100000aae25804000d5ff0010f0
:108df00021b0c302010089241b004600f401c00019
:108e000012100000211043000500881410500000cb
:108e100003004014000000007f002831f7fff72610
:108e20001a00e600f401c0000000a2ac25202001d9
:108e30000400a524121000009aff001002184a70c6
:108e40007f00de332548000080501e001000a2275e
:108e500021104a000000488cc2100800404708005a
:108e6000217009012b40c8012140020103000015b7
:108e70002b10cc01240040142510c0012520c00176
:108e800025280001253080022538a0021c02aaaf47
:108e90001802aeafb93a400f1402a8af1802ae8f55
:108ea0001402a88f253080022538a0022520c00199
:108eb00025280001a83b400f1002a2af8900033c07
:108ec0001002a98f1c02aa8f5f706b349a3b033c7f
:108ed00012000d2401ca6c341000a32721506a002f
:108ee000ffff03267f00633009007e14000042adbf
:108ef0000900d153251820020a80c203ffffde2794
:108f0000d1ff00107f00de33f3ff00102548000082
:108f1000fbffd157ffffde2776ff2051e3ffd62668
:108f2000ffff31267f0031320c001116ffff622453
:108f30007f0042301000a427801002008028030028
:108f400021108200212885000000a58c0000448c9f
:108f50002580600025208500000044ac80101100b1
:108f60001000a327211062000900f726000049ac79
:108f700060ff0010e3ffd6261000ab2721586c01dc
:108f800000006b8d06686b002150aa01050051148a
:108f900001004d24040040551000a2277f00b1318c
:108fa000f7fff7261000a22721604c0000008aadd1
:108fb0002450cb0102504f7180ff00107f00a2317e
:108fc0007f0042301000aa278010020021104201c9
:108fd00000004a8c01004a3584ff001000004aacb2
:108fe00007003016010024267f009030ffff022684
:108ff000801002001000a32721106200000040ac86
:109000001000a22780281100212845000000a28c12
:109010002518000000b080440000824400b0e04405
:109020000000e3447f0082302105a04608000216bc
:1090300000a53646010010267f001032ffff0326f0
:10904000801803001000a42721188300000060ace2
:10905000801002001000a327211062000000448c41
:1090600025280000029d023c0000844400a742d451
:109070000000e5443500d5262100a04621a5024c7c
:1090800023a0b2022a1093026300401002c53446a6
:109090006400800601001e2425b8800200d08044b0
:1090a0003500e22a00d0e0441500401006d72046e3
:1090b000029d023c08a75cd4690006242330d70037
:1090c0006b66400f06e32046060320460970400ffa
:1090d00086a3204606e32046350006242330d70029
:1090e0006b66400f86062046860320461770400fa9
:1090f00006a3204601a520460607204600d5344693
:10910000020022267f0042301d0050101000a327cd
:1091100080100200211062000000438ccd1d023c33
:10912000006542242b2062004000801000000000f7
:1091300004006014030031267f0031320500301234
:1091400035000224029d023c10a740d421c7804f65
:109150003500022423105700020042280800401462
:10916000029d023c08a758d406e320461770400f22
:1091700086c32046320036460100034500e73846e4
:109180002390120000a53c4623985302ffff62265d
:1091900000f0b57e2aa8a2021a00a01681a63a46bf
:1091a0001070400f06d32046029d023c28a742d4ef
:1091b0003e112046090004453400c2260200c013b7
:1091c00026a097022bf01400029d023c20a740d459
:1091d0000100d62682d620463400c226030073261c
:1091e0002a985300050060520080023c0500c0131d
:1091f00032e23646030009450080023c2200032487
:10920000346c43ac06d320461e70400f2530c0029c
:10921000220000104402bf8f25b860029fff00109b
:1092200025f00000a2ff001025b8000004006250e5
:1092300003003126029d023cc4ff001018a740d451
:109240007f003132fbff3016029d023cbfff001051
:1092500020a740d4090040040080023c4c00228e2c
:1092600004004010000000003c00228effff42245a
:109270003c0022ae93fda0140080023c16000324a3
:10928000346c43ac25280000b56e400f2520200229
:10929000000080440000e0444402bf8f4002be8fc3
:1092a0003c02b78f3802b68f3402b58f3002b48fcc
:1092b0002c02b38f2802b28f2402b18f2002b08f0c
:1092c0006802bcd76002bad75802b8d75002b6d7e6
:1092d0004802b4d70800e0037802bd27dfff41044d
:0c92e0008802a0c779fd00101000a48fc8
:020000040000fa
:020000041d00dd
:1092ec00000080440300a22c750240100000e044f2
:1092fc00029d023cb0ba422480ffbd272110a2007f
:10930c005400b7af00005780029d023c4028050076
:10931c00a8ba42242128a2004800b4af0000b484ab
:10932c004400b3af3800b0af5c00bfaf5800beaf65
:10933c005000b6af4c00b5af4000b2af3c00b1af7f
:10934c007000b8f76800b6f76000b4f72598c00055
:10935c00258080003c00028e4c00038e2b184300ad
:10936c0036006010010043243c0003ae0000569010
:10937c0020000224f7ffc212f7ffc2260500422c80
:10938c00f4ff40142b0002240500c212251000002b
:10939c002d0002240b00c21601001224020002242c
:1093ac0001001224239042024c00038e3c00028eda
:1093bc002b18430025006010010043243c0003ae31
:1093cc0000005690029d153c2588000060c3b52610
:1093dc002118b102000063802000c2361f00431028
:1093ec0003000224050022120400222e4000401427
:1093fc0000000000e40060524c00028e4c00038e12
:10940c0004006010000000003c00028effff4224ac
:10941c003c0002ae1f006012030004241e00241244
:10942c00ffff0224fdff6010ffff31263c00028e7f
:10943c00ffff4224f9ff00103c0002ae7162400fa6
:10944c0025200002caff001025b040007162400fb9
:10945c0025200002dbff001025b04000070002248d
:10946c0009002252010031263c00028e4c00038e72
:10947c002b1843001a006010010043243c0003ae7b
:10948c00000056900100312608000224d1ff22165c
:10949c002118b102ffff0224fe014212029d023c80
:1094ac0040a740d45c00bf8f5800be8f5400b78fcc
:1094bc005000b68f4c00b58f4800b48f4400b38f6a
:1094cc004000b28f3c00b18f3800b08f7000b8d71d
:1094dc006800b6d76000b4d70800e0038000bd2751
:1094ec007162400f25200002e6ff001025b04000fd
:1094fc00a4002016029d153c6cc3b5262118b102a0
:10950c00000063802000c236400043100200022499
:10951c009c00201630000224d501c21625a8e002ba
:10952c003c00028e4c00038e2b1843009c006010f4
:10953c0000000000010043243c0003ae00004290f8
:10954c002000423478000424c40144144c00038edf
:10955c003c00028e2b184300950060100100432440
:10956c003c0003ae00004290254000003000032474
:10957c00930043102e0003249e00431025f000009e
:10958c00253000002538000000b08044029d163cb8
:10959c0000b0e04408a7d8d606b520462518000030
:1095ac002528000025480000d0ff4a240a00442d3d
:1095bc00b6008014200044349fff84240600842cc1
:1095cc00b20080142e000424b300441000000000ec
:1095dc00fb0000550af067004c00028eb0014010f1
:1095ec0000000000ef0060123c00028e0200e0540c
:1095fc00fdff4224feff42243c0002ae00009244d8
:10960c0021008046a7ff00100200344609002252b8
:10961c00010031263c00028e4c00038e2b184300b7
:10962c0010006010010043243c0003ae0000569073
:10963c000100312603000224b1ff22162118b102c9
:10964c003c00038e4c00028e2b106200090040542b
:10965c00010062247162400f2520000208000010f6
:10966c00280042387162400f25200002f0ff0010e4
:10967c0025b040003c0002ae000062902800423849
:10968c002b1002000a004010010011244c00028e25
:10969c00040040543c00028e029d023c81ff0010ed
:1096ac0038a740d4ffff4224fbff00103c0002ae61
:1096bc003c00028e4c00038e2b18430011006010ee
:1096cc0000000000010043243c0003ae0000429067
:1096dc00d0ff43240a00632c0800601425184000b6
:1096ec004429037cbfff63241a00632c030060141d
:1096fc005f0003240700431429000324ecff00102f
:10970c00010031267162400f25200002f1ff00108c
:10971c00d0ff4324e1ff4310029d023c4c00038e1a
:10972c0004006010000000003c00028effff422489
:10973c003c0002ae0f006016000000000080023cee
:10974c0016000324346c43ac25280000b56e400f82
:10975c00252000020000804452ff00100000e0446d
:10976c0004006010ffff31263c00028effff4224f4
:10977c003c0002aefaff2016029d023c49ff00108d
:10978c0038a740d44c00028eedff40100080023c04
:10979c003c00028effff4224e8ff00103c0002aeaa
:1097ac007162400f2520000266ff00102000423439
:1097bc007162400f252000026cff00102540000054
:1097cc003c00028e4c00038e2b18430005006010e9
:1097dc00010043243c0003ae0000429063ff0010e4
:1097ec00010008247162400f252000025fff001069
:1097fc00010008243c00028e4c00038e2b18430001
:10980c000a006010010043243c0003ae00004290ab
:10981c0025f0000025300000300003240800431020
:10982c000100072459ff001000b0804425200002dd
:10983c007162400f1800a8aff5ff00101800a88f38
:10984c003c00028e4c00038e2b1843000a00601063
:10985c00010043243c0003ae00004290ffffc427ec
:10986c002b189e00ffffc62425f0800021306600d7
:10987c00e9ff001001000824252000027162400f4e
:10988c001800a6aff5ff00101800a68f2e000424b8
:10989c00110044143a0044280501e01425506000de
:1098ac002558a000010007243c00028e4c00048eb9
:1098bc002b2044002a008010010044243c0004aefc
:1098cc000000429025f060002530a00025184001d2
:1098dc0035ff00102528600102008014200042345e
:1098ec00a9ff4a241600a01c000000000300a014cd
:1098fc000800622c0a0040100e00622c0089110036
:10990c002188510101006a242b184301215865005c
:10991c00010008242518c003e3ff00102528c0000f
:10992c0007004010029d023c48a740d402c62046c6
:10993c0000008a4421008046f2ff0010a105d84e99
:10994c00f1ff401101006a24efff2015029d023c3b
:10995c0020a740d401000924ebff0010a1c5c04e84
:10996c00252000023000abaf2c00aaaf2800a5af19
:10997c002400a3af2000a8af1c00a9af7162400f58
:10998c001800a7af3000ab8f2c00aa8f2800a58f32
:10999c002400a38f2000a88f1c00a98fc9ff0010e2
:1099ac001800a78fffff42243c0002ae25280000c0
:1099bc00b56e400f2520000211ff001000009244ec
:1099cc000a30a7000600a05c200042341600a01448
:1099dc000800642c1500801401006424200042341b
:1099ec00700003243a00431425286002252000024d
:1099fc004346400f1800a6af140040141800a68f61
:109a0c000080043c11006414000000004fff601241
:109a1c00252800004c00038e090060543c00038e86
:109a2c000900001025100000010064242b3883006d
:109a3c000089110025188000e2ff00102128e500a4
:109a4c00ffff63243c0003ae25180000ebfe201240
:109a5c00f8ffc4272bf09e00ffffc62421f0c6039d
:109a6c00822f040080f01e008020040025f0be0030
:109a7c00211082002b2044002118c303232814003a
:109a8c0021188300c32705002a3883002580400055
:109a9c000500e01425306000140064142b28a2008b
:109aac001300a01096ff84260080023c22000324a1
:109abc00346c43ac029d023c00009244f0a642d4ac
:109acc00210080460200224676fe0010020022464b
:109adc004c00028edcff4050251000003c00028e32
:109aec00ffff4224ceff00103c0002ae96ff8426fe
:109afc00c32f04002a3865000500e0540080023ca6
:109b0c005200a3142b204400500080100080023c13
:109b1c002200032400009244346c43ac029d023cae
:109b2c0021008046e7ff0010f8a642d43e003646de
:109b3c00440000454088110001b122460100312645
:109b4c0080b52446ffff04262b109000ffffc32492
:109b5c002580800021304300f4ff210620000426dc
:109b6c002b1090002118460023289400c3171400d2
:109b7c00231062002b208500c33f170023104400e4
:109b8c00000092442a184700050060142106804604
:109b9c000700e2142bb8b7000600e0520000804426
:109bac0023a01402200095260500a20625a800007b
:109bbc00000080443500a22a120040100000e0444e
:109bcc0008a7ccd6540006246b66400f2330d50072
:109bdc000603204686c320460970400f2000b52a94
:109bec000800a01232b134460600054501002232ad
:109bfc00050040140008914400b080440100312657
:109c0c0000b0e04400089144251800000008e3442b
:109c1c00210ba0462163184c21c3964d01632046ad
:109c2c0032623446030008450080023c22000324c3
:109c3c00346c43ac1e70400f253000021afe00102d
:109c4c005c00bf8fbfff001080b53646029d023c02
:109c5c0020a740d4c0ff001008a7c2d60500605052
:109c6c001400b3af3c00028effff42243c0002ae56
:109c7c001400b3af1000b2af253880022530e002db
:109c8c002528c002e021400f2520000206fe00100e
:109c9c005c00bf8f029d023c02fe001030a740d436
:109cac0057fe60560000924441ff0010252800002a
:109cbc0044ff00152e00022448fe00104c00028eba
:089ccc000800e00300000000a5
:020000040000fa
:020000041d00dd
:109cd400a8ffbd276000aef72c00b2af6400b28fbe
:109ce4006000a48f3800b5af00f0557e2510a402a3
:109cf4004400bfaf4000b7af3c00b6af3400b4afd0
:109d04003000b3af2800b1af2400b0af4800b4f7bf
:109d1400170240105800acf75c00b68ff03f023ccd
:109d24005800b78f2600c21600f0d37e1102e0124d
:109d3400019d023cf07f033c010062242a10a20230
:109d4400280040105800a0d70300a3166000b08f6d
:109d5400250080146000a1d76400b18f3800c106cb
:109d64005800b4d74043023c2a10a20254004010c9
:109d7400f03f023c2a10a202000240140315150011
:109d840001fc4324150062281a0040143400022404
:109d94002310430006184400041043000400441434
:109da40025a00000010063300200142423a08302d4
:109db4001b008010f03f023c570000100000000020
:109dc400f07f033c010062242a1062020500401067
:109dd4005800a0d7d9ff631601006224d8ffe052cf
:109de4002a10a2026000a1d700002146270000101b
:109df4001000a0f74700801414000224231043002d
:109e040007185500041043000400a21625a0000002
:109e1400010063300200142423a08302f03f023cbb
:109e24003000a2160040023c180041061000b4f7ae
:109e3400019d023ca07140d4ecff001003003446a5
:109e440025a0000034008014f07f023cf3ffa2162a
:109e540010c0023c2110620225105700c4014010ba
:109e6400f03f023c2a986202170060561000a0af2f
:109e740000008044000890440000e0440008f144dd
:109e84000000522a530032461000a1f74400bf8f4d
:109e94001000a0d74000b78f3c00b68f3800b58fb4
:109ea4003400b48f3000b38f2c00b28f2800b18ff0
:109eb4002400b08f4800b4d70800e0035800bd2741
:109ec400e0ff001002001424f0ff41061400a0afcc
:109ed4000080023c261051001000b0afebff0010d0
:109ee4001400a2af03004216e03f023cbfff001083
:109ef40002a0344608004216000000000600c00616
:109f0400000000005d49400f06a32046dfff00105b
:109f14001000a0f725a000007a70400f06a3204689
:109f24002200e0161000a0f70400601200e8c27ed0
:109f3400f03f033c1d0043140000000005004106ef
:109f4400019d023c1000a1d7a07140d4030021461a
:109f54001000a0f7cdffc10610c0023c2198620298
:109f640025987402070060161000a0d70080023cf8
:109f74002100032401002046346c43ac9bff0010f5
:109f84000300204601000224c0ff82161000a28fa5
:109f94001400a38f1800a2af0080023c26104300d7
:109fa4001c00a2af91ff00101800a0d72000c1062a
:109fb400019d023c060080160080023c01a5344647
:109fc40021000324346c43ac88ff001003a0344602
:109fd4000100022415008216019d023ca87154d48c
:109fe400e041033c010063242a18a302bc0060146e
:109ff400f07f023cf043023c010042242a10a202fa
:10a0040011004014f03f023c2a9862020a006012d8
:10a01400000000000a004106019d023c019d023c33
:10a02400b07140d471ff001002002046019d023c33
:10a03400ebff0010a07154d4f8ff401e019d023cb8
:10a04400f8ff0010b87140d4ef3f023cffff4234e8
:10a054002a18620208006010020042240c00410623
:10a06400019d023c019d023cb07140d402a52046f2
:10a074005eff0010020034462a9862020600601651
:10a08400019d023cf8ff401e019d023c019d023ce3
:10a09400f6ff0010b87140d4a07140d41000a1d7cd
:10a0a400019d023cc07146d401082046019d023c3a
:10a0b400d07144d4019d023cd87142d4020124469b
:10a0c400019d023c8201264601112446e07142d4de
:10a0d400019d023c022120468110244602012046b3
:10a0e40082102446e87144d4019d023c8210244627
:10a0f400c87144d4251000002900444c0020824437
:10a1040040302046000865440020e544812126466d
:10a114000100264600089044251000000008f14480
:10a1240000308244020021460030f2449040023c58
:10a13400810826462110044c02212646400024466c
:10a1440000086544000804442a18a200f3006014bf
:10a154002538a0002310a20025104400c1ff40149c
:10a16400019d023c00088444487242d40008e5443e
:10a1740080002246810924463c302246baff01452c
:10a18400019d023ce03f033c00f0e27c01006324bb
:10a194002a1843001800601425300000031502003b
:10a1a4001000053c02fc4224071045002110470022
:10a1b4000055437c0098467c01fc64242518c500a6
:10a1c400140006242330c4000200e1040730c30055
:10a1d400233006000f00033cffff6334071883009d
:10a1e4002520000027180300000884442428620066
:10a1f4000008e54401212146402020462580000036
:10a2040000309044019d023c00086344507242d4e3
:10a214000030e344019d023c013124468230224651
:10a224000025060001002446607244d4019d023cce
:10a2340082312446587244d4019d023c2100c44c0e
:10a244000011204682212446812022460100224614
:10a25400687242d4019d023c707248d4019d023c54
:10a264002120004ca930024d787248d4019d023c53
:10a27400a110064d807248d4019d023ca910064de0
:10a28400887248d4019d023ca110064d907248d4b6
:10a29400019d023c821026468120224682212246cc
:10a2a400811028468330224681102046a07140d474
:10a2b40081102446010022461000a0f71400a28f4a
:10a2c4002120820003150400a600401c1000a58f65
:10a2d4006b66400f06032046c4fe0010020034469d
:10a2e40024b0c2020800c01625100000019d023ce3
:10a2f400f07140d41000a1d7cbff022402082046fd
:10a304001000a0f71400b38f0325130001fc84246c
:10a31400212082000300023c0098737e8f9842340f
:10a32400f03f063c2a106202253066020a004014ff
:10a33400253800000b00023c7ab642342a986202a7
:10a344000500601601000724f0ff023c010084248c
:10a354002130c200253800001000a58f029d023c68
:10a3640010ba422400608544c02807008101a24c31
:10a374000060e644019d023c00302c46a07148d4a4
:10a3840081622646254000000342204643300600f1
:10a39400803c070002502846000063440000024449
:10a3a400000088440020083c2530c8000800083c10
:10a3b4002130c80025400000002088442148c700ff
:10a3c4000000e3440020e94400088244820024465b
:10a3d400012126460008e344019d063cf871c6d4d9
:10a3e40001612446019d063c8152224602212046f9
:10a3f4000072c2d4019d063c015124460222284623
:10a4040002092146a121464c0872c2d4019d063c92
:10a41400a131444c1072c2d4019d063ca131444c7c
:10a424001872c2d4019d063ca131444c2072c2d49e
:10a43400019d063ca131444c80082046022124465b
:10a44400821028462131444c820020462872c6d40a
:10a454002530000080122646405024460050864491
:10a4640000086944000882440050e9440008e344b9
:10a474008151264602002a462510000081302246da
:10a484000121224682402a46a120414c00208244d8
:10a49400019d023c307246d4019d023c400022469c
:10a4a40000086744000884440020e744029d043cfb
:10a4b400012020468221264600ba84240102a44cad
:10a4c40081102046407240d4019d023c25200000aa
:10a4d40002202046387244d4029d023cf0b9422442
:10a4e4002110044c8100a24c00002246a1088046a1
:10a4f4000031204600212846402022460020844482
:10a50400000863440020e344812022468110284649
:10a5140081102646fffe00100100224600f0a37cb5
:10a5240000cc42342a10620016ff40146f3f023cf4
:10a53400003442242110a20025104400d4fe40140b
:10a54400019d023c000884440008e5448108244637
:10a554003e0122460cff0445e03f033cc3fe0010cd
:10a56400b87140d400008544c1fe00100000e444ea
:10a57400019d023c1dfe0010a07140d40cfe001091
:04a5840025a000000e
:020000040000fa
:020000041d00dd
:10a5880068fdbd27ecffc2287002beaf7402bfafe2
:10a598006c02b7af6802b6af6402b5af6002b4af81
:10a5a8005c02b3af5802b2af5402b1af5002b0afc1
:10a5b8008802b8f78002b6f77802b4f725f0a00051
:10a5c8000600401425180000fdffc32418000224cb
:10a5d8001a006200f401400012180000a802a28fbd
:10a5e800019d083c485a08258010020021104800a7
:10a5f8000000558cffffe82423606800019d0b3c98
:10a608002168a8025001a9272510800140596b250f
:10a6180023504c002a50aa01870040111000b62789
:10a62800c04807005001a227214849002560c00200
:10a63800255800002a50ab029800401101007124ef
:10a64800e8ff09240210297280b815002598a00295
:10a6580021884600029d063c30bad4d4029d063caf
:10a6680038bad6d4f001a22721b85700c030130059
:10a678000103d64c029d063c20bac2d4029d063c7a
:10a6880028bac4d4f001b02725500002254860023a
:10a698008700201d25302002a402a7af9802a4af8e
:10a6a8004802a8af6b66400f4002a3af02033446ce
:10a6b8009e62400f06062046020036464002a38fdf
:10a6c8004802a88f9802a48fa402a78f01c620462b
:10a6d8000dc0204600001444210080468100201a45
:10a6e80001c62046ffff6626803006002130c602dc
:10a6f800e001d28c18000924235031010748520187
:10a7080021a089020448490123904902e001d2ac02
:10a71800170006242330d1000790d2002200405aa7
:10a7280000008044ff000b3c0100942625500000e7
:10a7380025480000ffff6b3500010c3c2a3053010f
:10a748007600c014000000000500201a010006244d
:10a75800810026120200062486002612ffff6626c4
:10a76800020006240f004616029d063c48baccd4c7
:10a778000c0020110166384625302002a402a7af3c
:10a788009802a4af4802a8af6b66400f4002a3af7f
:10a7980001c62046a402a78f9802a48f4802a88f5a
:10a7a8004002a38f000080440000e04432c12046ec
:10a7b800a6000445ffff702625300002254800004a
:10a7c8002a50d50070004051805006009500205155
:10a7d8002530e00280181000f001a227211843005c
:10a7e8000000638c97006010e8ff3126029d033c4f
:10a7f80048ba6cd46b66400f25302002029d043c99
:10a8080020ba84d425180002ad0061042520000276
:10a81800019d093cc5008004c0300400000080444c
:10a82800005928252130d6000000e04425380000d2
:10a83800b4000010231804020000804406004004fd
:10a848000000e0448050020021506a0100004a8d57
:10a8580000008a4421008046000020f501004224bf
:10a868006bff001008002925c0700a008100c44d44
:10a878000000a1d501004a252110014c2a700a01c7
:10a88800f9ffc011f8ffad25000080f501006b2528
:10a8980008008c2567ff0010080029250000804467
:10a8a800256820010000e044f4ff00102550000056
:10a8b80002602246ffff2925c030090004004a250e
:10a8c8000d00204621008046820124460163264669
:10a8d8004d6020460103d64cfcff41e56cff00109b
:10a8e80000032c4606002016ffff6626803006006f
:10a8f8002130c602e001d28c88ff0010c3951200f7
:10a90800029d063c40bac0d43e003846a5ff00452b
:10a918002590000083ff0010020012240a00201571
:10a928000000068e0500c05001004a25233086012c
:10a93800000006ae0100062401004a250400102686
:10a948007eff00102548c00023306601000006aed7
:10a95800f9ff001025302001ffff66268030060031
:10a968002130c602e001ca8c00b04a7d7cff00108d
:10a97800e001caac803006002130c602e001ca8c72
:10a98800faff001000a84a7df001a22721504a00d2
:10a9980000004a8dffffc62489ff001025482a01c0
:10a9a80001004a25fcffc6240000c98cfcff2011c9
:10a9b8005001a22721306702c0300600019d0b3ce0
:10a9c800010069262130460021986a0240596b250a
:10a9d8002a50690225ff40152150690080500a005d
:10a9e80021506a0100004a8d2560c00000008a4499
:10a9f80025500000210080460000c0f4000080447b
:10aa08000000e0442a680a010800a011c0680a0092
:10aa1800c05009000900564d01002925ecff00101f
:10aa28000800c624dfff001001000a24000081d5b9
:10aa38008100a44d01004a25f8ff8c25f1ff001084
:10aa48002110014c63ff0010ffff102606c32046ab
:10aa58006b66400f23301100029d033c28ba64d472
:10aa68003e2220461100084580181300029d043c30
:10aa780020ba82d4010070262120c3028200224617
:10aa8800801810002118c302180031264d102046e6
:10aa9800a108804682102446010022460d00204667
:10aaa800e00180e451ff0010e00161e42120c302cd
:10aab8000d002046e00180e44cff00102580600274
:10aac80080200300f001a227212044000000848c8c
:10aad800c0300300ffff632400088444a1088046b7
:10aae800821020460200244647ff00100910d64c69
:10aaf8000000c1d40100e724080008252110014cfa
:10ab08000800c6242a50a702030040152a506700ef
:10ab1800f7ff4051000002d5c01803002118c302f6
:10ab2800a00060f43bff0010ffff8424a802a28f5e
:10ab38000300422815004010a802a28f6a00405c5a
:10ab480025100002420040504002a0af7402bf8f9f
:10ab5800070082327002be8f6c02b78f6802b68f10
:10ab68006402b58f6002b48f5c02b38f5802b28f53
:10ab78005402b18f5002b08f8802b8d78002b6d77e
:10ab88007802b4d70800e0039802bd27a802a38f73
:10ab980003000224edff6214b000a827c0101000c3
:10aba8002110020125184000252000025a00801caf
:10abb800f8ff632425180002020064285f00801053
:10abc800f8ff422425300000253800000200022a40
:10abd80063004010b000a48fb400a58fb800a88f00
:10abe800bc00a98f670040160000c4af0400c5afc1
:10abf8000800c8af0c00c9af1000c6afd3ff0010e3
:10ac08001400c7af4002a1d70100434cffff102634
:10ac1800000820464002a0f7faff0106c010100005
:10ac2800080040124002a28f4402a38f4802a2af3c
:10ac38000080023c261043004c02a2af4802a0d775
:10ac48004002a0f74002a0d7c0ff00100000c0f7e4
:10ac58004402a0aff0ff0010b000a3274002a1d724
:10ac68000100644cffff4224000820464002a0f780
:10ac7800faff4304c01802004002a28f05004012e8
:10ac88004402a38f4402a58f4002a28f0080063c95
:10ac98002618c500b000a0d74002a1d70000c2af57
:10aca8000400c3af01002146010006240000084447
:10acb800000069442a3806020f00e01008008424c6
:10acc800060040120080023c261049004002a8af4e
:10acd8004402a2af4002a88f4402a98f0800c8af5f
:10ace8009aff00100c00c9af4002a0af4402a0af09
:10acf800dfff0010b000a42700088844000080d4bb
:10ad08000008e9440100c624000820460000084461
:10ad1800e8ff001000006944000060d4080061d416
:10ad2800ffff84248000214601002246000062f4cf
:10ad3800000021469dff0010080060f4000040d488
:10ad4800080041d4ffff6324800021460100224609
:10ad5800000042f40000214697ff0010080040f46c
:10ad6800c0101000000886440100484c0008e74461
:10ad7800ffff1026000820460000064493ff00103d
:10ad8800000067440080023c261845000400c3af59
:10ad980026184900261047000800c8af0c00c3afaa
:0cada8001000c6af69ff00101400c2af1d
:020000040000fa
:020000041d00dd
:10adb40068ffbd27a400a7af0000c0d41000a28c78
:10adc4007800beaf1800a0f7000080441800a1d797
:10add4000000e0446400b3af3c0820466000b2af1a
:10ade4005c00b1af5800b0af7c00bfaf7400b7af28
:10adf4007000b6af6c00b5af6800b4af8800b6f7aa
:10ae04008000b4f79800a4af2588a0000000b28c9d
:10ae14000400be8c0800b38c4000a2af08000145ba
:10ae24000c00b08c04004232390040140800543243
:10ae34000f00801225b060020a00001020000224d6
:10ae44001800a28f1c00a38f2000a2af0080023c38
:10ae5400261043002400a2af2000a1d72d00022415
:10ae64001800a1f7000002a2ffff762601001424b7
:10ae74001c00a28f1800a48f2118140200f0427c39
:10ae8400270080142800a3aff07f033c250043145f
:10ae9400f07f053ca400a28fbfff51241a00312e7d
:10aea4001d002012029d053c029d053c50c3a524b3
:10aeb4008952400f2800a48f9055400f252000028e
:10aec4009800a48f1000b2af253860022528000234
:10aed400aa5b400f253040007c00bf8f7800be8ff6
:10aee4007400b78f7000b68f6c00b58f6800b48f94
:10aef4006400b38f6000b28f5c00b18f5800b08fd4
:10af04008800b6d78000b4d70800e0039800bd27b6
:10af1400d4ff00102b000224e5ff001054c3a52425
:10af2400f07f053c0100a3242b184300050060506a
:10af3400a400a28f0c0045141800a1d70a008010a9
:10af4400a400a28fbfff51241a00312e0400205206
:10af5400029d053c029d053cd5ff001058c3a52465
:10af6400d3ff00105cc3a524029d053c029d023c56
:10af7400320920462c00a2afe0beb4d41f00044521
:10af840025a80000a400a48ffb6f400f2000a5afec
:10af94002014027c2000a58f3401c007670004241c
:10afa4002900441425b840000100c05301001e24a8
:10afb400fcffa42a030080142a20be022501801469
:10afc400000000002a000010650017240605204632
:10afd4000100b52602a022461800a1d73c0a20464b
:10afe400faff08452c00a38f029d043c25100000a5
:10aff400f0be80d40f000010e8be62d4f5ff00104c
:10b00400e8be42d4d4fea42a0800805003a52246f8
:10b01400050040141800a1d702a52046010002240f
:10b02400420820461800a1f703a52246ffffb526d3
:10b034001800a1d73c0b3446f2ff0d45a400a48fa1
:10b04400d1ff001000000000660004240800e4168c
:10b054000100de270300a10667000424e0beb4d487
:10b0640025a80000020044106600172421f0d5032f
:10b074001800a0d786a52046252800002000a0f7a8
:10b084002000a0d74c00a5af4800a2af9e62400f9d
:10b09400030336462000a28f0080073c4d00204663
:10b0a4003000a2af2400a28f4400a1e786b320465b
:10b0b4002610e2003400a2af3000a1d706032046d8
:10b0c400202d400f1000a1f700006d440080073cc4
:10b0d4002610ed002400a2af2c00a28f4c00a58ff7
:10b0e40000000c44e8be40d40100a5242000acaf0d
:10b0f40083b52046e2ffc5174800a28f029d043c99
:10b10400f8be8ed42000a0d782b32e463c042e462f
:10b114005e00114532052e46050014454400a38ff8
:10b12400000080440000e04401006430920324469f
:10b134002c00a38f1800a0d7e8be76d400002e46ba
:10b1440082a53646000004443eb620465200184507
:10b1540000006544660007245000e7160100b52688
:10b164000100de272548a00223183e011800a3afe2
:10b1740025f0800225600000257800001800a38fc8
:10b18400060069102568c00310002a8efbff4a25bb
:10b194002b50ca0346004055000084440600e015c5
:10b1a400100042320400401021680d022e000224d7
:10b1b4000100de270000a2a121201e026500022456
:10b1c4002200e216000080a00300a106252800004a
:10b1d40023a81500010005244000a28ffeffcc2601
:10b1e4000a000b24ffff422421480202000020a190
:10b1f400020009248600a016213089018400201d44
:10b204002b0003242d0009240b1825012528600098
:10b2140021180202ffff65a0a400a38ffeff4224b1
:10b2240021280202bfff71241a00312e4500032495
:10b234000bb871002a38c2030000b7a00300e01065
:10b24400feffd6248952400f000000000300423262
:10b254000200032418ff43140000000016ffc01a64
:10b26400000000009055400f252000022a185400c9
:10b27400710060102530c0022800a48f7963400f4c
:10b28400300005240cff0010259800000070804455
:10b29400a7ff00100070e04486a520466500e93a47
:10b2a4002518a0020a180900afff00102548600005
:10b2b4005000a2af0000e5444c00acaf0303364697
:10b2c4004800afaf4400a9af3000adaf2000a4af39
:10b2d4009e62400f2400a5af4d00204600080a449a
:10b2e40009000e240a0058290a50d80110004e32d1
:10b2f4002570ca012000a48f2400a58f3000ad8fd3
:10b304004400a98f4800af8f4c00ac8f0b00c015d0
:10b314005000a28f67000e2408004e1400000000a5
:10b324001d00200501008e252568c00321c01e02d2
:10b33400257080010f00001030001924fbffe05538
:10b344002568c003f9ff23052568c00321680d02a1
:10b354002e000e240100de27ffffd6260000aea13a
:10b36400f1ff001001000f24000019a3ffffce25f8
:10b3740001001827fcffc015ffffc62621680d0237
:10b384000100c7272168ac0130004a2523b0cc0056
:10b3940021f0ec000000aaa100800a3c4c00a2affe
:10b3a400261045013800a4af3c00a2af3800a1d755
:10b3b40086b32046060320461000a1f74800aeaf2e
:10b3c4004400afaf3000a9af2000a4af202d400f40
:10b3d4002400a5af2c00a28f00000c4400006d4493
:10b3e4003000a98fe8be40d44800ae8f00800a3cec
:10b3f4002520800126284d0183b52046ffff2925fd
:10b404002560c0014c00a28f5cff00104400af8f88
:10b414001a00ab02f4016001ffff42242130020252
:10b42400ffff29251050000030004a250000caa063
:10b4340070ff001012a800002118020200006480ae
:10b444002118c20221180302000064a087ff001023
:10b45400ffff422403ffa10667000424fafe001044
:10b4640066001724d2fe001006001e24d0fe4410ed
:0cb4740006001e24f4fe001025b8400065
:020000040000fa
:020000041d00dd
:10b4800068ffbd2700600644006067443000a427c1
:10b490009800acf78400bfaf6000b0af8800b4f78d
:10b4a000a000aef7a800b4d78000beaf7c00b7af55
:10b4b0007800b6af7400b5af7000b4af6c00b3af36
:10b4c0006800b2af4866400f6400b1afa000aed7cd
:10b4d0002000a427007006444866400f00706744af
:10b4e00000a0064400a067444866400f1000a4274f
:10b4f0003800b08fa000aed7cb03022a0500401061
:10b500009800acd72800a68fcb03c22803004014b4
:10b510001800a28f0600001021658e4ecb03432831
:10b5200011006014cb0303240100435421658e4ea7
:10b530008400bf8f06a020468000be8f7c00b78f9e
:10b540007800b68f7400b58f7000b48f6c00b38f25
:10b550006800b28f6400b18f6000b08f8800b4d7ec
:10b560000800e0039800bd273000a88f2000aa8fb4
:10b570002400a48f3400ac8f19000a012180060238
:10b5800023905000127000004000aeaf4000b78f13
:10b59000107800004400afaf4400a38f19000401ed
:10b5a000124000001048000019008a0112500000eb
:10b5b00021b00a012b28c8021058000021502b018d
:10b5c0002128aa00190084012158c3022b206301fd
:10b5d00012600000212885012120a40010680000cd
:10b5e0002b50ac0021504d012b1885002588800080
:10b5f000a500401a21506a004000432a1000a98f7c
:10b600006d0060101400a88f25202001252800015e
:10b61000253040025400aaaf5000abafa000aef7f7
:10b620009800acf74c00a9afd56d400f4800a8af0b
:10b630004c00a98f4800a88f400006242520200137
:10b64000252800012330d20025984000c66d400f08
:10b650004000a3af4000a78f9800acd7a000aed7a2
:10b660005000ab8f5400aa8f254840002540600051
:10b670002c00a28f3c00b28f269042021c00a28fa9
:10b68000ac00521421f077022b18d30321b0eb0049
:10b6900021b076002b10c7020700401401000524da
:10b6a0000500f654252800002b98d30303006016ec
:10b6b00021a031012528000021a031012b10890291
:10b6c00021180a0121a0b400211843002b2885026b
:10b6d00021a8a30025208002a468400f2528a002ed
:10b6e000ffff5124400006242330d1002520c00351
:10b6f000c66d400f2528c00225302002252080027b
:10b700002528a00225b84000d56d400f259860007f
:10b71000253020022520c0032528c00225b8e202da
:10b72000d56d400f25986302251043002b100200b1
:10b73000400010262510e20225204000060040129d
:10b7400025286002233002002b180600233813003e
:10b750002520c0002328e300000084442330110288
:10b760000000e544c4fbc328ce0060102103a046be
:10b77000c3fb0324cf00c354802d1300ac00401240
:10b78000029d033c28bf62d432102c46ab0000451a
:10b79000401d0200029d023c30bf40d4029d023c8d
:10b7a00038bf54d4026320462063204621630046fc
:10b7b0005fff001002653446c0ff5226c0ff5024d0
:10b7c00025980000aaff4012253800004000422ab8
:10b7d000500040105800aaaf4000a48f400015242c
:10b7e00023a8b202252860012530a0025400a7af8b
:10b7f0005000a8af4c00a9afa000aef79800acf77e
:10b80000d56d400f4800abaf4800ab8f4000a48f10
:10b810002530400225286001c66d400f25b8430041
:10b820005800aa8f252020022530a002252840019b
:10b830002bb8170025b0600025b8e202d56d400f87
:10b840004800aaaf4800aa8f2558c302252020022d
:10b8500025284001253040024000abafc66d400fa7
:10b8600025b8e20225884000255060004000ab8fdb
:10b870009800acd7a000aed74c00a98f5000a88f7d
:10b880007bff00105400a78f239002020500401692
:10b890001000b38f1400a78f2548000074ff00101c
:10b8a000254000004000422a1f0040101000b48fc5
:10b8b0001400b58f400006242330d20025208002da
:10b8c0002528a0024800aaaf4000abafa000aef709
:10b8d000d56d400f9800acf725104300253040028d
:10b8e000252080022528a002c66d400f2b9802005b
:10b8f0002598620225386000254800002540000098
:10b900009800acd7a000aed74000ab8f58ff001016
:10b910004800aa8f01001724255800002588000040
:10b9200053ff00102550000001001324daff00101f
:10b930002538000023f0f3022b18fe0223b0670124
:10b9400023b0c3022b107601010005240600401429
:10b95000253000000400cb562528000003006014a9
:10b960002360290225280000236029022ba82c022d
:10b97000231848012318750023a085012b6094012a
:10b980002318660023a86c001200a10623203101b1
:10b9900023f077022b987e0223b0eb0023b0d30272
:10b9a0002b10240123180a0125a0d60321a8850005
:10b9b000231862002ba014002b20a402211866007b
:10b9c00023a0b402211883002ba8b40223a8750079
:10b9d0000100522e251095023eff40142510d6037b
:10b9e000d3fe405021658e4e2520c003a468400f31
:10b9f0002528c002ffff512407002106c01f1600a2
:10ba000042101e00251062000100de3325105e008a
:10ba100049ff001042981600253020022520c0035f
:10ba2000d56d400f2528c00243ff00102598600007
:10ba3000029d033c54ff001020bf62d41900601027
:10ba4000c01f130042200200252064000100423084
:10ba500042981300254082000040023c060040123c
:10ba600025485300231008002b180200232009004a
:10ba7000254040002348830000008844029d023c8a
:10ba80000000e94438bf4cd42100a0460000204605
:10ba90000100224602032c468100204602632c4608
:10baa0002163024c6b66400f00000000a0fe0010f6
:10bab0000605204680250200821202002b20040089
:10bac0002510a20025108200823d02000448137c4c
:10bad0002528f300060040128022020023100400f3
:10bae0002b18020023380500252040002328e300fe
:10baf000000084440000e544eaff00102103a04652
:020000040000fa
:020000041d00dd
:10bb00008c81868fe8ffbd271400bfaf1000c010e6
:10bb10001000b0afa881838f28006014ac81828fa1
:10bb20002130c2005b00c00404000324f000c314f1
:10bb300006000224b081838fac8182af03006010c5
:10bb40008c8180af585d400f000000008c8180af79
:10bb50005c8282937080838f8001427c140043104a
:10bb60001400bf8f11004014708082afac81828faf
:10bb70000700432c0d00601080180200019d023c5c
:10bb800090bb42240a10437c0800400000000000e3
:10bb90005cbe009df8bd009da0bd009d48bd009d00
:10bba000acbb009dacbb009d28bd009d1400bf8fa9
:10bbb0001000b08f0800e0031800bd270100032427
:10bbc000b80043100200432821006014020003243f
:10bbd0003d00431003000324dcff431486bf023cf6
:10bbe0002001428c029d033c0000864400b462d4d4
:10bbf000210080464003427ce600401402002246b9
:10bc00000080023c68044224c00041d4029d033cf1
:10bc100020b462d4000021463c00224600000644c5
:10bc20002d010045000067440010064400106744e1
:10bc3000c00042f40080103c019d053cd4d7a524ef
:10bc4000fe6e400f000404263100001000000000ca
:10bc5000beff4014019d043c0020022486bf103c1e
:10bc60008cd784243c0102ae1e6c400f0000000003
:10bc70002001028e4003427cda004054019d043cc6
:10bc8000019d043c1e6c400f44d68424b0ff00107c
:10bc90008c8180af060006244992023c9324422402
:10bca0001800c200c31f060010100000211046003b
:10bcb0008310020023104300c0180200231062000a
:10bcc0009cff00102310c20086bf023c2001428c62
:10bcd000000086444003427ca000401021008046c2
:10bce0000080023c68044224180041d40080103ccb
:10bcf000019d053c00002146bcd7a5240004042674
:10bd00000000064400006744fe6e400f180040f437
:10bd10001e6c400f00040426804a400f0000000003
:10bd20008bff00108c8180af1400bf8f1000b08f8c
:10bd300001000224b08182af1800bd270600022452
:10bd4000585d400bac8182afa881828f7d0040108e
:10bd5000019d043c019d043c70d884241e6c400f5e
:10bd6000a88180af86bf023c2001428c4003427c08
:10bd7000c50040140080023c0080023c2805468c2f
:10bd80002c05478c0080103c019d053c84d8a524df
:10bd9000fe6e400f000404262c0000100004042650
:10bda000a881828f61004010019d043c019d043cec
:10bdb00048d884241e6c400fa88180af86bf023c07
:10bdc0002001428c4003427ca60040140080023ccb
:10bdd0000080023c7004468c7404478c0080103c48
:10bde000019d053c2cd8a524fe6e400f00040426be
:10bdf0001600001000040426a881828f4500401020
:10be0000019d043c019d043c18d884241e6c400f05
:10be1000a88180af86bf023c2001428c4003427c57
:10be2000870040140080023c0080023c6804468c7d
:10be30006c04478c0080103c019d053c2cd8a52447
:10be4000fe6e400f00040426000404261400bf8f79
:10be50001000b08f1e6c400b1800bd27a881828f88
:10be600028004010019d043c019d043cf0d784242f
:10be7000a88180af1e6c400f0000000086bf023c0e
:10be80002001428c4003427c680040141400bf8fa4
:10be90001000b08f019d043c44d684241e6c400bde
:10bea0001800bd2786bf023c2001428c000086445a
:10beb0004003427c4f004014210080460080023c39
:10bec000680442d40080103c019d053c00002246dd
:10bed000a4d7a524000404260000064400006744fb
:10bee000fe6e400f680440f489ff0010000000005f
:10bef000050003240fffc3100400022467ff001095
:10bf00004992023c010002248cd78424d9ff0010fe
:10bf1000a88182af0100022404d884241e6c400f43
:10bf2000a88182afbcff001086bf023c0100022442
:10bf300034d884241e6c400fa88182afa0ff00106b
:10bf400086bf023c010002245cd884241e6c400f92
:10bf5000a88182af84ff001086bf023c0080023cb3
:10bf600068044224080041d40080103c019d053c37
:10bf700000002146bcd7a524000404260000064486
:10bf800000006744fe6e400f080040f460ff0010a0
:10bf9000000000000080023c68044224b80041d444
:10bfa000029d033c20b462d4000021463c0222469c
:10bfb000000006443d0008450000674400100644a8
:10bfc00000106744b80042f40080103c019d053c1d
:10bfd000d4d7a524fe6e400f000404264cff0010a9
:10bfe000000000001e6c400fa0d78424d8fe001073
:10bff0008c8180af0080023c68044224100041d450
:10c000000080103c019d053c00002146a4d7a524da
:10c01000000404260000064400006744fe6e400f42
:10c02000100040f43aff0010000000001000b08f34
:10c03000019d043ca0d784241e6c400b1800bd2732
:10c040007804468c7c04478c0080103c019d053ca4
:10c050002cd8a524fe6e400f000404267bff0010a0
:10c06000000404268004468c8404478c0080103c25
:10c07000019d053c2cd8a524fe6e400f000404262b
:10c0800072ff0010000404262005468c2405478c0e
:10c090000080103c019d053c84d8a524fe6e400f15
:10c0a0000004042669ff001000040426029d033cde
:10c0b0000008864428b460d40008e7443c032146c5
:10c0c00010000e45b80046ac00000644000067446e
:10c0d000bdff0010b80040f4029d033c00088644f8
:10c0e00028b460d40008e7443c0121460700064517
:10c0f000c00046ac0000064400006744cdfe0010be
:10c10000c00040f4b0ff0010bc0047acc9fe0010f6
:04c11000c40047ac74
:020000040000fa
:020000041d00dd
:10c11400000000000000000000000000000000001b
:10c1240000000000080808080808080008080000c3
:10c134000000222222220000000000000000000073
:10c14400000000001212127e24247e484848000099
:10c1540000000000083e4948380e09493e08000026
:10c1640000000000314a4a34080816292946000014
:10c17400000000001c2222221c39454246390000de
:10c18400000008080808000000000000000000008b
:10c194000000000408081010101010100808040013
:10c1a40000000020101008080808080810102000db
:10c1b40000000000000008492a1c2a490800000069
:10c1c4000000000000000808087f080808000000bc
:10c1d4000000000000000000000000001808081023
:10c1e4000000000000000000007e000000000000cd
:10c1f400000000000000000000000000181800000b
:10c204000000000002020408081010204040000052
:10c214000000000018244242424242422418000016
:10c22400000000000818280808080808083e000054
:10c23400000000003c4242020c102040407e0000fe
:10c24400000000003c4242021c020242423c000048
:10c2540000000000040c142444447e040404000080
:10c26400000000007e4040407c020202423c00008c
:10c27400000000001c2040407c424242423c00003e
:10c28400000000007e0202040404080808080000fc
:10c29400000000003c4242423c424242423c000018
:10c2a400000000003c4242423e0202020438000008
:10c2b400000000000000181800000018180000001a
:10c2c4000000000000001818000000180808100002
:10c2d40000000000000204081020100804020000fe
:10c2e400000000000000007e0000007e000000004e
:10c2f4000000000000402010080408102040000046
:10c30400000000003c424202040808000808000043
:10c31400000000001c224a565252524e201e0000b9
:10c324000000000018242442427e4242424200009f
:10c33400000000007c4242427c424242427c0000b7
:10c34400000000003c42424040404042423c000069
:10c3540000000000784442424242424244780000d5
:10c36400000000007e4040407c404040407e000091
:10c37400000000007e4040407c40404040400000bf
:10c38400000000003c424240404e4242463a000017
:10c3940000000000424242427e42424242420000c9
:10c3a400000000003e08080808080808083e0000cd
:10c3b400000000001f040404040404444438000082
:10c3c400000000004244485060605048444200006d
:10c3d400000000004040404040404040407e00009b
:10c3e40000000000424266665a5a4242424200003d
:10c3f4000000000042626252524a4a46464200002d
:10c40400000000003c42424242424242423c0000a0
:10c41400000000007c4242427c404040404000001a
:10c42400000000003c4242424242425a663c030041
:10c43400000000007c4242427c48444442420000e6
:10c44400000000003c424240300c0242423c0000ea
:10c45400000000007f080808080808080808000011
:10c46400000000004242424242424242423c00003a
:10c474000000000041414122222214140808000057
:10c4840000000000424242425a5a6666424200009c
:10c4940000000000424224241818242442420000d0
:10c4a4000000000041412222140808080808000086
:10c4b400000000007e02020408102040407e0000bc
:10c4c4000000000e080808080808080808080e00fc
:10c4d4000000000040402010100808040202000080
:10c4e40000000070101010101010101010107000c8
:10c4f40000001824420000000000000000000000ba
:10c5040000000000000000000000000000007f00a8
:10c5140000201008000000000000000000000000df
:10c524000000000000003c42023e4242463a000045
:10c534000000004040405c6242424242625c0000b3
:10c544000000000000003c4240404040423c0000eb
:10c554000000000202023a4642424242463a0000c9
:10c564000000000000003c42427e4040423c00008b
:10c574000000000c1010107c10101010101000009f
:10c584000000000000023a44444438203c42423c4b
:10c594000000004040405c6242424242424200008d
:10c5a400000000080800180808080808083e0000f1
:10c5b4000000000404000c040404040404044830cf
:10c5c400000000004040444850605048444200008d
:10c5d400000000001808080808080808083e0000c1
:10c5e40000000000000076494949494949490000d2
:10c5f4000000000000005c624242424242420000ed
:10c604000000000000003c4242424242423c000022
:10c614000000000000005c6242424242625c404012
:10c624000000000000003a4642424242463a0202fa
:10c634000000000000005c624240404040400000b6
:10c644000000000000003c4240300c02423c00006c
:10c654000000000010107c1010101010100c0000ce
:10c66400000000000000424242424242463a0000ba
:10c674000000000000004242422424241818000054
:10c684000000000000004149494949494936000079
:10c694000000000000004242241818244242000016
:10c6a4000000000000004242424242261a02023cbc
:10c6b4000000000000007e0204081020407e0000fc
:10c6c4000000000c101008081010080810100c00ce
:10c6d40000000808080808080808080808080808e6
:10c6e4000000003008081010080810100808300076
:10c6f4000000003149460000000000000000000076
:020000040000fa
:020000041d00dd
:10c7040018ffbd27dc00b4afd800b3afd400b2af7c
:10c71400d000b1afe400bfafe000b5afcc00b0af24
:10c72400259080002588c000b800a5af259800009a
:10c73400029d143cb800a58f0000a280e4004010c4
:10c74400ffff02249c00a2af1800a227a400a2affe
:10c75400800002249800a0afa000a0afa800a2af60
:10c7640025800000250003242110b0000000428031
:10c774000300401000000000fbff4354010010269a
:10c7840006000012253000022566400f25204002d5
:10c79400b800a28f21105000b800a2afb800b58f26
:10c7a400250002240000a382c20062140100b52601
:10c7b400b800b5af2b0005242d0006243000032457
:10c7c4002000072423000824b800a48f00008280de
:10c7d4001b0045509800a28f2c0049281e002011f0
:10c7e40000000000180047509800a28f180048501d
:10c7f4009800a28f2a0003241e0043500000228eba
:10c80400d467400f00000000a000a2afb800a38fbf
:10c8140000006280d0ff42240a00422c2100401014
:10c8240001006324f9ff0010b800a3af01004234f3
:10c83400010084249800a2afe3ff0010b800a4af65
:10c84400fbff001004004234f9ff001008004234da
:10c85400f7ff001010004234f4ff46509800a28ff6
:10c86400e5ff43542a0003249800a28ff0ff001030
:10c874000200423401008424b800a4af040043241d
:10c884000000428c000023ae06004104a000a2afc9
:10c894009800a38f23100200a000a2af0100633808
:10c8a4009800a3af9800a28f0100433002006010eb
:10c8b4004408027c9800a2afb800a28f2e00032483
:10c8c400000044800d008314010044249c00a0afa8
:10c8d400b800a4af010045802a0003242300a31458
:10c8e40002004224b800a2af0000228e04004324b8
:10c8f4000000428c000023ae9c00a2af756a400f7a
:10c90400b800a427c000a2afb800a28ffb6f400fed
:10c91400000044806900032477004310c000a58f01
:10c924006a0043282f00601063000324be004310f4
:10c93400640043281800601025000324cb00431032
:10c94400610003244f00435025302002ffff0224de
:10c95400b800b5af9800a0afa000a0af9c00a2aff4
:10c964001000a0afc900001025380000d467400fa4
:10c97400000000009c00a2afb800a38f00006280fa
:10c98400d0ff42240a00422cdcff40100100632443
:10c99400f9ff0010b800a3af64000324560043104d
:10c9a40068004228eaff4010ffff022425302002dd
:10c9b400686c400fb000a42797004010b800a28f05
:10c9c400b000a6279800a52701004324b800a3af10
:10c9d400000047806d2b400f2520400235000010d9
:10c9e40021800202700003246e004310710043286a
:10c9f400130060106e000324830043106f000324af
:10ca0400d3ff4314ffff0224253820022530000001
:10ca1400b853400fb000a4277f004010b800a28f85
:10ca2400b000a6279800a527010042242520400233
:10ca34002771400fb800a2af1e000010218002022f
:10ca4400750003243a004310780003244600431081
:10ca540073000324bdff4314800002246e00a2145b
:10ca6400b800a28f2538000001004224b800a2af0c
:10ca74000000228e04004324000023ae7600001040
:10ca84000000468c686c400fb000a4276200401080
:10ca9400b800a28fb000a6279800a5270100432460
:10caa400b800a3af000047802971400f2520400241
:10cab40021800202218070022a98130277006012fa
:10cac4000080023c4f000324346c43acffff13246a
:10cad400e400bf8f25106002e000b58fdc00b48f46
:10cae400d800b38fd400b28fd000b18fcc00b08ff8
:10caf4000800e003e800bd272538200201000624d1
:10cb0400b853400fb000a42743004010b800a28fd0
:10cb1400b000a6279800a527010042242520400242
:10cb24003f57400fb800a2afe2ff0010218002027d
:10cb34002538200225300000b853400fb000a42748
:10cb440035004010b800a28fb000a6279800a52792
:10cb54000100422425204002e861400fb800a2af42
:10cb6400d4ff001021800202253820022530000065
:10cb7400b853400fb000a42727004010b800a28f7c
:10cb840001004324b800a3af00004780b000a627eb
:10cb94009800a527224c400f25204002c5ff001015
:10cba400218002022538200225300000f0000524ef
:10cbb400b853400fb000a42717004010b800a28f4c
:10cbc400b400a38f01004224b800a2afb000a28f2a
:10cbd40025104300edff4014780007249055400fc2
:10cbe40010c484269800a38fa000a78f253040008e
:10cbf4001000a3af10c48526aa5b400f2520400275
:10cc0400acff00102180020225382002213070027e
:10cc14003f5e400fb000a427b800a28f0100422459
:10cc2400a4ff0010b800a2af80000224faffa214ef
:10cc3400b800a28f01000724b000a62701004224f7
:10cc4400b800a2af0000228e040043240000428cee
:10cc5400000023aeb000a2a39800a527a363400f51
:10cc64002520400293ff001021800202800002244c
:10cc7400e9ffa214b800a28fa000a78f01004224ec
:10cc8400b800a2af9800a28f1000a2af029d053c8d
:10cc940001000624d8ff001018c4a524a5fe001026
:04cca40025980002cd
:020000040000fa
:020000041d00dd
:10cca8000081838fe0ffbd27010002242800621461
:10ccb8001c00bfaf2881828f21004014ffff42244f
:10ccc8002481828fc80003248e004310c9004328a2
:10ccd8002f006014cc00032490004310cd0044289a
:10cce80022008014ca000424ce00032492004310ba
:10ccf800ce0044289d008054010002242c01032406
:10cd08009f0043102d010324a30043142081838f27
:10cd1800188180af401003002110430080100200ea
:10cd2800211043000100032442100200488083af11
:10cd380064000324248183af02000010288182af9d
:10cd4800288182af1c00bf8f0800e0032000bd27a8
:10cd58001f71400f5082848fd7ff40542881828fe3
:10cd68001c00bf8f0800e0032000bd27c700441047
:10cd7800cb004228cc00401001000224488082af3a
:10cd88002081828f248184afeeff0010288182af3a
:10cd9800670003243d0043106800442812008050b7
:10cda80069000324650004244e00441066004428ea
:10cdb800460080501c81829364000324760043144b
:10cdc8001c8183930400022401006250188180af03
:10cdd80065000224248182af2081828f488080af41
:10cde800d8ff0010288182af300043106900442822
:10cdf800200080541c8182936a0003246600431437
:10ce08001c81839301000424080002240800621096
:10ce1800488084af2081838f248180af4010030035
:10ce28002110430042100200c6ff0010288182af83
:10ce38000080023c68044224a000438cf6ff601086
:10ce48002081838f9800428cbd00401400000000b0
:10ce58008010030021104300020003244010020048
:10ce68001c8183a364000324248183afb5ff0010d1
:10ce7800288182af248183af08004230488082af86
:10ce88002081828fafff0010288182af1c8182939e
:10ce980004004230488082af68000224248182afb7
:10cea8002081828fa7ff0010288182af1c81829386
:10ceb80010004230488082af6a000224248182af89
:10cec8002081828f9fff0010288182af248183af49
:10ced80002004230488082af2081828f99ff001083
:10cee800288182af1c81829301004230488082af42
:10cef80066000224248182af2081828f91ff001076
:10cf0800288182afc9000224248182af2081828fc8
:10cf1800488080af8bff0010288182af0100022477
:10cf2800488082afcd000224248182af2081828f85
:10cf380084ff0010288182af2081838f01000424a0
:10cf4800488084af40100300211043008010020085
:10cf5800211043004210020064000324188184afaa
:10cf6800248183af77ff0010288182af488082af89
:10cf78002081828f248183af72ff0010288182afc5
:10cf88002d010224248182af2081828f488080afc6
:10cf98006cff0010288182af946e400f1000a0a390
:10cfa8004600401001000524c460400f1000a4276b
:10cfb8000080023c0005428c2e0040140000000056
:10cfc8001000a29360ff40101c00bf8f2024027c39
:10cfd8002000032486bf023c380443ac9564400f0c
:10cfe800000000000080023c880444d4029d023cfa
:10cff80050c142d4029d023c48c140d4030024469b
:10d008003e10204649000345010022460d002046f7
:10d01800000002441000a393208182af6100622cbb
:10d028002f0040145b00622ce0ff6324ff00633094
:10d038005b00622c44ff40101c00bf8f029d023c25
:10d048006ca842248a19437c3eff60101c8183a38c
:10d05800201c037c3e0060041881828f0100032499
:10d06800080043102c0102246400022435ff00103c
:10d07800248182af5b6f400f1000a483d1ff0010a2
:10d088001000a2932fff0010248182af0100022418
:10d09800488082afcb000224248182af2081828f16
:10d0a80028ff0010288182af2081828f488080afbe
:10d0b800248183af23ff0010288182af1f71400fa6
:10d0c8005082848fbfff40501000a2930b6c400f1a
:10d0d8005082848fff004230baff00101000a2a3d4
:10d0e80019ff40101c00bf8f1b000224d4ff6214dc
:10d0f800029d023c03000010008180afc460400f15
:10d1080000000000946e400f00000000010005249c
:10d11800faff40141000a427029d043c9f6e400fa4
:10d128006481842408ff00101c00bf8f0080033c2a
:10d138000d00204600000244b6ff001025104300f1
:10d148005b6f400f0a00042441ff00102081838f89
:10d15800c6ff401464000224c8000224f9fe00102f
:04d16800248182afed
:020000040000fa
:020000041d00dd
:10d16c00bfff8224ff004230b8ffbd271200432cc2
:10d17c004400bfaf4000b4af3c00b3af3800b2af17
:10d18c003400b1aff80060103000b0af019d033c2b
:10d19c0080100200b0d163240a10627c08004000a9
:10d1ac002588c0005cd2009dacd2009dfcd2009db5
:10d1bc00acd3009d2cd4009d8cd4009d2cd4009d10
:10d1cc008cd4009d74d5009d2cd5009dacd3009db6
:10d1dc002cd4009d8cd4009d74d5009d74d5009ddd
:10d1ec0074d5009d74d5009df8d1009d2520c000fc
:10d1fc001800a52701000724a05a400f140006248c
:10d20c002800a7930080033c98036224080047acd5
:10d21c001800a78f253040000a000524980367ac3e
:10d22c002000a38f25200000eb56400f040043acd8
:10d23c004400bf8f4000b48f3c00b38f3800b28fd6
:10d24c003400b18f3000b08f0800e0034800bd27d8
:10d25c001800a5272520c00025380000a05a400f33
:10d26c00040006241900a3931800a4830080023c38
:10d27c009803462401000524eb56400f980343a065
:10d28c004400bf8f4000b48f3c00b38f3800b28f86
:10d29c003400b18f3000b08f0800e0034800bd2788
:10d2ac001800a5272520c00025380000a05a400fe3
:10d2bc00040006241900a3931800a4830080023ce8
:10d2cc009803462402000524eb56400f980343a014
:10d2dc004400bf8f4000b48f3c00b38f3800b28f36
:10d2ec003400b18f3000b08f0800e0034800bd2738
:10d2fc001800b027253800000c0006242528000251
:10d30c00a05a400f252020021a00a2972100a783c3
:10d31c00a010027c1400e0041a00a2a70080033cb9
:10d32c00e80263240029070021206500010006247f
:10d33c000b0080a00a0086a0b6808497010084248c
:10d34c00ffff8430b68084a7b6808497ffff8430bb
:10d35c00a200801000000000b680849721186500a0
:10d36c00ffff8430060064a40080143c98039226ce
:10d37c00060042a62000a4831c00a28f02000324f6
:10d38c002530400204000524980387a2040043a61c
:10d39c00eb56400f080042ae05000010252020027d
:10d3ac000080143c1800b0279803922625202002f8
:10d3bc002538000004000624a05a400f252800023e
:10d3cc001800a4831900a3831a00a297980384a2bf
:10d3dc0008006014010043a20080053cf8ff4224c1
:10d3ec0000190400e802a524ffff42302118650053
:10d3fc00080062a498038626eb56400f050005240e
:10d40c004400bf8f4000b48f3c00b38f3800b28f04
:10d41c003400b18f3000b08f0800e0034800bd2706
:10d42c00470084380100822c080006241800a52728
:10d43c002520200225380000a05a400f0700502458
:10d44c001800a4830080023ce80242240019040066
:10d45c00211043001a00a5971c00a39706004294c4
:10d46c000080063c4b0062149803c5a49803c624a4
:10d47c00eb56400f252800026eff00104400bf8fb2
:10d48c0048008238060003242538000010000624ca
:10d49c00252020022598a000090010241800a5279b
:10d4ac00a05a400f0b8062002400a4830080023c31
:10d4bc00e802422400190400211043001a00a3972b
:10d4cc000080143c98039226a018037c0c0040a00a
:10d4dc001a00a3a70a0043a62600a5971c00a38f39
:10d4ec00060046942000a8872200a7972d00a614ba
:10d4fc000c0043ae030000192a9813013d0060563e
:10d50c00ffff08312530400225280002040048a600
:10d51c00eb56400f980380ae46ff00104400bf8fbf
:10d52c000080103c980305262520c00025380000fb
:10d53c00a05a400f44000624980306260300052435
:10d54c00eb56400f252000004400bf8f4000b48fe5
:10d55c003c00b38f3800b28f3400b18f3000b08fe5
:10d56c000800e0034800bd27029d043c316c400fcd
:10d57c00949084244400bf8f4000b48f3c00b38f40
:10d58c003800b28f3400b18f3000b08f0800e00348
:10d59c004800bd270f71400f0501042425ff001022
:10d5ac004400bf8f06004694029d043c7490842472
:10d5bc00a86d400f1100732e1eff60564400bf8fe4
:10d5cc00010007242530000025280000a05a400f38
:10d5dc002520000017ff00104400bf8fb6808497f1
:10d5ec0001008424ffff8430b68084a75aff00100a
:10d5fc00000000001000a8af2138f1002530000217
:10d60c008f47400f252840020aff00104400bf8faf
:020000040000fa
:020000041d00dd
:10d61c000c0f00000e00000c0f00000c0d0a000097
:10d62c000c0a0a0a0a0a0f4c696d69746572204566
:10d63c006e61626c65200e004e0000005900000007
:10d64c000c0a0a0a0a0a0e4c696d69746572204547
:10d65c006e61626c65200f000c0a0a0f42617564e2
:10d66c00205261746520200e25352e316600000095
:10d67c000c0a0a0a0a0f44544320202020202020a0
:10d68c002020200e000000004f666600204f4e0048
:10d69c000c0a0a0a0a0a0f4c6f6f702020202020f7
:10d6ac00202020200e00000059455300204e6f0012
:10d6bc000c0a0a0e42617564205261746520200fb9
:10d6cc0025352e31660000000c0a0a0a0a0e445455
:10d6dc0043202020202020202020200f00000000ac
:10d6ec000c0a0a0a0a0a0e4c6f6f702020202020a8
:10d6fc00202020200f0000000c0a0f546872657364
:10d70c00686f6c6420200e252e3366000c0a0e54b4
:10d71c0068726573686f6c6420200f252e33660069
:10d72c000c0a0a0f476f6f642043686172732020e4
:10d73c0020200e25326400000c0a0a0a0f486f6c78
:10d74c0064205365636f6e647320200e2532640071
:10d75c000c0a0a0e476f6f642043686172732020b5
:10d76c0020200f25326400000c0a0a0a0e486f6c48
:10d77c0064205365636f6e647320200f2532640040
:10d78c000c0a0f576964652f4e6172726f772020f7
:10d79c0020200e00570000000c0a0a0f43656e741f
:10d7ac00657220487a2020200e252e30660000005d
:10d7bc000c0a0a0a0f536869667420487a202020e4
:10d7cc0020200e252e3066000c0a0a0a0a0f484645
:10d7dc0020426f6f7374200e25202e316620644218
:10d7ec00000000000c0a0e576964652f4e617272be
:10d7fc006f77202020200f000c0a0a0f43656e74ef
:10d80c00657220487a2020200e0000000c0a0a0eb7
:10d81c0043656e74657220487a2020200f0000004a
:10d82c00252e3066000000000c0a0a0a0f536869a6
:10d83c00667420487a20202020200e000c0a0a0a48
:10d84c000e536869667420487a20202020200f002f
:10d85c000c0a0a0a0a0f484620426f6f7374200e96
:10d86c00000000000c0a0a0a0a0e484620426f6f9c
:10d87c007374200f0000000025202e3166206442b6
:10d88c00000000000c0a0f456e61626c65202020c0
:10d89c00202020200e0000004e6f200059657300e0
:10d8ac000c0a0a0f42572f536869667420202020f7
:10d8bc00200e25332e3166000c0a0e456e61626c0b
:10d8cc006520202020202020000000004e6f00004a
:10d8dc000c0a0a0e42572f536869667420202020c8
:10d8ec00200f25332e3166000c0a0a0f5461726723
:10d8fc006574204c766c200e252e336600000000db
:10d90c000c0a0a0a0f4d6178204761696e202020ad
:10d91c000e25352e316600000c0a0a0a0a0f4669dc
:10d92c006c74657220487a20200e25352e316600e5
:10d93c000c0a0a0e546172676574204c766c200fc9
:10d94c00252e3366000000000c0a0a0a0e4d617881
:10d95c00204761696e2020200f25352e316600008e
:10d96c000c0a0a0a0a0e46696c74657220487a2001
:10d97c00200f25352e3166000c0a0f546f6e652072
:10d98c0042504620202020200e25332e31660000e8
:10d99c000c0a0a0f44617461204c50462020202050
:10d9ac00200e25332e3166000c0a0e546f6e652046
:10d9bc0042504620202020200f25332e31660000b7
:10d9cc000c0a0a0e44617461204c50462020202021
:10d9dc00200f25332e3166000c0a0a0a0a0a436fff
:10d9ec006e66696720536176656400000c0a0a0a4a
:10d9fc000a0a436f6e666967204c6f616465640048
:10da0c000c0a0a0a0a0a44656661756c74204c6f2c
:10da1c0061646564000000000c0a0a0a0a00000038
:10da2c0025332e3166252520000000000c0a0f41fd
:10da3c007564696f204f75742020202020202000f1
:10da4c000a0a0a0e000000000c0a0e417564696f88
:10da5c00204f757420202020202020000a0a0a0f55
:10da6c00000000000c0a0a53616d706c6520526155
:10da7c007465205472696d0a0a00000025332e313a
:10da8c00662525000c0a0a0053616d706c652052e6
:10da9c00617465205472696d000000000a0a000070
:10daac000c0f4d61726b20486f6c640d0a546872d8
:10dabc006573686f6c6420200e252e3366000000a1
:020000040000fa
:020000041d00dd
:10dacc00b0ffbd275000acf75400a28f0f40033cb1
:10dadc007b6a632400f0457c2b18a3004800b1af8f
:10daec004c00bfaf4400b0af5000a78f3b0060109c
:10dafc00c28f02000900033c0098427cfb21632486
:10db0c007b0043100240023c7dd942342b28a200fa
:10db1c001b00a010029d033c029d023c0e0020162f
:10db2c00c8a060d401602046d0a042d401000224d9
:10db3c0001012246010024460000c4f401002246e3
:10db4c000800c0f44c00bf8f4800b18f4400b08f68
:10db5c000800e0035000bd275000a1d7d0a042d44c
:10db6c00ffff022400082046000122460100244643
:10db7c000000c4f400002246f2ff00100800c0f4bc
:10db8c00029d033c029d023cd8a060d40a002016e2
:10db9c005000a1d701082046e0a042d40200022484
:10dbac0001012246010024460000c4f40100224673
:10dbbc00e4ff00100800c0f400082046e0a042d4a6
:10dbcc00feff022400012246010024460000c4f49a
:10dbdc0000002246dbff00100800c0f41c40033c90
:10dbec003c4663242b18a3003d0060503941033c94
:10dbfc001540023cbdfd42342b10a2001e0040100b
:10dc0c001240023c7cd942343900a210029d023ce5
:10dc1c00d0a040d4029d023ce8a044d4029d023c1a
:10dc2c000b00201602012446f0a042d45000a0d7cd
:10dc3c000300022481002246011024468110204654
:10dc4c000000c0f481102446beff00100800c2f48e
:10dc5c00f0a040d45000a1d7fdff022400082046bc
:10dc6c0080202046010022460000c2f40000244619
:10dc7c00b4ff00100800c0f41940023cfb21422400
:10dc8c001b00a210029d033c029d023cf8a060d434
:10dc9c000a0020165000a1d70108204600a142d44a
:10dcac000400022401012246010024460000c4f4b1
:10dcbc0001002246a3ff00100800c0f40008204613
:10dccc0000a142d4fcff022400012246010024469c
:10dcdc000000c4f4000022469aff00100800c0f4b3
:10dcec00fb2163242b18a30040006010f07f033c41
:10dcfc00029d023c10a140d4029d023c5000a1d7d1
:10dd0c0008a142d4029d023c022d0500a108024c40
:10dd1c0081102046c8a040d4029d023cd0a044d41f
:10dd2c0002102046021124460108204641002446d8
:10dd3c00000869440055227d2310a20011004228de
:10dd4c000a004010000808440000c8ac0400c9ac2c
:10dd5c004d102046000802440000c1d401002146a9
:10dd6c000100244677ff00100800c0f4029d023c1d
:10dd7c0018a144d4029d023c021124468101244680
:10dd8c00010026460101244620a140d42911804cd3
:10dd9c0001302446000063440055647c2328a40011
:10ddac003200a5280500a010000002440000c2acff
:10ddbc000400c3ace6ff001006302046029d023c76
:10ddcc0028a144d4029d023c021124460130244671
:10dddc00813120468131244630a144d42911c44cd0
:10ddec0081012446daff00100000c6f42b18a300b2
:10ddfc00060060145000a0d725100000010020463a
:10de0c000800c0f44fff00100000c0f40098447ce0
:10de1c002510e000001082446041073c2518e40006
:10de2c000010e344029d023c0d1020462100804668
:10de3c001800a0f70110204638a144d41800a227de
:10de4c000200072402002446252040004d002046f5
:10de5c00a1088046010022462000a2f702002446b9
:10de6c002800a0f7000080440000e044f8ff4224a2
:10de7c00180041d432082046160001452580c00008
:10de8c0001000224023505001000a2af0100e724b6
:10de9c00eafbc6246229400f3000a5270f00201290
:10deac003400a48f3000a38f0080053c000003ae2b
:10debc003800a38f26208500040004ae080003aeb2
:10decc003c00a38f23100200261865001dff0010d4
:10dedc000c0003aee5ff0010ffffe7243000a0d7d5
:10deec00000000f63800a0d716ff0010080000f65e
:020000040000fa
:020000041d00dd
:10defc008c81828fe8ffbd271400bfaf0f0040104c
:10df0c001000b0afa881848f27008014ac81838f60
:10df1c00211043005500400404000424cd00441497
:10df2c0006000324b081828fac8183af03004010c4
:10df3c008c8180af585d400f000000005c828293a2
:10df4c007080838f8001427c140043101400bf8fbb
:10df5c0011004014708082afac81828f0700432c7b
:10df6c000d00601080180200019d023c88df4224e5
:10df7c000a10437c0800400000000000cce1009d2a
:10df8c008ce1009d54e1009d1ce1009da4df009def
:10df9c00a4df009dfce0009d1400bf8f1000b08f2b
:10dfac000800e0031800bd2701000424950064500c
:10dfbc000080033c020064281a0080140200042430
:10dfcc00370064500080033c03000424dbff64141e
:10dfdc000080033c6804632400008244029d023ce0
:10dfec00600061d400b442d4210080460080103c13
:10dffc002100224c019d053c0004042624d9a524b3
:10e00c008c8180af0000064400006744fe6e400f18
:10e01c00600060f41e6c400f00040426c8ff001062
:10e02c005c828293c5ff6014019d043c0080103c0f
:10e03c00680410268400028e90d884240100422c9f
:10e04c00840002ae1e6c400f8c8180af8400028e67
:10e05c00a7004054019d043c019d043c1e6c400fe4
:10e06c00a4d88424b6ff00105c828293060002249c
:10e07c004992033c9324632418004300c3270200f5
:10e08c001018000021186200831803002318640084
:10e09c00c020030023188300a2ff001023184300a4
:10e0ac006804632400008244029d023cb00061d4e9
:10e0bc0000b442d4210080460080103c2100224c48
:10e0cc00019d053c000404260cd9a5248c8180af4d
:10e0dc000000064400006744fe6e400fb00060f480
:10e0ec001e6c400f0004042695ff00105c82829386
:10e0fc001400bf8f1000b08f02000224b08182afd9
:10e10c001800bd2706000224585d400bac8182af7d
:10e11c00a881828f0080033cc804668ccc04678c79
:10e12c006c0040140080103c019d053c24d9a524b2
:10e13c000004042601000224fe6e400fa88182af69
:10e14c001b00001000040426a881828f0080033c71
:10e15c001805668c1c05678c570040140080103c19
:10e16c00019d053c0cd9a5240004042601000224c1
:10e17c00fe6e400fa88182af0d0000100004042633
:10e18c00a881828f0080033cc004668cc404678c19
:10e19c00410040100080103c019d053c3cd9a52459
:10e1ac0000040426fe6e400fa88180af00040426f4
:10e1bc001400bf8f1000b08f1e6c400b1800bd27d1
:10e1cc00a881828f28004014019d043c019d043cd1
:10e1dc000100022490d884241e6c400fa88182afc9
:10e1ec000080023cec04428c450040141400bf8fac
:10e1fc001000b08f019d043ca4d884241e6c400bed
:10e20c001800bd276804632400008244029d023c70
:10e21c00580061d418b442d4210080460080103cd0
:10e22c002100224c019d053c00040426f4d8a524b1
:10e23c008c8180af0000064400006744fe6e400fe6
:10e24c00580060f41e6c400f000404263cff0010c4
:10e25c005c8282930500042432ff441003000324e3
:10e26c0084ff00104992033cc4d884241e6c400fd8
:10e27c00a88180af0080023cec04428c200040144a
:10e28c001400bf8f1000b08f019d043cd8d884249b
:10e29c001e6c400b1800bd27019d053cf4d8a5242d
:10e2ac000004042601000224fe6e400fa88182aff8
:10e2bc00bfff001000040426019d053c54d9a52481
:10e2cc0000040426fe6e400fa88180afb8ff00103a
:10e2dc0000040426019d053c6cd9a52400040426e9
:10e2ec00fe6e400fa88180afb1ff00100004042621
:10e2fc001e6c400fa8d8842411ff00105c828293fe
:10e30c001000b08f019d043ca8d884241e6c400bd7
:04e31c001800bd2701
:020000040000fa
:020000041d00dd
:10e32000496e76616c6964205365637572697479ae
:10e33000205479706500000c707641757468496ee0
:10e34000666f2063616e6e6f74206265204e554c5f
:10e350004c206966206e6f74207573696e67206f3c
:10e3600070656e2073656375726974790000000cc6
:10e37000434820494e56414c49440000496e76615d
:10e380006c696420574550206b657920696e64651f
:10e39000782025640a00000c496e76616c6964205f
:10e3a000574550206b6579206c656e677468202531
:10e3b000640a0000496e636f727265637420505383
:10e3c0004b206b6579206c656e67746800000000f7
:10e3d0004552524f523a20696e76616c69642077db
:10e3e000696669206f7020636f64650d000000002e
:10e3f0005b6e6d692073746f705d3a2053504920d5
:10e40000666c6173682064697361626c6520666123
:10e41000696c0d00496e76616c696420706f696e7d
:10e420007465725200000000496e76616c69642068
:10e430004e756d626572206f66207363616e207326
:10e440006c6f747321282564290d0a00496e76616a
:10e450006c6964207363616e20736c6f74207469df
:10e460006d65210d00000000496e76616c696420c5
:10e470004e6f206f662070726f62652072657175d5
:10e480006573747320706572207363616e20736ca2
:10e490006f7420282564290d0a000000496e7661fa
:10e4a0006c69642052535349207468726573686fb5
:10e4b0006c64202564200d0a0000000072657175ef
:10e4c0006573745f7363616e5f737369645f6c69b6
:10e4d00073743a206661696c65640d00494e56415b
:10e4e0004c494420504f494e54455200494e5641e4
:10e4f0004c4944205353494400000000494e5641c2
:10e500004c49442043480000494e56414c49442060
:10e51000444843502053455256455220495000002c
:10e52000494e56414c4944204b455920494e44459b
:10e5300058000000494e56414c4944204b45592053
:10e54000535452494e472053495a4500494e56416b
:10e550004c494420574550204b455900494e56419f
:10e560004c494420575041204b45592053495a4566
:10e5700000000000494e56414c4944204155544842
:10e58000454e5449434154494f4e204d4f44450058
:10e590006661696c656420746f206c6f61642066cd
:10e5a00069726d776172652066726f6d20666c614d
:10e5b00073682e0d000000000a57494e4331353074
:10e5c0003020486f7374204472697665723a0d008a
:10e5d0002020436869702049443a202020202020d0
:10e5e0002020202020202020202020202020202526
:10e5f000336c780d0a00000020204669726d776147
:10e6000072652056657273696f6e3a202020202053
:10e610002020202020202025642e25642e25640d16
:10e620000a00000020204669726d77617265204201
:10e6300075696c6420446174652f54696d653a2076
:10e6400020202025732c2025730d0a0020204669e8
:10e65000726d77617265204d696e204472697665ce
:10e66000722056657273696f6e3a2025642e256498
:10e670002e25640d0a0000002020486f737420448a
:10e6800072697665722056657273696f6e3a2020e2
:10e690002020202020202025642e25642e25640d96
:10e6a0000a00000032303a33383a343000000000bb
:10e6b0004d61792032322032303236002020486fce
:10e6c000737420447269766572204275696c6420a7
:10e6d000446174652f54696d653a2025732c20259b
:10e6e000730d0a0d0a00000054696d65206f757482
:10e6f00020666f722077616974696e6720666f7239
:10e700002057494e4331353030206669726d77614c
:0ce71000726520746f2072756e000000ae
:020000040000fa
:020000041d00dd
:10e71c008c81828fe8ffbd271400bfaf160040101c
:10e72c001000b0afa881848f2e008014ac81838f31
:10e73c00211043000c004004060003244992033cc2
:10e74c009324632418004300c32702001018000010
:10e75c00211862008318030023186400c0200300f2
:10e76c002318830023184300b081828f3700401494
:10e77c00ac8183af8c8180af5c8282937080838ffd
:10e78c008001427c140043101400bf8f1100401410
:10e79c00708082afac81828f0700432c0d0060101b
:10e7ac0080180200019d023cc4e742240a10437cfd
:10e7bc00080040000000000040e9009d58e9009d61
:10e7cc009ce9009d04ea009db8e9009dfce9009dd0
:10e7dc0020e9009d1400bf8f1000b08f0800e003eb
:10e7ec001800bd27030004242c006410040004242a
:10e7fc001a00641001000424dfff64548c8180af84
:10e80c000080103c0000824468041026029d023ceb
:10e81c0000b442d4200001d621008046029d023c67
:10e82c002100224c08b442d43c0022462b00014566
:10e83c00029d023c10b442d43c11204628000745ee
:10e84c00200002f626000010200000f6585d400f54
:10e85c0000000000c8ff00108c8180af0080103ccd
:10e86c00680410268800028e019d043c9cd68424ea
:10e87c000100422c1e6c400f880002ae8800028ef4
:10e88c0072004054019d043c019d043c1e6c400fe1
:10e89c00b4d68424b8ff00108c8180af0080103c6b
:10e8ac00680410269400028e019d043c7cd68424be
:10e8bc000100422c1e6c400f940002ae9400028e9c
:10e8cc005e004054019d043c019d043c1e6c400fb5
:10e8dc0094d68424a8ff00108c8180af200002f60f
:10e8ec00804a400f000000002000068e2400078e96
:10e8fc00019d053c0080103c00040426fe6e400f78
:10e90c0064d6a5241e6c400f000404269aff001048
:10e91c008c8180af1400bf8f1000b08f01000224d7
:10e92c00b08182af1800bd2706000224585d400b51
:10e93c00ac8182af1400bf8f1000b08f070002248f
:10e94c001800bd27585d400bb08182afa881828f23
:10e95c000080033c8804668c8c04678c3f00401458
:10e96c000080103c019d053c0100022464d6a524c6
:10e97c0000040426fe6e400fa88182af000404261a
:10e98c001400bf8f1000b08f1e6c400b1800bd27f9
:10e99c00080002241400bf8f1000b08f1800bd2790
:10e9ac00b08182af585d400bac8180afa881828f63
:10e9bc0031004014019d043c019d043c01000224e3
:10e9cc009cd684241e6c400fa88182af0080023c30
:10e9dc00f004428c2f0040141400bf8f1000b08f35
:10e9ec00019d043cb4d684241e6c400b1800bd273a
:10e9fc00e8ff001009000224a881828f2a0040142d
:10ea0c00019d043c019d043c010002247cd684241d
:10ea1c001e6c400fa88182af0080023cfc04428c2b
:10ea2c00280040141400bf8f1000b08f019d043ccf
:10ea3c0094d684241e6c400b1800bd271e6c400f0e
:10ea4c0098d684244cff00108c8180af1e6c400f34
:10ea5c00b8d6842448ff00108c8180af019d053c02
:10ea6c00bcd6a52400040426fe6e400fa88180affe
:10ea7c00c3ff001000040426ecd684241e6c400f47
:10ea8c00a88180af0080023cf004428cd3ff401080
:10ea9c001400bf8f1000b08f019d043cb8d68424a5
:10eaac001e6c400b1800bd27d4d684241e6c400f5e
:10eabc00a88180af0080023cfc04428cdaff40103d
:10eacc001400bf8f1000b08f019d043c98d6842495
:08eadc001e6c400b1800bd2761
:020000040000fa
:020000041d00dd
:10eae4002540c0002518e000255080009800e0145f
:10eaf4002510a0002b30a6003500c0100000000037
:10eb0400202805710600a0102320050006208a0095
:10eb14000410a2000440a800251082000450aa009a
:10eb2400023408001b004600f401c000ffff053159
:10eb340002240a0012380000101000000014020021
:10eb4400252044000248a7702b5889000a00601150
:10eb54002510e000212088002b588800060060154d
:10eb6400ffffe2242b588900040060512320890010
:10eb7400feffe22421208800232089001b00860058
:10eb8400f401c00010300000003406001220000020
:10eb94000238a470ffff45312528c5002b48a70083
:10eba4000800201125308000212805012b40a800f1
:10ebb40004000015ffff86242b28a7000100a054a1
:10ebc400feff8624001402000800e003251046001e
:10ebd40004000015010002241b004800f401000198
:10ebe4001240000020580b712300601520000724f8
:10ebf4002328a80001000324023408001b00a600f7
:10ec0400f401c000ffff073102240a0012280000ab
:10ec14001010000000140200252044000248e57092
:10ec24002b5889000a0060112510a00021208800bb
:10ec34002b58880006006015ffffa2242b5889007a
:10ec44000400605123208900feffa22421208800b3
:10ec5400232089001b008600f401c000ffff4a3115
:10ec640010280000002c05002528aa00122000000e
:10ec7400caff00100238e4702338eb000440680136
:10ec84000648e400023408000638e5001b00e600ec
:10ec9400f401c0000410650125482201ffff023180
:10eca400021c09001228000010380000003c070074
:10ecb4002538e300025045702b60ea000a008011f9
:10ecc4002518a0002138e8002b60e8000600801514
:10ecd400ffffa3242b60ea00040080512338ea00dc
:10ece400feffa3242138e8002338ea001b00e600d5
:10ecf400f401c000ffff253112300000103800007d
:10ed0400003c07002528e500021046702b48a200ad
:10ed14000a0020112538c0002128a8002b48a8008b
:10ed240006002015ffffc7242b48a2000400205131
:10ed3400001c0300feffc7242128a800001c0300b8
:10ed4400045064012328a200abff001025186700bb
:10ed54002b40a700251800004e00001525100000c8
:10ed64002050ea7007004015200009242b28e500f4
:10ed74004800a014010002242b1086000800e003c0
:10ed84000100423823482a010610260104384701ad
:10ed940025384700041845010244070006282501c8
:10eda4001b00a800f4010001ffffeb300610240152
:10edb40025104300021c0200122800001048000025
:10edc400004c090025482301026065712b682c0161
:10edd4000a00a0112518a000214827012b6827014b
:10ede4000600a015ffffa3242b682c010400a051ea
:10edf40023482c01feffa3242148270123482c018a
:10ee04001b002801f4010001ffff453012400000ff
:10ee140010480000004c090025282501025868719b
:10ee24002b10ab000a004010254800012128a70040
:10ee34002b10a70006004014ffff09252b10ab0080
:10ee44000400401000140300feff09252128a70038
:10ee54000014030004304601251049001900c200c3
:10ee64002328ab00103800002b18a70007006014fb
:10ee7400123000000700a7142518000004204401e4
:10ee84002b2086000300801000000000ffff4224b6
:10ee9400251800000800e003000000002548c00019
:10eea400251080008b00e0142518a0002b30a6004c
:10eeb4003300c01020502a7108004011025c090080
:10eec4000418450123280a000628a400044849011f
:10eed4002518a30004104401025c09001b006b0008
:10eee400f4016001ffff2431121800001028000013
:10eef40002306470001c0500022c02002518650015
:10ef04002b2866000800a050231866002118690009
:10ef14002b2869000300a0142b2866000100a054cc
:10ef240021186900231866001b006b00f4016001be
:10ef3400ffff4230103000001218000002586470c5
:10ef4400001c0600251062002b184b0009006050bd
:10ef540023104b00211049002b1849000500605470
:10ef640023104b002b184b00010060542110490062
:10ef740023104b00061042010800e003251800008e
:10ef840004002015010003241b006900f401200182
:10ef94001248000020502a711f0040152000072449
:10efa4002328a900025c09001b00ab00f4016001e6
:10efb400ffff243112280000101800000230a47052
:10efc400002c0300021c02002528a3002b18a60015
:10efd400080060502330a6002128a9002b18a9009e
:10efe400030060142b18a600010060542128a90016
:10eff4002330a6001b00cb00f4016001ffff423068
:10f0040010280000123000000258c47000340500bb
:10f01400cdff00102510c2002338ea00044849013e
:10f024000618e400023409000638e5001b00e60077
:10f03400f401c00004104501ffff283125186200c7
:10f04400022c030012380000106000000210e87067
:10f05400003c0c002538e5002b28e2000800a050f5
:10f064002338e2002138e9002b28e9000300a0142a
:10f074002b28e2000100a0542138e9002338e200e3
:10f084001b00e600f401c000ffff653012300000f1
:10f0940010380000003c07002528e5000230c87045
:10f0a4002b10a60009004010041044012128a900d7
:10f0b4002b10a90005004014041044012b10a600d5
:10f0c400010040542128a90004104401b5ff001098
:10f0d4002328a6002b40a7005c0000152070ee70ca
:10f0e4000a00c0152b40e500030000152b408600e4
:10f0f4005600001500000000231086002328a700f6
:10f104002b1882000800e0032318a30020000b241e
:10f1140023586e01066066010438c701253887014b
:10f124000440c501024c0700062865011b00a90024
:10f13400f40120010610640125104800ffffe830a7
:10f1440002640200122800001050000000540a005b
:10f1540025504c01021805712b6043010a008011ef
:10f164002568a000215047012b6047010600801547
:10f17400ffffad242b604301040080512350430161
:10f18400feffad2421504701235043011b004901d8
:10f19400f4012001124800001050000000540a003d
:10f1a40002280971ffff4830254048012b10050152
:10f1b4000a00401025502001214007012b100701af
:10f1c40006004014ffff2a252b10050104004010ff
:10f1d40000640d00feff2a252140070100640d0094
:10f1e4000410c60125608a0119008201234005012b
:10f1f4000418c401106800002b200d012528a0016b
:10f2040012600000050080141230000007000d1584
:10f214002b206c000600801023306600233082010e
:10f224002338a7012b6086012328ec0023306600d5
:10f234002b18660023400501231803010410630101
:10f244000630c601251046000618c3010800e00375
:04f2540000000000b6
:020000040000fa
:020000041d00dd
:10f25800b0ffbd273c00b0afcd8090934000b1af68
:10f26800040011244c00bfaf4800b3af0a001116c8
:10f278004400b2af593e400f000000004c00bf8f61
:10f288004800b38f4400b28f4000b18f3c00b08f6c
:10f298000800e0035000bd27010012241c001212d0
:10f2a800cc80829347000012020013242d00131211
:10f2b80003000224efff0216cc8082934400401022
:10f2c80000000000ebff5214000000000971400f1d
:10f2d8008c1004245302033c362663244c0043104c
:10f2e800252800000d6e400fc080848fc900422c75
:10f2f800e0ff4014019d043c316c400fe8e6842493
:10f30800526f400f15000424daff0010cc8093a33d
:10f318009800501000000000b000401000000000ed
:10f3280002001024a000501003000324d1ff43144e
:10f33800000000000d6e400fc880848f0a00422c28
:10f34800ccff401400000000cc8091a3cf8080a3a4
:10f358005065400f00000000cc8080a3c5ff00105e
:10f36800cd8090a3cc808293700052100c00043c96
:10f378005e00401000000000beff50143013053c32
:10f388005213a5240b71400f8c100424a65c400f67
:10f3980000000000ff0f4230a003422c1100401073
:10f3a80000000000019d043c316c400f90e584246e
:10f3b800526f400f1b00042403000224adff00100d
:10f3c800cc8082a3cd8092a3aaff0010cc8080a31a
:10f3d800ef70400f00000000c08082afa5ff001052
:10f3e800cc8092a3306d400f0200042452ef053cfc
:10f3f8000c00043c612fa5240b71400f0c008424e1
:10f4080003000224cc8080a39aff0010cd8082a341
:10f418000b71400f8c1004241171400f0000000084
:10f428003f6d400f000000004470400f00000000d6
:10f43800336b400f00000000252800002520000045
:10f448002f48400fcd8091a35d6d400f1000a42779
:10f45800019d043c316c400fb8e584241000a58f51
:10f46800019d043ca86d400fd0e584241600a793a5
:10f478001500a6931400a593019d043ca86d400fa8
:10f48800f8e58424019d043c2600a6271a00a52738
:10f49800a86d400f24e684241900a7931800a693aa
:10f4a8001700a593019d043ca86d400f4ce68424e9
:10f4b800019d043c78e684242538000003000624d6
:10f4c800a86d400f13000524019d063c019d053cd5
:10f4d800019d043ca4e6c624b0e6a524a86d400f0f
:10f4e800bce6842463ff0010000000000971400f8f
:10f4f800141004245fff41040200043c0971400f0a
:10f50800bc0784240100423003004010020002249a
:10f5180058ff0010cc8082a3ef70400f000000005d
:10f52800c48082af53ff0010cc8092a30971400fb2
:10f538000c008424ad10033c9ed06334f4ff4310c8
:10f54800020002240d6e400fc480848f6500422c97
:10f5580048ff4014019d043c316c400f90e5842421
:10f56800526f400f140004240300022441ff0010ce
:10f57800cc8082a30d6e400fc880848f0200422c7d
:10f588003cff401400000000376f400f01000424c6
:10f59800ef70400f00000000c88082af0200022414
:10f5a80034ff0010cc8082a30d6e400fc880848f7a
:10f5b8000600422c2fff401400000000406f400f4f
:10f5c80001000424ef70400f00000000c88082afe3
:10f5d8000300022427ff0010cc8082a3376f400f5e
:10f5e80025200000406f400f25200000ef70400fdd
:10f5f80000000000c88082af1eff0010cc8090a3de
:020000040000fa
:020000041d00dd
:10f60800029d023c00008644a0b94cd4029d023cf5
:10f6180098b94ed40000e744a8ffbd2783032e46bf
:10f628002c00bfaf2800b1af2400b0af2588800000
:10f638002580a0004800baf74000b8f73800b6f7b0
:10f648003000b4f73527400f7800b8d7029d023c48
:10f65800a8b956d4060520466800a0d700c6384683
:10f66800820536467000a0d783b52046585a400f09
:10f6780006b3204606b32046ea5b400f86062046be
:10f688000700052e80a23446ac00a01043d03846af
:10f69800019d053c80801000b8f6a5240a28b07c9e
:10f6a80000080244000863440800a0008450204673
:10f6b800e8f7009d34f8009d88f8009dd0f8009d7b
:10f6c80004f9009dd4f6009d84f7009d029d023c3c
:10f6d80090b944d482d02246029d023c81a124469e
:10f6e80000a1244602322046022020460123284653
:10f6f80081332046002128460030204600622246f9
:10f7080042702a4601632246b8b946d402423446ba
:10f718008012244602002646812022461800a1f7be
:10f72800426034461000a1f71800a1d703422a46c8
:10f7380003002a4683092a461000a1d783102a46c7
:10f748002c00bf8f03092a462400b08f4800bad77f
:10f758004000b8d73800b6d73000b4d7000028f634
:10f76800180020f6080026f6200022f6100024f6dd
:10f778002800b18f0800e0035800bd27029d023c15
:10f7880090b944d4029d023cb8b94cd481a1244616
:10f7980000a1244602a32c4682d0224602322046eb
:10f7a8000220204680222846803320460130204609
:10f7b800012128468151224642602e4600522246a7
:10f7c8000000204680122446812022460242344608
:10f7d8001800a1f742303446d3ff00101000a1f7fb
:10f7e800029d043c90b982d4029d043cb0b988d4ef
:10f7f80041102046029d043cb8b986d41800a1f7f0
:10f80800000882440008e344800a2246411020464a
:10f8180002002646020a2846000882440008e344fb
:10f8280081102146c0ff00101000a8f7029d043c7b
:10f8380090b982d4029d063cb0b9c8d44000224693
:10f848000080043c020a284600086944000808446d
:10f85800262024011c00a4af00088244029d043c19
:10f86800b8b986d40008e3441800a8af800a224635
:10f878000200264681102146abff00101000a8f7b1
:10f88800029d043c90b982d40080043c2620640088
:10f898001400a4af00088244029d043cb8b986d481
:10f8a8000008e34400408244800a22461000a2afc8
:10f8b80002002646811021460040e3441800a0af0c
:10f8c80099ff00101c00a0af029d043c90b982d49f
:10f8d800029d043cb8b986d4000882441000a2f7ff
:10f8e800020026460008e3441000a8d7800a2246f2
:10f8f800811021468cff00101800a0f700088244f0
:10f90800029d023c0008e344b8b946d48308344653
:10f9180002a5214602002646029d023c90b944d425
:10f928004120344600a224461800a0f71000a1f791
:10f93800801224467cff0010812022461000a0afd0
:10f948001400a0af1000a0d71800a0f706022046a8
:0cf958008600204674ff00108602204646
:020000040000fa
:020000041d00dd
:10f96400b8ffbd272800b1af2400b0af019d113c02
:10f974000080103c3800b5af3400b4af3000b3aff2
:10f984002c00b2af4400bfaf4000b7af3c00b6afed
:10f99400dc02102618513126019d123c019d133cb6
:10f9a400019d153c019d143c1371400f00000000a3
:10f9b4001171400f030016925e00c0124400bf8f05
:10f9c4001371400f0000000003000292ffff422465
:10f9d4001171400f030002a20200029203004014be
:10f9e400000000002669400f000000000971400f6c
:10f9f400701004241c00a2af1c00a28f010042302e
:10fa040056004010000000001371400f0000000079
:10fa14001c00a28f701004240400027c1c00a2affe
:10fa24001c00a58f0b71400f000000001c00b68f56
:10fa3400010002248058d67e4f00c012020002a2a8
:10fa44000971400f8410042425204000040006247a
:10fa54001800a52725b84000040002aebc65400f7d
:10fa6400080016ae1a00a397ffff63301a00a3a77d
:10fa74001a00a2970600c212000000001a00a39701
:10fa84002318c302050063285f0060100000000013
:10fa94001800a29301000324470062100000000034
:10faa4001800a293020003244f006210000000001b
:10fab4001800a293040003246400621000000000f4
:10fac4001800a2930600032443006210a480828fce
:10fad4001800a2930700032464006214ac80828f90
:10fae40008004050020002921900a4931a00a5973e
:10faf4000800e626f8ffa52409f84000ffffa5301a
:10fb04000200029226004014000000007a6c400fac
:10fb1400000000001171400f000000001371400f3d
:10fb2400000000001171400f03001692a4ffc016dc
:10fb34004400bf8f4000b78f3c00b68f3800b58fac
:10fb44003400b48f3000b38f2c00b28f2800b18ff3
:10fb54002400b08f0800e0034800bd271c00a58fd7
:10fb6400a86d400f252020020f71400f17000424b8
:10fb7400e6ff001000000000316c400f04514426e1
:10fb84000100029202004010ffff4224010002a281
:10fb94000f71400f1800042483ff001000000000c0
:10fba400316c400fe0506426006e400f00000000ee
:10fbb400d6ff0010000000001900a4931a00a597b6
:10fbc4000800e626f8ffa524e542400fffffa53014
:10fbd400ccff001002000292c3ff4014000000009a
:10fbe400c8ff0010020002921900a4931a00a597fe
:10fbf4000800e626f8ffa5245b34400fffffa5307c
:10fc0400c0ff0010020002921a00a6971800a793e2
:10fc14001900a2932528c00288508426a86d400f9d
:10fc24001000a2af1171400f000000000100029209
:10fc340002004010ffff4224010002a20f71400f96
:10fc44001a00042458ff0010000000001900a493b7
:10fc54001a00a5970800e626f8ffa524046a400fb9
:10fc6400ffffa530a7ff001002000292316c400f85
:10fc7400c850a4260100029202004010ffff422453
:10fc8400010002a20f71400f1900042446ff001066
:04fc9400000000006c
:020000040000fa
:020000041d00dd
:10fc98008c81828fe8ffbd271400bfaf1000401091
:10fca8001000b0afa881848f20008014ac81838fae
:10fcb8002110430051004004020004249900441418
:10fcc80006000324b081828fac8183af030040100b
:10fcd8008c8180af585d400f000000008c8180afa0
:10fce8005c8282937080838f8001427c0c00431079
:10fcf8001400bf8f09004014708082afac81828fde
:10fd08000100032467004310060004246000441027
:10fd18001400bf8f25004010a881828f1400bf8f68
:10fd28001000b08f0800e0031800bd2740006010e5
:10fd380001000424eaff64548c8180af0080103ce9
:10fd48000000824468041026029d023c00b442d49c
:10fd5800c80001d621008046029d023c2100224ca9
:10fd680030b442d43c10204673000045029d023c4a
:10fd7800c80002f6019d043c1e6c400f24da84245e
:10fd8800c800068ecc00078e019d053c0080103c03
:10fd980000040426fe6e400f2cdaa5241e6c400fca
:10fda80000040426ceff00108c8180af680040104c
:10fdb800019d043c019d043c54da84241e6c400fd0
:10fdc800a88180af019d043c68da84241e6c400f32
:10fdd800000000001880848f1400bf8f1000b08fbf
:10fde80000110400211044000080043cd03c84240d
:10fdf800212082001e6c400b1800bd27060002243b
:10fe08004992033c9324632418004300c32702004b
:10fe180010180000211862008318030023186400da
:10fe2800c020030023188300a6ff001023184300f6
:10fe38001880838f07006054211043000500410497
:10fe4800211043000d000224188082afa4ff001087
:10fe58008c8180af0e00432c019d043c0a100300e6
:10fe680024da84241e6c400f188082af1880848f97
:10fe780000110400211044000080043cd03c84247c
:10fe88001e6c400f2120820095ff00108c8180afee
:10fe98001000b08f090002241800bd27585d400be0
:10fea800b08182afa881838f2f006050019d043cf0
:10feb800019d043c90da84241e6c400fa88180af19
:10fec800019d043c1e6c400f20d68424019d043cf7
:10fed8001e6c400f94da8424019d043c1e6c400f74
:10fee80024d68424019d043c1e6c400fa8da842487
:10fef8000080023c3005468c3405478c0080103c5d
:10ff0800019d053c00040426fe6e400f2cdaa52452
:10ff1800000404261400bf8f1000b08f1e6c400b25
:10ff28001800bd270500042466ff441001000324bf
:10ff3800b4ff00104992033c38b442d43c01224635
:10ff48008cff0745c80002f68aff0010c80000f6bb
:10ff580038da84241e6c400fa88183af019d043ccd
:10ff68009aff00104cda842424d684241e6c400f97
:10ff7800a88182af019d043c1e6c400f70da842476
:10ff8800019d043c1e6c400f20d684240080023c56
:10ff98003005468c3405478c0080103c019d053c9b
:10ffa80000040426fe6e400f88daa524d9ff00104d
:04ffb8000004042617
:020000040000fa
:020000041d00dd
:10ffbc003481828fe0ffbd271c00bfaf08004010ca
:10ffcc001800b0afffff4224348182af251000002f
:10ffdc001c00bf8f1800b08f0800e0032000bd2765
:10ffec003081858f0900a22c77004010019d033cc5
:10fffc0080100500100063240a10627c0800400089
:020000041d01dc
:10000c0000000000d401019d2c01019da801019d5f
:10001c00d400019d7c01019d0001019d5001019db9
:10002c004800019d3400019de9ff8010251000005f
:10003c00308180afe6ff00102510000086bf103c19
:10004c002001028e0002427c0c0040142d81829310
:10005c004881828f010042248e008014488182af37
:10006c004481828f388180af01004224448182af69
:10007c0008000224308182af2d8182930400042475
:10008c000081838f1f004230710044102d8182a3a8
:10009c000500442c530080141b00042469004410f8
:1000ac001f000424520044142c8184932c8180a3bf
:1000bc00010002246c0062100000000025100000fa
:1000cc00c3ff0010308180af050080500400022473
:1000dc002d818293020042342d8182a304000224dc
:1000ec00308182afb0000224348182afb8ff00109f
:1000fc002510000005008050060002242d818293fb
:10010c00080042342d8182a306000224308182af84
:10011c00b0000224348182afadff00102510000026
:10012c00c4ff8054308180af02000224308182af42
:10013c00b0000224348182af2d8180a3a4ff001073
:10014c002510000005008050070002242d818293a9
:10015c00100042342d8182a307000224308182af2b
:10016c00b0000224348182af99ff001025100000ea
:10017c0005008050050002242d8182930400423436
:10018c002d8182a305000224308182afb0000224ad
:10019c00348182af8eff00102510000005008050c6
:1001ac00030002242d818293010042342d8182a30d
:1001bc0003000224308182afb0000224348182af6c
:1001cc0083ff00102510000081ff80142510000013
:1001dc000100a52458000324308185af7cff00105a
:1001ec00348183afb3ff4050010002242c818493ef
:1001fc00180080100080043c283e842421108200ca
:10020c0000004280010004242a00641025204000d4
:10021c00abff4050251000002001038e0002637cd0
:10022c0020006014252040005200032412004314c7
:10023c004081838f308180af0100632464ff001004
:10024c00408183af0100022499ff00102c8182a30e
:10025c002c8180a30080043c4c3e8424211082001d
:10026c00e8ff0010000042805b6f400f252000006b
:10027c0093ff0010251000005900032490ff431435
:10028c003c81838f308180af0100632450ff0010cc
:10029c003c8183af3881828f0100422476ff0010ad
:1002ac00388182af9564400f1000a2afdeff0010c2
:1002bc001000a28f5b6f400f1000a2afd4ff001094
:0402cc001000a28fed
:020000040000fa
:020000041d01dc
:1002d0008c81868fe8ffbd271400bfaf0f00c010d0
:1002e0001000b0afa881838f25006014ac81828f8d
:1002f0002130c2005b00c004030003249700c31434
:1003000006000224b081838fac8182af03006010ad
:100310008c8180af585d400f000000005c828293aa
:100320007080838f8001427c120043101400bf8fc5
:100330000f004014708082afac81828f01000324d3
:100340007a0043100200442829008014020004248b
:100350003500441006000424050044141400bf8f27
:100360001000b08f1800bd27585d400bb08183afdf
:100370001400bf8f1000b08f0800e0031800bd27e5
:10038000010003245500431002000324420043509f
:100390000080023ce2ff40545c8282930080023c79
:1003a00068044224029d033c400041d418b462d446
:1003b000000086440080103c210080462100224c31
:1003c000019d053c0004042604d7a5248c8180af40
:1003d0000000064400006744fe6e400f400040f4f9
:1003e0001e6c400f00040426cdff00105c82829337
:1003f000dfff4014a881828f0080043ca804868c13
:10040000ac04878c610040140080103c019d053cc9
:1004100004d7a52400040426fe6e400fa88183aff4
:100420000c00001000040426a881828f0080043c88
:10043000b004868c5c0040100080103c019d053c9f
:1004400074d7a52400040426fe6e400fa88180af57
:10045000000404261400bf8f1000b08f1e6c400be8
:100460001800bd27060006244992023c932442242a
:100470001800c200c31f0600101000002110460023
:100480008310020023104300c018020023106200f2
:100490009cff00102310c200680442244800438cd3
:1004a0002130c3006400c32c4600601063000324a5
:1004b000480046ac0080103c019d053c0004042629
:1004c00044d7a524fe6e400f8c8180af1e6c400f78
:1004d0000004042692ff00105c8282930080023c9c
:1004e000680442249000438c2130c3003800c004cb
:1004f0006400c3283900601463000324900043acf7
:10050000630006240080103c019d053c0004042685
:100510002cd7a524fe6e400f8c8180af1e6c400f3f
:10052000000404267eff00105c828293a881838fe2
:100530000080043cf804868c0d0060140080103ca0
:10054000019d053c2cd7a52400040426fe6e400f17
:10055000a88182afbfff0010000404260500032419
:1005600068ffc31002000224c0ff00104992023c41
:10057000019d053c5cd7a52400040426fe6e400fb7
:10058000a88180afb3ff001000040426019d053c44
:1005900018d7a52400040426fe6e400fa88180af62
:1005a000acff001000040426019d053c44d7a5249f
:1005b00000040426fe6e400fa88183afa5ff001043
:1005c00000040426480043acbaff00106300062470
:1005d000900040accbff001025300000c9ff001098
:0405e000900046ac95
:020000040000fa
:020000041d01dc
:1005e4000d0a00000d0a3e000d0a53617665642071
:1005f400636f6e66696775726174696f6e206c6f84
:10060400616465640d0a00004e6172726f7753680d
:1006140069667443656e7465724672657109256610
:100624000d0a00004e6172726f77536869667448f0
:100634007a0925660d0a000057696465536869667e
:100644007443656e746572467265710925660d0a98
:1006540000000000576964655368696674487a0944
:1006640025660d0a000000004261756452617465dc
:100674000925660d0a000000546f6e6546696c74a6
:100684006572427742724d756c740925660d0a00d5
:100694004d61726b486f6c645468726573680925a8
:1006a400660d0a004175746f7374617274546872d4
:1006b4006573680925660d0a000000004175746fb2
:1006c400737461727453687574646f776e53656381
:1006d4006f6e64730925640d0a0000004b6f734448
:1006e400726f705365636f6e64730925660d0a003b
:1006f4004167635461726765744c6576656c09255e
:10070400660d0a004167634c7066460925660d0a4a
:1007140000000000557365496e7075744270660977
:1007240025640d0a000000005573654c696d6974f9
:1007340065720925640d0a005573654167630925cf
:10074400640d0a004167634d61784761696e09254c
:10075400660d0a004e6f4c6f6f700925640d0a0018
:100764005769646553686966740925640d0a000055
:100774004175746f73746172740925640d0a000005
:100784004b4f530925640d0a000000004166736b4a
:100794004f7574707574436f6e74696e756f75738d
:1007a4000925640d0a0000004175746f7374617249
:1007b40074476f6f6443686172730925640d0a009e
:1007c4004454430925640d0a00000000496e707505
:1007d40074427066427753686966744d756c740927
:1007e40025660d0a00000000446174614c70664285
:1007f4007742724d756c740925660d0a000000007d
:100804004e6172726f77486645710925660d0a005c
:1008140057696465486645710925660d0a0000003c
:100824004672657141646a50657263656e74092528
:10083400660d0a004c696e65467265710925660d80
:100844000a0000005766537369640925730d0a0092
:10085400576650770925730d0a00000055736245e9
:1008640063686f0925640d0a000000005573624235
:100874006175640925750d0a000000004c6f6f70e6
:1008840053656e73654c706642724d756c740925c0
:10089400660d0a00426f6f74546f4d6f64656d0985
:1008a400310d0a6d6f64656d0d0a00005573625455
:1008b4006f426175646f74417070656e644c660953
:0808c40025640d0a000000008c
:020000040000fa
:020000041d01dc
:1008cc00a0ffbd27019d023c2c00a2af019d023c64
:1008dc003000a2af019d023c2800a2af019d023c5a
:1008ec002400a2af019d023c5800beaf5000b6af31
:1008fc004c00b5af4400b3af5c00bfaf5400b7af12
:10090c004800b4af4000b2af3c00b1af3800b0af5c
:10091c0025b0800025f0a00025a8c0000a001324f3
:10092c00120000102000a2af2400a28f2528c002c4
:10093c00a86d400fd03444244e6d400f01000424a8
:10094c00586e400f000000002000a28f2528600286
:10095c00ffff7326a86d400f943544244e6d400f55
:10096c00010004244c0060125c00bf8f01000224c3
:10097c001500a212020007242538a0021000a0af17
:10098c00253000002528c002a24c400fc7000424cb
:10099c002588400001000224e3ff22162580200256
:1009ac001d5d400fc700042409005010258840002d
:1009bc002800a28f2528c002a86d400f00354424c2
:1009cc00ddff001000000000ecff001002001524f9
:1009dc001800a0a72580a002251000001800b7273a
:1009ec000120032e3800601021a0c2030100052451
:1009fc00580040101b00a427f3ff02248b6c400fff
:100a0c001b00a2a3252800028b6c400f252080021e
:100a1c00b8808293060040140200102402000524c2
:100a2c008b6c400f2520e002b880829302001024ca
:100a3c00030012240a900202010003240a806200bf
:100a4c0025284002ac6b400f2520e0028a11f07e75
:100a5c000500401421b8f202feffe392c300022409
:100a6c000d0062105c00bf8f2c00a28f1a00a793a0
:100a7c001900a6931800a5933c354424a86d400f8b
:100a8c00258800003000a28f316c400f6c35442457
:100a9c00a9ff001000000000251020025800be8f96
:100aac005400b78f5000b68f4c00b58f4800b48ff0
:100abc004400b38f4000b28f3c00b18f3800b08f30
:100acc000800e0036000bd27002052241b00a4276f
:100adc00010005240e0040142096127cf1ff022424
:100aec008b6c400f1b00a2a3002005248b6c400fc5
:100afc0025208002b880829300e00326100040106d
:100b0c00ffff7030ffff7030b5ff00102510400262
:100b1c00f2ff02241b00a427010005248b6c400f5c
:100b2c001b00a2a3252080028b6c400f0020052403
:100b3c00b880829300e01026f3ff4014ffff1032c0
:100b4c00020005248b6c400f2520e002a4ff00104e
:100b5c0025104002f3ff02248b6c400f1b00a2a354
:100b6c00252800028b6c400f25208002b8808293d0
:100b7c00abff405002000524020010240300122495
:080b8c00b0ff00100300052476
:020000040000fa
:020000041d01dc
:100b9400fcff8424ff008430e0ffbd273100822c59
:100ba4001c00bfaf1800b1afa20040101400b0afda
:100bb400019d023c80200400cc0b42240a20447c8a
:100bc400080080002588c000300d019d380e019d6d
:100bd400500d019d380e019d380e019d700d019d33
:100be400380e019d380e019d380e019d380e019d71
:100bf400380e019d380e019d380e019d900d019d0a
:100c0400380e019db80d019d380e019d380e019dd1
:100c1400380e019d380e019d380e019d380e019d40
:100c2400380e019dd80d019d380e019d380e019d91
:100c3400380e019d380e019df80d019d380e019d61
:100c4400380e019d380e019d380e019d380e019d10
:100c5400380e019d380e019d380e019d380e019d00
:100c6400900c019d380e019db00c019d380e019d24
:100c7400380e019dd00c019d380e019d380e019d4a
:100c8400f00c019d380e019d100d019d02000424fd
:100c94000080103c706b05261c00bf8f1800b18fbc
:100ca4001400b08f2f48400b2000bd270080103c5b
:100cb400252020022538000004000624a05a400ff5
:100cc400706b0526f3ff0010030004240080103c21
:100cd400252020022538000064000624a05a400f75
:100ce400706b0526ebff0010040004240080103c08
:100cf400252020020100072414000624a05a400fd6
:100d0400706b0526e3ff00100b0004240080103ce8
:100d1400252020022538000004000624a05a400f94
:100d2400706b0526dbff00100c0004240080103ccf
:100d3400252020022538000004000624a05a400f74
:100d4400706b0526d3ff0010010004240080103cc2
:100d5400252020020100072430000624a05a400f59
:100d6400706b0526cbff0010050004240080103ca6
:100d7400252020020100072464000624a05a400f05
:100d8400706b0526c3ff0010060004240080103c8d
:100d9400252020022538000004000624706b052657
:100da400cf8080a3a05a400f00000000b9ff0010bc
:100db400070004240080103c252020022538000070
:100dc4002c000624a05a400f706b0526b1ff0010ba
:100dd400080004240080103c25202002253800004f
:100de40008000624a05a400f706b0526a9ff0010c6
:100df400090004240080103c253800000800062463
:100e0400706b0526a05a400f25202002ce808693c1
:100e14000800242601000724a05a400f706b052601
:100e2400ce808393706b02260a00042499ff00107d
:100e3400100043a4019d043c316c400fd0e3842492
:100e44001c00bf8f1800b18f1400b08f1c00042445
:080e5400526f400b2000bd2786
:020000040000fa
:020000041d01dc
:100e5c00e8ffbd27b80b04241400bfaf446c400f4f
:100e6c001000b0afa2004010848182afb06f400f71
:100e7c0086bf103c004002242530000025280000cd
:100e8c0025200000380202ae476b400f0000000026
:100e9c0020030224148182af1481828ffeff401c38
:100eac0001000224340302ae02000224148182af3a
:100ebc001481828ffeff401c01000224380302ae15
:100ecc00803e0224148182af1481828ffeff401c6d
:100edc00000000008a6d400ffd000424b1000624c0
:100eec0025280000476b400f010004248a6d400f39
:100efc00ae0004248a6d400f150004242530000038
:100f0c0025280000476b400f010004247f000624b5
:100f1c0025280000476b400f010004248a6d400f08
:100f2c00750004242530000025280000476b400f75
:100f3c00010004247f00062425280000476b400f85
:100f4c00010004248a6d400fa000042477000624bd
:100f5c0025280000476b400f010004248a6d400fc8
:100f6c00a20004242530000025280000476b400f08
:100f7c00010004248a6d400fa60004248a6d400fe2
:100f8c00ab0004240100062425280000476b400f09
:100f9c00010004248a6d400faf0004248a6d400fb9
:100fac00b10004243200062425280000476b400fb2
:100fbc00010004248a6d400fb3000424f1000624c0
:100fcc0025280000476b400f010004248a6d400f58
:100fdc00b4000424a000062425280000476b400f11
:100fec0001000424b500062425280000476b400f9f
:100ffc00010004245500062425280000476b400fef
:10100c00010004248a6d400fb50004240b00062453
:10101c0025280000476b400f010004248a6d400f07
:10102c00b60004240100062425280000476b400f5d
:10103c00010004248a6d400fbb0004241700062411
:10104c0025280000476b400f010004248a6d400fd7
:10105c00be0004240500062425280000476b400f21
:10106c00010004248a6d400fc1000424880006246a
:10107c0025280000476b400f010004247000062453
:10108c0025280000476b400f01000424880006242b
:10109c0025280000476b400f010004248a6d400f87
:1010ac00c70004240f00062425280000476b400fbe
:1010bc00010004248a6d400fca0004247f0006241a
:1010cc0025280000476b400f010004248a6d400f57
:1010dc00af0004241400bf8f1000b08f2530000027
:1010ec002528000025200000476b400b1800bd2769
:1010fc00029d043c9f6e400f90bd84245bff00104a
:04110c0000000000df
:020000040000fa
:020000041d01dc
:101110008c81828fe8ffbd271400bfaf0f00401005
:101120001000b0afa881848f1f008014ac81838f22
:1011300021104300490040040200042479004414b3
:1011400006000324b081828fac8183af030040107e
:101150008c8180af585d400f000000005c8282935c
:101160007080838f8001427c0c0043101400bf8f7d
:1011700009004014708082afac81828f010003248b
:101180005800431006000424520044101400bf8f7e
:1011900023004010a881828f1400bf8f1000b08ff1
:1011a0000800e0031800bd27390060100100042486
:1011b000ebff64545c8282930080103c680410262c
:1011c000029d033c00b462d4780001d60000824442
:1011d000210080462100224c3c0022465a00024554
:1011e000029d023c780002f6804a400f0000000099
:1011f0007800068e7c00078e019d053c0080103c27
:1012000000040426acd8a524fe6e400f8c8180af6c
:101210001e6c400f00040426d1ff00105c828293f4
:101220004f004014019d043c019d043c90d884244f
:101230001e6c400fa88183af0080023cd804428c12
:101240005a0040141400bf8f1000b08f019d043c61
:10125000a4d884241e6c400b1800bd27060002246d
:101260004992033c9324632418004300c3270200df
:10127000101800002118620083180300231864006e
:10128000c020030023188300aeff00102318430082
:101290000080103c680410267000028e019d043c02
:1012a00090d884240100422c700002ae1e6c400fc6
:1012b0008c8180af7000028e1f004054019d043c61
:1012c000019d043c1e6c400fa4d88424a4ff001090
:1012d0005c8282931000b08f1800bd27585d400bd0
:1012e000b08183afa881838f0080043ce004868caa
:1012f000e404878c260060100080103c019d053cb2
:10130000dcd8a52400040426fe6e400fa88180af1f
:10131000000404261400bf8f1000b08f1e6c400b19
:101320001800bd270500042486ff44100100032493
:10133000ccff00104992033c1e6c400fa8d88424b7
:1013400087ff00105c82829328b442d43c1120466f
:10135000a5ff0745780002f6a3ff0010780000f60d
:10136000c4d884241e6c400fa88180af0080023c4a
:10137000d804428c0d0040141400bf8f1000b08fb1
:10138000019d043cd8d884241e6c400b1800bd2756
:10139000019d053cacd8a52400040426fe6e400f38
:1013a000a88182afdbff0010000404261000b08f7c
:1013b000019d043ca8d884241e6c400b1800bd2756
:020000040000fa
:020000041d01dc
:1013c0008c81828fe8ffbd271400bfaf1000401052
:1013d0001000b0afa881848f20008014ac81838f6f
:1013e0002110430049004004020004247f004414fb
:1013f00006000324b081828fac8183af03004010cc
:101400008c8180af585d400f000000008c8180af60
:101410005c8282937080838f8001427c0c00431039
:101420001400bf8f09004014708082afac81828f9e
:1014300001000324600043100600042459004410f6
:101440001400bf8f22004010a881828f1400bf8f2c
:101450001000b08f0800e0031800bd2738006010ae
:1014600001000424eaff64548c8180af0080103caa
:1014700068041026029d033c00b462d4300001d6fb
:1014800000008244210080462100224c3c0222467a
:1014900061000845029d023c300002f6804a400f80
:1014a000000000003000068e3400078e019d053cd0
:1014b0000080103c00040426fe6e400f9cd9a52439
:1014c0001e6c400f00040426d1ff00108c8180aff9
:1014d0000080043c9004868c9404878c5400401057
:1014e0000080103c019d053cb4d9a52400040426cd
:1014f000fe6e400fa88180af000404261400bf8f49
:101500001000b08f1e6c400b1800bd27060002248f
:101510004992033c9324632418004300c32702002c
:1015200010180000211862008318030023186400bb
:10153000c020030023188300aeff001023184300cf
:101540000080103c68041026029d033c00b462d465
:10155000280001d600008244210080462100224c50
:101560003c00224626000045029d023c280002f66f
:10157000804a400f000000002800068e2c00078ed5
:10158000019d053c0080103c00040426fe6e400fc7
:1015900084d9a5241e6c400f000404269cff001073
:1015a0008c8180af1000b08f020002241800bd278c
:1015b000585d400bb08182afa881838f0080043cce
:1015c0009804868c9c04878c200060140080103c5a
:1015d000019d053c9cd9a52400040426fe6e400f05
:1015e000a88182afc5ff0010000404260500042472
:1015f00080ff441001000324c6ff00104992033c01
:1016000028b442d43c112046d9ff0745280002f6f1
:10161000d7ff0010280000f628b442d43c1320461f
:101620009eff0f45300002f69cff0010300000f6d0
:10163000019d053c84d9a52400040426fe6e400fbc
:10164000a88183afadff001000040426019d053c76
:10165000ccd9a52400040426fe6e400fa88180afdb
:08166000a6ff0010000404269f
:020000040000fa
:020000041d01dc
:10166800e8ffbd271000b0af86bf103c2001028ef6
:101678000002427c640040101400bfaf0080023cae
:10168800b004438c08000224380302ae4011030062
:101698002310430080100200211043008011020033
:1016a800648082af2003028ec000427c700040102c
:1016b80000040224340302ae2003028e4001427c5f
:1016c800100040100080023c680442248800438ccb
:1016d80015006010000000004880838f2f006050c4
:1016e800500040d46080828f3d00405000010224a9
:1016f800ffff422439004010608082af00010224bd
:10170800380102ae2001028e0002427c39004010ee
:101718001400bf8f10000224380102ae1000b08ff1
:101728000800e0031800bd272004038e2004048e5f
:101738004219030082210400261864000100633066
:10174800e5ff6054988180af9881838f01006324fe
:101758005100642ce0ff8014988183af029d033c04
:1017680038c362d4029d033c500041d430c360d4d6
:10177800020820463e112046550007450100224632
:101788000d00204600000344608083af4880838fab
:10179800d5ff60546080828f500040d4029d023c87
:1017a80038c342d4029d023c30c344d402002446cc
:1017b8003e1220463d000a450d0020460100224603
:1017c8000080033c0d002046000002442510430021
:1017d800608082afc7ff4014ffff4224000102244b
:1017e800340102ae2001028e0002427cc9ff40147f
:1017f8001400bf8f10000224340102ae1000b08f15
:101808000800e0031800bd272002028ec003427cb6
:10181800a4ff40100080023c68044224400040d4e9
:101828003c002c46150003459000438c6480828f51
:1018380021004050c8818293ffff4224648082af18
:10184800409c03342b18430027006014c8818393fd
:1018580008000224380302ae2171400f0000000086
:101868002003028ec000427c92ff40140004022430
:10187800380302ae90ff0010000000003881848f0a
:101888002b188300eaff60546480828f4800438ce1
:101898004011030023104300801002002110430070
:1018a80080110200e6ff0010648082af000002444d
:1018b800c8ff0010608082af01004054c88180a337
:1018c80008000224340302ae76ff00100000000076
:1018d8000080043c0d0020460000034425186400e5
:1018e800aaff0010608083af01006054c88180a304
:1018f800d7ff401408000224340302ae69ff001029
:0419080000000000db
:020000040000fa
:020000041d01dc
:10190c003c00828c4c00838cd0ffbd271400b1afff
:10191c002b1843001000b0af2c00bfaf2800b6af9f
:10192c002400b5af2000b4af1c00b3af1800b2afa9
:10193c0025808000330060102588a000010043241e
:10194c003c0083ac00005290d5ff42264408027c38
:10195c001600401425a000003c00028e4c00038ea3
:10196c002d00523a2b1843002a0060100100542e0f
:10197c00010043243c0003ae00005290d0ff4226ed
:10198c000a00422c0a004014d0ff42260900201203
:10199c000a00422c4c00028e05004010d0ff42265b
:1019ac003c00028effff42243c0002aed0ff4226d8
:1019bc000a00422c1b004014259800004c00028e9b
:1019cc00040040100080153c3c00028effff4224b6
:1019dc003c0002ae2c00bf8f251060022518a0021f
:1019ec002800b68f2400b58f2000b48f1c00b38f55
:1019fc001800b28f1400b18f1000b08f0800e003f4
:101a0c003000bd277162400f00000000ceff0010b7
:101a1c00259040007162400f25200002d7ff001076
:101a2c0025904000cc0c153cccccb5363c00028e3d
:101a3c004c00038e2b1843001d0060100100432442
:101a4c003c0003ae000051900a000224021862729e
:101a5c00d0ff22260a00422c21987200040040106c
:101a6c00d0ff73262a107502f0ff40142590200237
:101a7c004701163cc3af130015aed636d0ff222655
:101a8c000a00422c120040142a10b6024c00028e9e
:101a9c00400040543c00028eceff8012238815007b
:101aac00239813002b101300caff001023a8220246
:101abc007162400f25200002e3ff001025884000d2
:101acc007162400f25200002120000100a0003244e
:101adc0026004010ffffc2260500a216e17a023c48
:101aec00ae4742242b10620221004050d0ff312619
:101afc003c00028e4c00038e2b184300f0ff60104c
:101b0c0000000000010043243c0003ae00004290a2
:101b1c000a000324190073001290000010980000b2
:101b2c000220757021989300c3271100218851025f
:101b3c002b1832022120640221186400d0ff3326b6
:101b4c002b887102ffff632421a82302cbff001016
:101b5c00258840004c00038e2b18430009006010b0
:101b6c00010043243c0003ae00005190d0ff31260d
:101b7c000a00312ef7ff20563c00028ec4ff0010e5
:101b8c004c00028e7162400f25200002f7ff0010fe
:101b9c0025884000ffff4224bfff00103c0002ae2e
:020000040000fa
:020000041d01dc
:101bac00d0ffbd273800aef71c00b3af1800b2afa2
:101bbc003c00b38f3800b28f2c00bfaf4010130025
:101bcc00c21f120025106200402812002518a20026
:101bdc002800b6af2400b5af2000b4af1400b1afed
:101bec001000b0af0f0060103000acf7f07f043c79
:101bfc0000f0667e010083242b18c3000a006010dd
:101c0c003000a0d70300c4143400b48f0700401672
:101c1c003800a1d7ff0703240055957e1100a316a9
:101c2c003000a48f3000a0d73800a1d70200214685
:101c3c00030020463000a0f72c00bf8f3000a0d747
:101c4c002800b68f2400b58f2000b48f1c00b38ff2
:101c5c001800b28f1400b18f1000b08f0800e00391
:101c6c003000bd27c2370400401814002518c300eb
:101c7c002b3843000e00e0144030040003006214c3
:101c8c002b38a6000a00e01400000000ebffa6149d
:101c9c002c00bf8feaff43543000a0d700008044d3
:101cac003000a1d70000e044e2ff001002082046fb
:101cbc003a00a01602150400001b1400251843005e
:101ccc00001304002f006104010006242330d5000a
:101cdc00d56d400f252880022580400025886000a6
:101cec000055767e3800c016021d1200001313003a
:101cfc0025106200002312002d004104010006246f
:101d0c002520400225286002d56d400f2330d600d7
:101d1c002598600025904000231812022b20030206
:101d2c0023103302231044002a20d5022a008014e9
:101d3c00000000000400400425206200d7ff801042
:101d4c002580600025884000021511002d004050b0
:101d5c00c21710003000a05a01000624f0ff033c0b
:101d6c0021882302001d15002518710025288002ea
:101d7c0004f0057c2538a3003000b0afaeff001096
:101d8c003400a7afc237020040280300ffffb5267e
:101d9c002518c500cbff0010401002000098837e70
:101dac001000113c25808000cdff001025882302f7
:101dbc00c22f040040180200ffffd6262510a300f6
:101dcc00cdff0010402004000098737e1000033cef
:101ddc00d1ff0010259873000400400425206200f8
:101dec00aeff80102580600025884000c2171000cf
:101dfc00408811002588510040801000c6ff00105b
:101e0c00ffffb52640881100258851004080100046
:101e1c00cdff0010ffffb526252000022330d50092
:101e2c00c66d400f25282002d0ff001025804000f1
:020000040000fa
:020000041d01dc
:101e3c00c0ffbd270080033c2400b3afe80263243d
:101e4c0000990400211073002800b4af25a0800075
:101e5c000000448c1c00b1af3c00bfaf3800beafdb
:101e6c003400b7af3000b6af2c00b5af2000b2af26
:101e7c001800b0af090080105000b19704004494d2
:101e8c00ffff8430060080103c00bf8f0a00429098
:101e9c00010004240d0082100080023c3c00bf8f26
:101eac003800be8f3400b78f3000b68f2c00b58f42
:101ebc002800b48f2400b38f2000b28f1c00b18f88
:101ecc001800b08f0800e0034000bd272580a0005b
:101edc0025a8c00025b0e0001400a2af0600b1a4f4
:101eec009803522421b873000400e29625380000b0
:101efc002520c002231022022016027c3a00401832
:101f0c001000a3af0400fe960000e58effffde3349
:101f1c00a05a400f2530c003060002960000e48e44
:101f2c0004001ea623105e00000004ae060002a6ec
:101f3c0003000c8a07000b8a0b000a8a0f00098a1f
:101f4c001300078a1700028a0c00099a1000079ade
:101f5c001400029a00000c9a04000b9a08000a9aca
:101f6c001400a38f253040022528a00225208002d2
:101f7c0098036cac04004bae08004aae140042aea1
:101f8c000c0049aeeb56400f100047ae0a00e2922f
:101f9c0023883e02ffff3132ff00423021b0de02c7
:101fac003f0040141000a38f0100072425300000cf
:101fbc0025280000b9ff201225200000a05a400f50
:101fcc00000000001000a38f253800002520c0025f
:101fdc0021b873000400e296231022022016027c22
:101fec00c8ff401c1000a3af0000e58e2530200276
:101ffc00a05a400f01000724060002960000e38e51
:10200c00040011a623885100060011a6000003ae9f
:10201c0003000a8a0700098a0b00088a0f00078a46
:10202c001300038a1700028a0c00079a1000039a07
:10203c001400029a00000a9a0400099a0800089aef
:10204c001400ab8f253040022528a00225208002e9
:10205c0098036aad040049ae080048ae140042aec5
:10206c000c0047aeeb56400f100043ae3c00bf8f48
:10207c000a00e2923800be8f3400b78f3000b68f62
:10208c002c00b58f2800b48f2400b38f2000b28fa2
:10209c001c00b18f1800b08f0800e0034000bd2772
:1020ac0091ff201621b873007dff00103c00bf8ffc
:020000040000fa
:020000041d01dc
:1020bc00d8ffbd270d00822c2400bfaf8d0040102f
:1020cc002000b0af80100400019d043ce820842463
:1020dc000a20827c080080002580a0006c21019dd4
:1020ec007821019d8421019d9c21019db021019da0
:1020fc00c821019d1422019d2c22019d4022019d8d
:10210c006422019de822019d1c21019d5421019d09
:10211c000c00028e0000a58c0800048e0400038eb7
:10212c00e88182af01000224dc8185afd48184afc9
:10213c00e48183afed8082a32400bf8f2000b08f99
:10214c000800e0032800bd272400bf8f2000b08fbb
:10215c00019d043c24588424316c400b2800bd277d
:10216c0001000224f4ff0010f18082a3010002247c
:10217c00f1ff0010ec8082a32400bf8f2000b08ff1
:10218c00019d043c78588424316c400b2800bd27f9
:10219c000000a29001000324ee8083a3e6ff001050
:1021ac00e48082af019d043c316c400f04588424c0
:1021bc0001000224e0ff0010ea8082a32500a29017
:1021cc002400a3902300a4900012020021104300cd
:1021dc00001202002200a390211044000012020001
:1021ec000080043c21104300dc0384248952400ffe
:1021fc00dc8182af2c00029201000324e88083a3cf
:10220c00cdff0010e08182a3019d043c316c400f96
:10221c004c58842401000224c7ff0010eb8082a3d9
:10222c000000a29001000324f08083a3c2ff0010e1
:10223c00d88182a30080043c0a00a5248952400f57
:10224c00dc0384240100029201000324ef8083a3a9
:10225c00b9ff0010e08182a3019d043c316c400f5a
:10226c00a8578424019d043ca86d400fcc578424ae
:10227c0006000492050003920400029203000792e8
:10228c0002000692000005961800a4af019d043cc4
:10229c001400a3af1000a2afa86d400fe057842428
:1022ac0000000296d107422ca4ff40142400bf8fdb
:1022bc000300038a0700028a010004240000039a29
:1022cc000400029ac88184a3a38283aba08283bb3f
:1022dc00a78282ab98ff0010a48282bb019d043cb4
:1022ec00316c400fa45884240100022492ff00108a
:1022fc00e98082a325288000019d043ca86d400f35
:0c230c00c45884248dff00102400bf8ff3
:020000040000fa
:020000041d01dc
:102318008c81828fe8ffbd271400bfaf16004010e4
:102328001000b0afa881848f2e008014ac81838ff9
:10233800211043000c004004060003244992033c8a
:102348009324632418004300c327020010180000d8
:10235800211862008318030023186400c0200300ba
:102368002318830023184300b081828fac8183af88
:10237800330040148c8180af5c8282937080838f9d
:102388008001427c140043101400bf8f11004014d8
:10239800708082afac81828f0700432c0d006010e3
:1023a80080180200019d023cc02342240a10437c8d
:1023b8000800400000000000f024019d0825019d50
:1023c8007024019d8c24019d9424019de824019d85
:1023d8005824019d1400bf8f1000b08f0800e0033f
:1023e8001800bd2704000224e4ff62145c82829373
:1023f8000080103c680410268000028e019d043c79
:102408002cd684240100422c800002ae1e6c400fa2
:102418008c8180af8000028e3b004050019d043cbf
:10242800019d043c1e6c400f48d68424019d043c49
:102438001e6c400f24d68424d0ff00105c82829347
:10244800585d400f00000000ccff00105c828293b2
:102458001400bf8f1000b08f1800bd27b08180af67
:10246800b56a400bac8180af050002241400bf8f11
:102478001000b08f1800bd27b08182af585d400ba7
:10248800ac8180aff9ff001006000224a881828f7a
:1024980021004014019d043c019d043c01000224dc
:1024a8002cd684241e6c400fa88182af0080023c89
:1024b800e804428c24004054019d043c019d043ce6
:1024c8001e6c400f44d684241400bf8f1000b08fb8
:1024d800019d043c24d684241e6c400b1800bd27a3
:1024e800e2ff0010020002241400bf8f1000b08f1a
:1024f800030002241800bd27585d400bb08182af4d
:10250800daff0010040002241e6c400f44d6842415
:10251800c7ff0010019d043c4cd684241e6c400f5c
:10252800a88180af0080023ce804428c0a00401475
:102538001400bf8f1000b08f019d043c44d6842442
:102548001e6c400b1800bd271e6c400f48d6842413
:10255800deff00101400bf8f1000b08f019d043cf7
:0c25680048d684241e6c400b1800bd27d0
:020000040000fa
:020000041d01dc
:102574000000acf70400a38ff07f023c242062002b
:10258400050082140000a58f21608c4d0000a0f787
:102594000800e0030000a0d70e00601c2510a00076
:1025a40000f0647c25208500f9ff80100000000005
:1025b40072006010252000000000a0d70080023cbb
:1025c4002100032401002046346c43acefff0010cb
:1025d40003002046032503005d0080102528000029
:1025e40001fc87240098637c1000043c25186400d7
:1025f4000100e43004008010c227020040180300e8
:102604002118640040100200c22702004018030091
:102614002118830040100200160008242000043c06
:1026240025280000253000002148c4002a506900f4
:1026340005004055c24f02002130240123186900cf
:102644002128a400c24f020040180300ffff082500
:102654002118230140100200f3ff0015422004005a
:102664002520000020000b240080093c2a60c300c0
:1026740005008015215028010f0066142b604a00c4
:102684000e008055c2570200214049010300410554
:102694002560c000010003050100cc242318660056
:1026a4002b304a000100c054ffff632423104a006a
:1026b4002120890025308001c25702004018030000
:1026c400ffff6b252118430140100200e7ff60154e
:1026d40042480900251862000c006010029d023c6b
:1026e400a0c340d4029d023ca8c342d401012246a7
:1026f4003e00244605000045ffff022424008254c6
:10270400800022460100a524252000000100a230fb
:1027140003004010422004000080023c2520820077
:1027240043280500e03f023c433807002128a2006b
:10273400003d07002118e5000000a4af94ff00103d
:102744000400a3afc21a0200ebffa5244015020047
:10275400fcff60101000073c243067000900c01023
:10276400233004000630c200ffff872404108200d7
:102774002518c3009aff00102320a700f4ff0010bf
:102784002528000040180300f3ff001001008424f2
:102794003c01224605000445feff0224010082504c
:1027a4000100a524d9ff0010020084240100842420
:0827b400d6ff00100400047cb4
:020000040000fa
:020000041d01dc
:1027bc0082bf033c400002240a280400141262acbd
:1027cc008600c010000000001012628c2000423005
:1027dc00060040142b58a7002012628c1012628c39
:1027ec0020004230fcff40102b58a7002310e500be
:1027fc000a100b00255840000012628c0008423071
:10280c006a00401000000000823807008228050092
:10281c0082580b001012628c08004230fdff4010f1
:10282c002540000025480000255000001b004511e4
:10283c00000000000012628c000842304000401082
:10284c0001004c2580500a000a108a7c255080011a
:10285c00201262ac16002711000000001012628cce
:10286c0020004230fdff40142b10270120126c8ced
:10287c00eeff4010000000000012628c0008423095
:10288c003a00401001002d25804809002148c9005c
:10289c0000002cade7ff45152548a0011300601181
:1028ac0000000000201260acecff2715ffff6b2529
:1028bc001012628c08004230fdff40100000000036
:1028cc001012628c20004230d8ff4014000000002f
:1028dc002012628c1012628c20004230fcff4010df
:1028ec0001000825d1ff0010000000001012628cbe
:1028fc0080004230fdff40102b10e5000e00401010
:10290c002328a7000c000511000000001012628c97
:10291c0020004230fbff4014000000002012628cab
:10292c001012628c20004230fcff40100100082580
:10293c00f6ff0515000000000800e003010002246a
:10294c000012628c00044230110040508a118a7cc3
:10295c0040500a0021508a00000042952550800109
:10296c00201262acbbff0010000000000012628c51
:10297c00000442300a0040502148c90040100900b0
:10298c002110c20000004ca4a8ff00102548a00193
:10299c0025508001201262acaeff00100000000038
:1029ac0000002ca1a1ff00102548a0010012628c90
:1029bc000004423097ff4010000000001012628c9f
:1029cc0042380700422805000800423091ff4010b1
:1029dc0042580b0093ff0010254000001012678c2a
:1029ec002000e7307cffe0102558000082ff00102b
:0429fc00253800007a
:020000040000fa
:020000041d01dc
:102a000086bf033c2001628c98ffbd273c00bfaf0e
:102a1000c001427c3800b3af3400b2af3000b1af78
:102a20002c00b0af5800baf75000b8f74800b6f71e
:102a30007f0040144000b4f7029d023cf8b344d438
:102a40002001628c4003427c6c0040100080023cfc
:102a500068045224029d023c180042d6c0b340d400
:102a6000100041d68016224602102046020024465d
:102a70008108204600082046808282f7608280f725
:102a8000280041d6200054d6029d023cc8b344d44d
:102a9000020d3446029d023cd0b356d4888293275f
:102aa00074829027080071260316344603053446c5
:102ab00002c6244602a524460000648e1000a2f738
:102ac0002530000025380000020005242000b8f75a
:102ad000823d400f1800b6f7608280d70000048e58
:102ae0002000b4f71800b6f71000a0f7253000005a
:102af0002538000002000524823d400f04007326a3
:102b00000300711204001026ebff0010808282d7b0
:102b1000200041d6300040d6029d023cd8b354d4a8
:102b2000020021466c82848f2000b4f71800b6f7ab
:102b3000253000002538000025280000823d400f88
:102b40001000a0f7200041d6300040d69082848f3c
:102b50002000b4f7020021461800b6f72530000027
:102b60002538000025280000823d400f1000a0f706
:102b7000608282d7808280d79482848f1800b6f7d3
:102b800002002246253000002538000002000524fe
:102b90000400204683063a461000a0f7823d400f0d
:102ba0002000baf7680040d6200042d66882848fa1
:102bb0002000b4f7020022461800b6f725300000c6
:102bc0002538000025280000823d400f1000a0f7a6
:102bd0003c00bf8f3800b38f3400b28f3000b18f0c
:102be0002c00b08f5800bad75000b8d74800b6d7dd
:102bf0004000b4d7e657400b6800bd27680440d4b6
:102c000068045224029d023c080041d6c0b354d44b
:102c1000800e2146020d344602a52446810034462a
:102c200000003446808282f795ff0010608280f7b2
:0c2c3000029d023c82ff0010f0b344d46f
:020000040000fa
:020000041d01dc
:102c3c00110d0a0a50574d204146534b206f7574a5
:102c4c0070757420696e697469616c697a65640d5c
:102c5c000a000000426175646f7420554152542083
:102c6c00696e697469616c697a65640d0a000000ab
:102c7c0044796e616d6963207468726573686f6cfa
:102c8c006420696e697469616c697a65640d0a0007
:102c9c0044656661756c7420636f6e666967206c41
:102cac006f616465640d0a0046696c74657273200b
:102cbc00696e697469616c697a65640d0a0000005b
:102ccc0041474320696e697469616c697a65640d6a
:102cdc000a000000446973706c617920696e697434
:102cec0069616c697a65640d0a0000004146534bba
:102cfc002067656e657261746f7220696e697469a4
:102d0c00616c697a65640d0a000000004578746591
:102d1c00726e616c20666c617368204944203d20a2
:102d2c0025782e2053686f756c642062652065666b
:102d3c00333031330d0a0000536176656420636fc4
:102d4c006e666967206c6f616465640d0a00000033
:102d5c00536176656420636f6e666967206e6f746d
:102d6c00206c6f616465642e205573696e672064f6
:102d7c00656661756c7420636f6e6669672e000002
:102d8c005749464920436869702049443a202578c0
:102d9c002e2053686f756c6420626520313530339a
:102dac0061300d0a000000000d0a3e0025662c2043
:102dbc0025662c2025660d0a000000000a4453509d
:102dcc002054550d0a68747470733a2f2f77366936
:102ddc0077692e6f72672f727474752f44737054e9
:102dec0055330d0a000000004275696c6420446183
:102dfc0074653a20000000004d6179203232203297
:102e0c00303236000d0a0d0a000000000c5736490e
:102e1c005749204453502054550d0a004275696c93
:102e2c00640d0a000d0a77366977692e6f72672f69
:102e3c000d0a0000727474792f4473705455330d5d
:102e4c000a00000055534220426175643a202575f2
:102e5c000d0a000057694669204d6f64756c65203a
:082e6c00496e666f0d0a0000bb
:020000040000fa
:020000041d01dc
:102e740060ffbd279400b1af2588a0009800b2afd1
:102e8400252880002590c0006600a4272530200254
:102e94009000b0af9c00bfaf3655400f2580e000d6
:102ea400b000a3972000a227218851006400a3a7a3
:102eb400b400a39303000224460020a28700a3a326
:102ec400130042126100b2a3020002242b0042123a
:102ed400040002243e0042122000a6271800a0afde
:102ee4001400a0af1000a0af6c0007242800052434
:102ef4001c4e400f010004249c00bf8f9800b28f29
:102f04009400b18f9000b08f0800e003a000bd27ab
:102f1400010011920000029202000526ffff232601
:102f2400253020022200a427ffff42242100a3a36e
:102f34003655400f2000a2a32000a227218851006b
:102f4400020020a22000a6271800a0af1400a0af02
:102f54001000a0af6c000724280005241c4e400f6d
:102f6400010004249c00bf8f9800b28f9400b18f9d
:102f74009000b08f0800e003a000bd279055400fdb
:102f840025200002ffff4230252800022000a4274c
:102f94003655400f010046241800a0af1400a0af1e
:102fa4001000a0af2000a6276c00072428000524e9
:102fb4001c4e400f010004249c00bf8f9800b28f68
:102fc4009400b18f9000b08f0800e003a000bd27eb
:102fd400253800022000a227300008260300e688d6
:102fe4000700e5880b00e4880f00e3880000e698fa
:102ff4000400e5980800e4980c00e3981000e72426
:10300400000046ac040045ac080044ac0c0043ace2
:10301400f2ffe814100042240300e5880700e48866
:103024000b00e3880000e5980400e4980d00e690a6
:103034000800e3980c00e890000045ac040044aca0
:103044000d0046a0080043ac0c0048a02000a627b1
:103054001800a0af1400a0af1000a0af6c000724ac
:10306400280005241c4e400f010004249c00bf8f3f
:103074009800b28f9400b18f9000b08f0800e003e5
:04308400a000bd27c4
:020000040000fa
:020000041d00dd
:1012000090ffbd270080023c680442d43400b2af96
:1012100068045224029d023cc0b346d46000bcf76f
:1012200008005cd65000b8f74800b6f782e12646c1
:10123000280040d6200056d65800baf7029d023c3e
:1012400082053646c8b348d400e73c46011126461d
:1012500080102646029d023c4000b4f7d0b354d41f
:101260000226224683263646831536463000b1af25
:10127000888291273800b3af2c00b0af3c00bfafdd
:1012800004c6204674829327808284f7608282f7a6
:101290000800302682d6284682b528461000a4f7da
:1012a0002530000025380000020004242000baf791
:1012b0004564400f1800b4f7608280d72000b6f76d
:1012c0001800b4f71000a0f7253000002538000002
:1012d000020004244564400f000022ae04003126c1
:1012e000000062ae0300301204007326ebff001012
:1012f000808284d7200041d6300040d6029d023c37
:10130000d8b356d4020021461800b4f72000b6f72f
:101310002530000025380000252000004564400fde
:101320001000a0f7200041d6300040d62000b6f7cc
:101330001800b4f7020021462530000025380000cf
:10134000252000006c8282af4564400f1000a0f79a
:1013500003c73c461800b4f71000b8f7253000006a
:101360002538000002000424908282af4564400fbb
:101370002000bcf7029d033ce0b360d42000b6f728
:101380001800b4f71000a0f7253000002538000041
:10139000252000004564400f948282af029d033ceb
:1013a000200040d6e8b362d42000b6f71800b4f7a6
:1013b00002002246253000002538000025200000cc
:1013c000708282af4564400f1000a0f73c00bf8fd1
:1013d0003800b38f3400b28f3000b18f2c00b08f43
:1013e0006000bcd75800bad75000b8d74800b6d76d
:1013f0004000b4d7688282af0800e0037000bd27c8
:020000040000fa
:020000041d01dc
:103088000400a88cb0ffbd274400b7af3800b4af28
:103098002c00b1af4c00bfaf4800beaf4000b6af88
:1030a8003c00b5af3400b3af3000b2af2800b0afca
:1030b80025b880002588a0004c0000050000b48ccd
:1030c8004408147c08003e8e10008a320000d28c1e
:1030d8000400d68c0400401125a8c0032510560210
:1030e80001004054feffd527080089320100205511
:1030f800ffffb5261000308e0c00338e2528a00265
:10310800ffff102621107002000040a00200022ad2
:103118000b00401425105602360040140f004332ad
:1031280023101501211045003300401c0a006428b3
:103138000300a018020082322f0040140000000093
:103148000b004011000000000000c28c0400c38c7a
:10315800251043000600401021107002feff1026c3
:10316800ffff47a03000032421107002000043a095
:103178000400201120000324ffff102621107002f4
:10318800000043a01000268e1000b4af2538c003fd
:10319800ffffc6242330d00021287002aa5b400f0d
:1031a8002520e0020400e38e000163300400601073
:1031b8004c00bf8f0400238e2a2043000b106400ac
:1031c8004800be8f4400b78f4000b68f3c00b58fd3
:1031d8003800b48f3400b38f3000b28f2c00b18f19
:1031e8002800b08f0800e0035000bd27b5ff00108d
:1031f800010008240a006428020080105700622495
:1032080030006224bfffe3241a00632c130060100f
:10321800200043349fff63241a00632c1000605081
:10322800ffff1026252040005c00a7af5800a6af7e
:103238002400a8af2000a5af1c00a9afe66f400f7f
:103248001800aaaf5c00a78f5800a68f2400a88f8b
:103258002000a58f1c00a98f1800aa8fffff102639
:1032680021187002000062a00291120000171600d7
:10327800ffffa52425905200a4ff001002b11600fc
:020000040000fa
:020000041d01dc
:103288003f008224ff004230d8ffbd270f00432ca7
:103298002400bfaf3800a893730060101000a4a3e7
:1032a800019d033c80100200c03263240a10627c36
:1032b8000800400000000000f033019df033019d3c
:1032c8001034019d4c34019dfc32019dfc32019d5e
:1032d8008833019d8833019db433019dd833019d06
:1032e8007034019d7034019d7034019d7034019dce
:1032f8007033019d1100a0a31200a0a705000524aa
:10330800b88082935a004054ffffa5241000a827d4
:10331800ffffa924019d063c213809017f000224f2
:103328002518000102000010a86dc6240000649052
:10333800401002002610440001006324fbff6714bc
:103348008a11c27c2148090140100200000022a114
:103358008b6c400f25200001010002242400bf8f40
:103368000800e0032800bd27ffff02241100a2a3e4
:10337800ffff02241200a2a7e1ff001005000524a8
:1033880002340500021c0700a028057c0212070071
:103398001200a5a71100a6a31400a3a31500a2a3b9
:1033a8001600a7a3d6ff001008000524a030067c4d
:1033b8000214050002342600a028057c1200a5a7e7
:1033c8001100a2a31400a6afcdff00100900052428
:1033d80002140500a028057c1200a5a71100a2a3cd
:1033e800c7ff00100500052402140500a038077c5b
:1033f800a028057c1200a5a71100a2a31400a7a766
:10340800bfff00100700052403000011003aa27c4a
:1034180080ff0324251043001100a2a3023e0600ea
:10342800021c0600021206001200a5a31300a7a39f
:103438001400a3a31500a2a31600a6a3b0ff0010b2
:103448000800052403000011003aa27c80ff032431
:10345800251043001200a5a31100a2a31300a0a3e6
:10346800a7ff001005000524bcff00102510000070
:0c347800ff00a530b6ff00101000a827d0
:020000040000fa
:020000041d01dc
:103484005b6e6d69207370695d3a204661696c6595
:1034940064206461746120726573706f6e7365205b
:1034a400726561642e2e2e2825303278290d0a008b
:1034b400526573657420616e64207265747279203c
:1034c400256420256c7820256c780a005b6e6d6974
:1034d400207370695d3a204661696c656420636d90
:1034e400642c20777269746520626c6f636b20288a
:1034f40025303878292e2e2e0d0a00005b6e6d695a
:1035040020737069205d3a204661696c65642063ac
:103514006d6420726573706f6e73652c20777269a9
:10352400746520626c6f636b202825303878292eef
:103534002e2e0d0a000000005b6e6d692073706909
:103544005d3a204661696c6564206461746120722f
:103554006573706f6e736520726561642c202578c5
:103564002025782025780a005b6e6d6920737069c8
:103574005d3a204661696c656420626c6f636b2000
:10358400646174612077726974652e2e2e0d0000bb
:10359400526573657420616e64207265747279205b
:1035a40025640a005b6e6d69207370695d3a20467c
:1035b40061696c656420636d642c207265616420ac
:1035c400626c6f636b202825303878292e2e2e0ddf
:1035d4000a0000005b6e6d69207370695d3a2046d5
:1035e40061696c656420636d6420726573706f6ecd
:1035f40073652c207265616420626c6f636b202894
:1036040025303878292e2e2e0d0a00005b6e6d6948
:10361400207370695d3a204661696c656420626c50
:103624006f636b206461746120726561642e2e2e59
:103634000d000000526573657420616e642072652c
:1036440074727920256420256c782c2025780a0052
:10365400496e76616c69642063686970207265766e
:103664002c20657870656374656420256c782c2043
:103674007265616420256c780a0000000d0a3e0022
:10368400000000000d0a000042616420636f6d6d4c
:10369400616e642e20486173683d307825782e0d64
:1036a4000a3e000025660d0a3e00000025640d0a4e
:1036b4003e0000000d0a537769746368696e6720e1
:1036c4007465726d696e616c20746f206d6f6465d2
:1036d4006d2e205573652045534320746f20726509
:1036e4007475726e20746f20636f6d6d616e6420eb
:1036f400696e7465727072657465722e0d0a0000cd
:1037040044656661756c7420636f6e666967757273
:103714006174696f6e206c6f616465640d0a3e00ac
:103724000d0a0a43757272656e7420636f6e666962
:103734006775726174696f6e207072696e74656406
:103744000d0a3e000d0a0a43757272656e74206399
:103754006f6e66696775726174696f6e20736176e6
:1037640065640d0a3e0000000d0a526573657474a9
:10377400696e672073797374656d0d0a000000002b
:1037840025780d0a3e000000253032583a253032a3
:10379400583a253032583a253032583a2530325882
:1037a4003a253032580d0a3e000000000d0a496ed9
:1037b400646578207c2052535349207c205353491c
:1037c400440d0a0053534944206e6f74207365748a
:1037d4002e20557365205766537369640d0a3e00a5
:1037e400576946692070617373776f7264206e6fd6
:1037f40074207365742e2055736520576650770db9
:103804000a3e0000436f6e6e656374696e672074d0
:103814006f2025732c2025730d0a3e005353494411
:1038240020746f6f206c6f6e6700000025730d0aa3
:103834003e00000050617373776f726420746f6f81
:10384400206c6f6e6700000025752c2025750d0a0d
:103854003e0000007573620d0a3e00006164630d52
:0c3864000a3e000025750d0a3e00000021
:020000040000fa
:020000041d01dc
:10387000c8ffbd272800b4af4800b48f7f00a23036
:103880003000b6af2c00b5af2400b3af2000b2af0c
:103890001c00b1af1800b0af3400bfaf2580a0004e
:1038a0002588800025b0c00025a8e0004c00b39713
:1038b0005000b2971500a2a3540080121400a4a3d4
:1038c0000800632621184302ffff6330e25c400fcb
:1038d0001600a3a71600a297002a10008c1004243b
:1038e00000140200251051000b71400f25284500df
:1038f000020005240b71400f78100424258000007d
:1039000008000010e80311240300601401001026d1
:103910004e6d400f00000000ffff10323e001112fc
:10392000000000000971400f7810042402004230aa
:10393000f401032ef4ff4014020004241500043c9b
:103940000971400f0004842433004010258040009a
:103950001000a2af1000a48f08000624df65400ffe
:103960001400a5271000a28f080042241000a2af67
:103970000800c012000000001000a48f2530a00233
:10398000df65400f2528c0021000a28f2110a2027f
:103990001000a2af0d008012802810001000a28f2e
:1039a0002390550225306002219042021000b2aff0
:1039b0001000a48fdf65400f252880021000a28f21
:1039c000219862021000b3af802810000200a534d5
:1039d0000b71400f6c1004241667400f00000000ac
:1039e0003400bf8f251000003000b68f2c00b58f3b
:1039f0002800b48f2400b38f2000b28f1c00b18f39
:103a00001800b08f0800e0033800bd270800e32449
:103a1000aeff0010ffff63301667400f000000008c
:103a2000019d043cfdff0524a86d400f68508424cf
:103a30003400bf8ffdff02243000b68f2c00b58ffd
:103a40002800b48f2400b38f2000b28f1c00b18fe8
:0c3a50001800b08f0800e0033800bd270c
:020000040000fa
:020000041d01dc
:103a5c0000e85d4100701a4000601b40e8febd2785
:103a6c001401baaf02601a401001bbaf44781b7c42
:103a7c0000047b370c01baaf00609b4012100000b1
:103a8c000401a2afd800bff7101800000001a3afcb
:103a9c00d000bdf712102000fc00a2afc800bbf78d
:103aac0010182000f800a3afc000b9f712104000a6
:103abc00f400a2afb800b7f710184000f000a3afa5
:103acc00b000b5f710186000a800b3f7a000b2f76b
:103adc00121060009800b1f79000b0f78800aff7b3
:103aec008000aef77800adf77000acf76800abf76c
:103afc006000aaf75800a9f75000a8f74800a7f7ec
:103b0c004000a6f73800a5f73000a4f72800a3f76b
:103b1c002000a2f71800a1f71000a0f7ec00a2af4c
:103b2c00e800a3afb81c3f7c0801a3af00f84244e7
:103b3c00e400a2af4c6e400f00000000e400a28f26
:103b4c0000f8c244fc00a58f0801a38f0401a28fca
:103b5c001308a000f800a58ff8fc617c0001a38f6e
:103b6c001108a000f400a58fd800bfd7d000bdd796
:103b7c001310a000f000a58fc800bbd7c000b9d7a8
:103b8c001110a000ec00a58fb800b7d7b000b5d7c6
:103b9c001318a000e800a58fa800b3d7a000b2d7d7
:103bac009800b1d79000b0d78800afd78000aed7bf
:103bbc007800add77000acd76800abd76000aad73f
:103bcc005800a9d75000a8d74800a7d74000a6d7bf
:103bdc003800a5d73000a4d72800a3d72000a2d73f
:103bec001800a1d71000a0d71300400011006000ee
:103bfc001118a00000606041c00000000c01bb8fd8
:103c0c001401ba8f02609b401001bb8f00709a4068
:103c1c001801bd2700e8dd4100609b401800004200
:020000040000fa
:020000041d01dc
:103c2c0000e85d4100701a4000601b40e8febd27b3
:103c3c001401baaf02601a401001bbaf44781b7c70
:103c4c0000047b370c01baaf00609b4012100000df
:103c5c000401a2afd800bff7101800000001a3aff9
:103c6c00d000bdf712102000fc00a2afc800bbf7bb
:103c7c0010182000f800a3afc000b9f712104000d4
:103c8c00f400a2afb800b7f710184000f000a3afd3
:103c9c00b000b5f710186000a800b3f7a000b2f799
:103cac00121060009800b1f79000b0f78800aff7e1
:103cbc008000aef77800adf77000acf76800abf79a
:103ccc006000aaf75800a9f75000a8f74800a7f71a
:103cdc004000a6f73800a5f73000a4f72800a3f79a
:103cec002000a2f71800a1f71000a0f7ec00a2af7b
:103cfc00e800a3afb81c3f7c0801a3af00f8424416
:103d0c00e400a2afe06e400f00000000e400a28fc0
:103d1c0000f8c244fc00a58f0801a38f0401a28ff8
:103d2c001308a000f800a58ff8fc617c0001a38f9c
:103d3c001108a000f400a58fd800bfd7d000bdd7c4
:103d4c001310a000f000a58fc800bbd7c000b9d7d6
:103d5c001110a000ec00a58fb800b7d7b000b5d7f4
:103d6c001318a000e800a58fa800b3d7a000b2d705
:103d7c009800b1d79000b0d78800afd78000aed7ed
:103d8c007800add77000acd76800abd76000aad76d
:103d9c005800a9d75000a8d74800a7d74000a6d7ed
:103dac003800a5d73000a4d72800a3d72000a2d76d
:103dbc001800a1d71000a0d713004000110060001c
:103dcc001118a00000606041c00000000c01bb8f06
:103ddc001401ba8f02609b401001bb8f00709a4097
:103dec001801bd2700e8dd4100609b40180000422f
:020000040000fa
:020000041d01dc
:103dfc0000e85d4100701a4000601b40e8febd27e2
:103e0c001401baaf02601a401001bbaf44781b7c9e
:103e1c0000047b370c01baaf00609b40121000000d
:103e2c000401a2afd800bff7101800000001a3af27
:103e3c00d000bdf712102000fc00a2afc800bbf7e9
:103e4c0010182000f800a3afc000b9f71210400002
:103e5c00f400a2afb800b7f710184000f000a3af01
:103e6c00b000b5f710186000a800b3f7a000b2f7c7
:103e7c00121060009800b1f79000b0f78800aff70f
:103e8c008000aef77800adf77000acf76800abf7c8
:103e9c006000aaf75800a9f75000a8f74800a7f748
:103eac004000a6f73800a5f73000a4f72800a3f7c8
:103ebc002000a2f71800a1f71000a0f7ec00a2afa9
:103ecc00e800a3afb81c3f7c0801a3af00f8424444
:103edc00e400a2afe164400f00000000e400a28ff8
:103eec0000f8c244fc00a58f0801a38f0401a28f27
:103efc001308a000f800a58ff8fc617c0001a38fcb
:103f0c001108a000f400a58fd800bfd7d000bdd7f2
:103f1c001310a000f000a58fc800bbd7c000b9d704
:103f2c001110a000ec00a58fb800b7d7b000b5d722
:103f3c001318a000e800a58fa800b3d7a000b2d733
:103f4c009800b1d79000b0d78800afd78000aed71b
:103f5c007800add77000acd76800abd76000aad79b
:103f6c005800a9d75000a8d74800a7d74000a6d71b
:103f7c003800a5d73000a4d72800a3d72000a2d79b
:103f8c001800a1d71000a0d713004000110060004a
:103f9c001118a00000606041c00000000c01bb8f34
:103fac001401ba8f02609b401001bb8f00709a40c5
:103fbc001801bd2700e8dd4100609b40180000425d
:020000040000fa
:020000041d01dc
:103fcc0000e85d4100701a4000601b40e8febd2710
:103fdc001401baaf02601a401001bbaf44781b7ccd
:103fec0000047b370c01baaf00609b40121000003c
:103ffc000401a2afd800bff7101800000001a3af56
:10400c00d000bdf712102000fc00a2afc800bbf717
:10401c0010182000f800a3afc000b9f71210400030
:10402c00f400a2afb800b7f710184000f000a3af2f
:10403c00b000b5f710186000a800b3f7a000b2f7f5
:10404c00121060009800b1f79000b0f78800aff73d
:10405c008000aef77800adf77000acf76800abf7f6
:10406c006000aaf75800a9f75000a8f74800a7f776
:10407c004000a6f73800a5f73000a4f72800a3f7f6
:10408c002000a2f71800a1f71000a0f7ec00a2afd7
:10409c00e800a3afb81c3f7c0801a3af00f8424472
:1040ac00e400a2afd954400f00000000e400a28f3e
:1040bc0000f8c244fc00a58f0801a38f0401a28f55
:1040cc001308a000f800a58ff8fc617c0001a38ff9
:1040dc001108a000f400a58fd800bfd7d000bdd721
:1040ec001310a000f000a58fc800bbd7c000b9d733
:1040fc001110a000ec00a58fb800b7d7b000b5d751
:10410c001318a000e800a58fa800b3d7a000b2d761
:10411c009800b1d79000b0d78800afd78000aed749
:10412c007800add77000acd76800abd76000aad7c9
:10413c005800a9d75000a8d74800a7d74000a6d749
:10414c003800a5d73000a4d72800a3d72000a2d7c9
:10415c001800a1d71000a0d7130040001100600078
:10416c001118a00000606041c00000000c01bb8f62
:10417c001401ba8f02609b401001bb8f00709a40f3
:10418c001801bd2700e8dd4100609b40180000428b
:020000040000fa
:020000041d01dc
:10419c0000e85d4100701a4000601b40e8febd273e
:1041ac001401baaf02601a401001bbaf44781b7cfb
:1041bc0000047b370c01baaf00609b40121000006a
:1041cc000401a2afd800bff7101800000001a3af84
:1041dc00d000bdf712102000fc00a2afc800bbf746
:1041ec0010182000f800a3afc000b9f7121040005f
:1041fc00f400a2afb800b7f710184000f000a3af5e
:10420c00b000b5f710186000a800b3f7a000b2f723
:10421c00121060009800b1f79000b0f78800aff76b
:10422c008000aef77800adf77000acf76800abf724
:10423c006000aaf75800a9f75000a8f74800a7f7a4
:10424c004000a6f73800a5f73000a4f72800a3f724
:10425c002000a2f71800a1f71000a0f7ec00a2af05
:10426c00e800a3afb81c3f7c0801a3af00f84244a0
:10427c00e400a2af4c51400f00000000e400a28ffc
:10428c0000f8c244fc00a58f0801a38f0401a28f83
:10429c001308a000f800a58ff8fc617c0001a38f27
:1042ac001108a000f400a58fd800bfd7d000bdd74f
:1042bc001310a000f000a58fc800bbd7c000b9d761
:1042cc001110a000ec00a58fb800b7d7b000b5d77f
:1042dc001318a000e800a58fa800b3d7a000b2d790
:1042ec009800b1d79000b0d78800afd78000aed778
:1042fc007800add77000acd76800abd76000aad7f8
:10430c005800a9d75000a8d74800a7d74000a6d777
:10431c003800a5d73000a4d72800a3d72000a2d7f7
:10432c001800a1d71000a0d71300400011006000a6
:10433c001118a00000606041c00000000c01bb8f90
:10434c001401ba8f02609b401001bb8f00709a4021
:10435c001801bd2700e8dd4100609b4018000042b9
:020000040000fa
:020000041d01dc
:10436c00b081828fe8ffbd271400bfaf0c00432c37
:10437c004d0060101000b0af80180200019d023c8f
:10438c009c4342240a10437c0800400000000000bb
:10439c00ec43019d2444019d3444019d4444019d02
:1043ac005444019d6444019d7444019d8444019dc9
:1043bc009444019da444019dcc43019ddc43019d8b
:1043cc001400bf8f1000b08f9357400b1800bd27ff
:1043dc001400bf8f1000b08f263f400b1800bd2774
:1043ec005c8282937080838f8001427c35004350c5
:1043fc008c81828f708082af2e0040148c8180afb4
:10440c001400bf8f1000b08f010002241800bd27cc
:10441c00585d400bb08182af1400bf8f1000b08f7d
:10442c00c648400b1800bd271400bf8f1000b08f7a
:10443c00c739400b1800bd271400bf8f1000b08f78
:10444c002052400b1800bd271400bf8f1000b08ff6
:10445c00b440400b1800bd271400bf8f1000b08f64
:10446c00c02e400b1800bd271400bf8f1000b08f5a
:10447c004444400b1800bd271400bf8f1000b08fb0
:10448c00bf37400b1800bd271400bf8f1000b08f32
:10449c00f044400b1800bd271400bf8f1000b08fe4
:1044ac00e75a400b1800bd27b56a400f000000000a
:1044bc00b08180af1400bf8f1000b08f0800e003f4
:1044cc001800bd27fcff40101400bf8f0080033c78
:1044dc006804632400008244029d023c380061d4cd
:1044ec0018b442d4210080460080103c2100224c9c
:1044fc00019d053c00040426acdaa5248c8180af18
:10450c000000064400006744fe6e400f380060f463
:10451c00000404261400bf8f1000b08f1e6c400bdb
:04452c001800bd278f
:020000040000fa
:020000041d01dc
:10453000d8ffbd271c00b2af0080123c1400b0af02
:10454000980250260c00028e0800038e2400bfaf94
:104550002000b3af2b206200030080101800b1af21
:104560001800048e211864002310620051004010ce
:104570002400bf8f82bf113c0080133c1020228e8c
:10458000000242303000401481bf023c0c00028e19
:104590000800038e3500435081bf023c0020238e6b
:1045a000060005240600633036006510010044242f
:1045b000783e63268a11627c1800038e060005246b
:1045c0002b3083000a2006000c0004ae0020248e4d
:1045d0000600843001008554ff004230202022aec6
:1045e00010000292e5ff4010000000000c00028e57
:1045f0000800048e2b2882000100a05421206400b2
:104600009802468eddffc010231082001c00049229
:10461000ffff6324231862001f0080101400028e25
:104620002b186200d5ff6014000000000400058e06
:1046300009f8c000030004241020228e000242303a
:10464000d2ff401081bf023c0400033c740043ac25
:104650002400bf8f2000b38f1c00b28f1800b18fd1
:104660001400b08f0800e0032800bd270400033cbd
:10467000f40043ac0400033c740043acf5ff0010ad
:104680002400bf8f40100200783e63262110620094
:10469000c9ff001000004294b8ff4314000000005e
:1046a0000400058e09f8c00003000424e2ff001096
:1046b0000000000081bf023c0400033cf40043ac56
:1046c0002000b38f1c00b28f1800b18f1400b08f80
:0c46d000740043ac0800e0032800bd2784
:020000040000fa
:020000041d01dc
:1046dc0086bf033c2001648c5c8282938001847cc5
:1046ec000100453009008510000000002001658c98
:1046fc0025204000821105000400447c0100853017
:10470c005c8284a35700a010251080002001658cca
:10471c004000447c0003a57c0900a41000000000ac
:10472c002001658c25204000021305004408447cc0
:10473c00020085305c8284a34600a0102510800006
:10474c002001658c8000447cc003a57c0900a4106a
:10475c00000000002001658c25204000c2130500dc
:10476c008410447c040085305c8284a33500a01046
:10477c00251080002002658cc000447c0003a57cc1
:10478c000900a410000000002002658c25204000c8
:10479c0002130500c418447c080085305c8284a395
:1047ac002400a010251080002003658c0001447c9f
:1047bc000001a57c0900a410000000002003658cfa
:1047cc0025204000021105000421447c1000853096
:1047dc005c8284a31300a010251080002003658c3c
:1047ec004001447cc002a57c0a00a4505c828293e8
:1047fc002003648cc22204004429827c20004430b3
:10480c00030080145c8282a3000102243c0162ac90
:10481c005c8282932005638c8431627c0800e00307
:10482c005c8282a3200002243c0362acebff0010ec
:10483c0025108000080002243c0362acdaff001053
:10484c0025108000008002343c0262acc9ff0010cd
:10485c0025108000002002243c0162acb8ff00103f
:10486c0025108000800002243c0162aca7ff0010e0
:04487c002510800083
:020000040000fa
:020000041d01dc
:104880008c81828fe8ffbd271400bfaf0f0040105e
:104890001000b0afa881848f1c008014ac81838f7e
:1048a0002110430035004004010004245100441449
:1048b00006000324b081828fac8183af03004010d7
:1048c0008c8180af585d400f000000005c828293b5
:1048d0007080838f8001427c090043101400bf8fd9
:1048e00006004014708082afac81828f300040108f
:1048f000060003241c0043101400bf8f1400bf8f58
:104900001000b08f0800e0031800bd27f0ff6054ce
:104910005c8282930080033c68046324000082442c
:10492000029d023c380061d418b442d42100804674
:104930000080103c2100224c019d053c000404260f
:1049400004d7a5248c8180af000006440000674492
:10495000fe6e400f380060f41e6c400f0004042609
:10496000dbff00105c8282931000b08f01000224f4
:104970001800bd27585d400bb08182af06000224ad
:104980004992033c9324632418004300c327020088
:104990001018000021186200831803002318640017
:1049a000c020030023188300c2ff00102318430017
:1049b000a881828f0080033ca004668ca404678ccd
:1049c000110040140080103c019d053c01000224b0
:1049d00004d7a52400040426fe6e400fa88182aff0
:1049e000000404261400bf8f1000b08f1e6c400b13
:1049f0001800bd2705000424aeff44100100032465
:104a0000e0ff00104992033c019d053c18d7a52406
:104a100000040426fe6e400fa88180aff1ff001055
:044a20000004042664
:020000040000fa
:020000041d01dc
:104a24002540850003000831030000112510800093
:104a3400380000100000aa900000aa8c0101093c73
:104a440001012935c07909002340490124400f019f
:104a54000700001124600a0105008811000000000d
:104a64000000a5240000aa902a000010000084245d
:104a74000400ab8c00008aac2340690124400f0180
:104a84000700001124600b010500881100000000dc
:104a94000400a5240000aa901e0000100400842431
:104aa4000800aa8c04008bac2340490124400f0168
:104ab4000700001124600a010500881100000000ad
:104ac4000800a5240000aa90120000100800842405
:104ad4000c00ab8c08008aac2340690124400f0110
:104ae4000700001124600b0105008811000000007c
:104af4000c00a5240000aa90060000100c008424d9
:104b04001000aa8c0c008bac10008424ceff001083
:104b14001000a5240300401500008aa00800e0034b
:104b2400000000000100ab900300601501008ba0a1
:104b34000800e003000000000200aa9003004015f2
:104b440002008aa00800e003000000000300ab900c
:104b54000300601503008ba00800e00300000000c0
:104b64000400aa900300401504008aa00800e00392
:104b7400000000000500ab900300601505008ba049
:104b84000800e003000000000600aa90030040159e
:104b940006008aa00800e003000000000700ab90b4
:104ba4000300601507008ba00800e003000000006c
:104bb4000800aa9008008424d6ff00100800a52449
:020000040000fa
:020000041d01dc
:104bc400b0ffbd27019d023c4400b7af4000b6af23
:104bd4003c00b5af3800b4af3400b3af3000b2af6f
:104be4002c00b1af2800b0af4c00bfaf4800beaf3f
:104bf4002590800025b0a0002588c0000a0010245c
:104c040025a000002000a2af019d173c019d153c8a
:104c140011000010019d133ca86d400fa835a42677
:104c24004e6d400f01000424586e400f0000000038
:104c3400252800023836642625382002a86d400f46
:104c440025304002ffff10264e6d400f0100042462
:104c54001d0000124c00bf8f010002242600221206
:104c640002000724253820021000a0af25300000e0
:104c740025284002a24c400fc800042425f040001f
:104c840001000224e4ffc217252840021d5d400fe5
:104c9400c800042425005e54252840022530000065
:104ca40018008012252820020e5a400f1800a4274d
:104cb4001800a3930000c3a20100032417004314a7
:104cc4002000a28f4c00bf8f010002244800be8f39
:104cd4004400b78f4000b68f3c00b58f3800b48fc6
:104ce4003400b38f3000b28f2c00b18f2800b08f06
:104cf4000800e0035000bd2701001424daff00106f
:104d0400020011240e5a400f2520c0020100032482
:104d1400edff43104c00bf8f2000a28f316c400f79
:104d240010364424beff001000000000a86d400fa0
:104d3400d835e4261000a0af253800002530000047
:104d440025280000a24c400fcf000424b4ff00101b
:044d5400000000005b
:020000040000fa
:020000041d01dc
:104d5800e0ff8324ff006230d8ffbd275f00422cac
:104d68002400bfaf2000b4af1c00b3af1800b2af2f
:104d78001400b1af3a0040101000b0af019d103cd4
:104d88000019030014c11026218003022590000099
:104d980068809127a4818593a581849308001424b1
:104da800212845028e66400fff00a5300c00001038
:104db8008000132440180200211043002110220211
:104dc800020046900100459000004490ffff9426a1
:104dd8005068400f4298130012008052010052267a
:104de8000000039224186302f2ff6010a081828ff2
:104df8000100432c4010030021104300211022021f
:104e0800020046900100459000004490ffff942660
:104e18005068400f42981300f2ff8056000003923a
:104e280001005226ff00523210000224d9ff421618
:104e380001001026a581829308004224a58182a33f
:104e48002400bf8f2000b48f1c00b38f1800b28fce
:104e58001400b18f1000b08f0800e0032800bd27b0
:104e6800f6ff8224ff0042300600432cf4ff601056
:104e7800019d033c80100200904e63240a10627c5e
:104e88000800400000000000d04e019d484e019de2
:104e9800c44e019dbc4e019db04e019da84e019d82
:104ea800e7ff0010a08180af01000224e4ff00109a
:104eb800a08182afe2ff0010a58180a3a58180a315
:104ec800dfff0010a48180a3a481829310004224f4
:084ed800dbff0010a48182a39e
:020000040000fa
:020000041d01dc
:104ee000880002243f00a2108900a2281a00401066
:104ef000810002245400a2108200a2280500401064
:104f0000800002245100a2500000e28c0800e0035f
:104f100025100000820002243b00a2500000e28c19
:104f200084000224f9ffa214000000000000e28cbb
:104f3000040043240000428c2700c0100000e3acb2
:104f40002016027c000082acc3170200040082ac71
:104f50000800e00301000224a00002243600a25051
:104f60000000e28ca100a228100040109000022452
:104f7000e6ffa214000000000000e28c07004224bb
:104f80000410027c0000488c0400498c0800422474
:104f90000000e2ac000088ac040089ac0100c01045
:104fa000010002240800e00300000000c000022409
:104fb0000500a2500000e28cf0000224d3ffa214ee
:104fc000000000000000e28c040043240000e3ac79
:104fd000020000100000428cffff42302000001051
:104fe000000082ac0000e28c040043240000428cec
:104ff0000300c0100000e3acd2ff00102014027cbc
:10500000f6ff0010ff004230070042240410027c2b
:105010000000488c0400498c080042240000e2ace7
:10502000000088ac040089acdeffc010010002243f
:105030000800e00300000000040043240000e3ac8b
:10504000c0ff00100000428c0000e28c04004324ea
:105050000000e3ac0000428cbbffc014000082ac37
:08506000bbff0010040080ac4e
:020000040000fa
:020000041d01dc
:105068004661696c656420746f20616c6c6f6320a5
:1050780072782073697a652025640d0a00000000a3
:10508800286869662920436f727275707465642098
:105098007061636b65742053697a65203d202575be
:1050a800203c4c203d2025752c2047203d2025758f
:1050b8002c204f50203d20253032583e0d0a00004c
:1050c800286869662920696e76616c696420677250
:1050d8006f75702049440000286869662920686f48
:1050e800737420617070206469646e27742073651e
:1050f8007420525820446f6e650000002868696665
:10510800292057726f6e672053697a650000000086
:1051180028686966292046616c736520696e746524
:10512800727275707420256c7800000020686966ba
:105138005f726563656976653a20496e76616c6968
:105148006420617267756d656e740000415050206f
:105158005265717565737465642053697a65206951
:1051680073206c6172676572207468616e20746860
:105178006520726563656976652062756666657225
:105188002073697a65203c25643e3c25643e0d0aff
:1051980000000000415050205265717565737465b8
:1051a800642041646472657373206265796f6e640c
:1051b8002074686520726563656976652062756626
:1051c800666572206164647265737320616e642021
:1051d8006c656e6774680000475270203f20256434
:0451e8000a000000b9
:020000040000fa
:020000041d01dc
:1051ec00e8ffbd271000b0af1400bfaf963c400fd6
:1051fc0002001024f880828f2300501003004328f3
:10520c00170060140a000324450043101400032403
:10521c0032004314e08186830080053c029d043cef
:10522c00dc03a524a86d400f14af8424dc81848f8b
:10523c000080103ce06c400f00040526029d043ced
:10524c0000040526a86d400f34af8424f88080af8d
:10525c001400bf8f1000b08f0800e0031800bd27aa
:10526c00010003241d00431400000000e46d400ff6
:10527c00f48084931400bf8ff88090af1000b08f2f
:10528c000800e0031800bd27f570400f0000000077
:10529c00f0ff40101400bf8fe0818683f48085936b
:1052ac000080073c029d043cdc03e724a86d400f02
:1052bc00fcae8424f4808293d88183930100422431
:1052cc00ff0042302b1843001c006010f48082a3b6
:1052dc0001000224deff0010f88082aff270400f54
:1052ec00000000000200401001000224f88082af90
:1052fc00f870400f00000000020040100a00022469
:10530c00f88082affb70400f00000000d1ff40100e
:10531c001400bf8f14000224cdff0010f88082af60
:10532c001a6e400f000000001400bf8f1000b08fe9
:10533c00f88080af0800e0031800bd271400bf8f71
:10534c001000b08f3e0004241800bd27f48080a309
:08535c00766f400bf88080af72
:020000040000fa
:020000041d01dc
:10536400d8ffbd271400b0af0080103c2000b3afbd
:105374001800b1af2400bfaf1c00b2af82bf113c14
:10538400980210260080133c1020228e0100423027
:105394002f0040102400bf8f3020328e2800028e50
:1053a4003000038e2c00048e010042242b1843008d
:1053b4000a1003002f0082502000038e2c00038e5d
:1053c400f1ff6210000000000020238e0600042478
:1053d4000600633032006410000000002800038ed1
:1053e4008865642621186400000072a034000392ca
:1053f400280002aee4ff6010000000002800038ec5
:105404002c00028e2b2062002b0080543000048e6e
:10541400231062002000038edbff601000000000f8
:105424003c0005922600a0143800048ed6ff821496
:10543400000000002400058e09f86000252000000b
:105444001020228e01004230d3ff40142400bf8f6d
:1054540081bf023c0200033c2000b38f1c00b28fca
:105464001800b18f1400b08f740043ac0800e0033f
:105474002800bd27d1ff6010000000002400058e25
:1054840009f86000010004242800028e3000038e15
:10549400010042242b184300c8ff00100a10030027
:1054a4002800048e886563264020040021186400c7
:1054b400ceff0010000072a4d5ff00102118640074
:1054c4002b104400b0ff401400000000daff00106d
:0454d4002400058e1d
:020000040000fa
:020000041d01dc
:1054d800251080005600c0100c00ca2c4d00401545
:1054e8002618a40003006330233804002900601044
:1054f8000300e7300600e0102330c7000000a3983f
:105508000300a3882128a700000083b82120870072
:105518000f00c3302338c3001100e01025306000ad
:105528002138e5000000a3980300a3880400a89888
:105538000700a8880800a9980b00a9880c00aa9859
:105548000f00aa88000083ac040088ac080089ac6e
:105558001000a52410008424f2ffa714fcff8aacd5
:105568000300c3302338c3002a00e0102530600050
:105578002138e5000000a3980300a3880400a524af
:1055880004008424fbffa714fcff83ac2100001057
:10559800000000000500e0102330c7000000a398b9
:1055a8002128a700000083b8212087000f00c330fe
:1055b8002338c3000d00e010253060002138e500d5
:1055c8000000a38c0400a88c0800a98c0c00aa8ced
:1055d800000083ac040088ac080089ac1000a52446
:1055e80010008424f6ffa714fcff8aac0300c33024
:1055f8002338c3000700e010253060002138e5009b
:105608000000a38c0400a52404008424fcffa71434
:10561800fcff83ac0600c0102138c5000000a39031
:105628000100a52401008424fcffa714ffff83a028
:105638000800e0030000000000008a9025108000a8
:1056480003004015000000000800e00300000224e9
:1056580001008a9003004015000000000800e003e4
:105668000100022402008a90030040150000000097
:105678000800e0030200022403008a90030040159a
:10568800822004000800e0030300022401008424af
:105698008020040000008a8c0101093c01012935a1
:1056a800c07909002340490124400f010600001178
:1056b80024600a01040088110000000000008a909c
:1056c800220000100000842404008b8c2340690110
:1056d80024400f010600001124600b01040088110a
:1056e8000000000004008a901800001004008424c0
:1056f80008008a8c2340490124400f01060000114c
:1057080024600a01040088110000000008008a9043
:105718000e000010080084240c008b8c23406901c3
:1057280024400f010600001124600b0104008811b9
:10573800000000000c008a90040000100c00842473
:1057480010008a8cd7ff0010100084240400401534
:1057580000000000000084240800e00323108200f9
:1057680001008a9004004015000000000100842414
:105778000800e0032310820002008a90040040150c
:1057880000000000020084240800e00323108200c7
:1057980003008a90030084240800e0032310820099
:020000040000fa
:020000041d01dc
:1057a8002020204556454e543a204d324d5f5749ea
:1057b80046495f5359535f54494d455f4556454ed9
:1057c800540d0000576946692053797374656d203c
:1057d80054696d653a20000025752d2530326869b9
:1057e8002d25303268755425303268753a253032a7
:1057f80068753a25303268750d0a3e00202020452c
:1058080056454e543a204d324d5f574946495f57e9
:1058180050535f4556454e540d00000c202020453e
:1058280056454e543a204d324d5f574946495f49d7
:10583800505f434f4e464c4943545f4556454e547e
:105848000d00000c2020204556454e543a204d327c
:105858004d5f574946495f50524f564953494f4e3d
:105868005f494e464f5f4556454e540d0000000cab
:105878002020204556454e543a204d324d5f574919
:1058880046495f44454641554c545f434f4e4e4e42
:105898004543545f4556454e540d00002020204591
:1058a80056454e543a204d324d5f574946495f5050
:1058b800524e475f4556454e540d00002121212187
:1058c80020556e6b6e6f776e2057692d466920657f
:1058d80076656e7420282564290d0d0a00000000e5
:1058e8002020200a4552524f52204556454e543ae0
:0858f80020256c750d0a00006b
:020000040000fa
:020000041d01dc
:1059000000000040fb21f93f000000002d44743ee0
:10591000000000809846f83c0000006051cc783bc5
:1059200000000080831bf0390000004020257a38f9
:10593000000000802282e336000000001df369357c
:1059400083f9a200444e6e00fc291500d1572700b0
:10595000dd34f50062dbc0003c99950041904300c6
:105960006351fe00bbdeab00b761c5003a6e240098
:10597000d24d42004906e00009ea2e001c92d100f7
:10598000eb1dfe0029b11c00e83ea700f5358200a2
:1059900044bb2e009ce98400b4267000417e5f0069
:1059a000d6913900538339009cf439008b5f840011
:1059b00028f9bd00f81f3b00deff97000f98050097
:1059c000112fef000a5a8b006d1f6d00cf7e36003d
:1059d00009cb2700464fb7009e663f002dea5f00c7
:1059e000ba277500e5ebc7003d7bf100f7390700ea
:1059f00092528a00fb6bea001fb15f00085d8d00c8
:105a0000300356007bfc4600f0ab6b0020bccf009f
:105a100036f49a00e3a91d005e619100081be600c0
:105a200085996500a0145f008d40680080d8ff0054
:105a300027734d0006063100ca561500c9a8730029
:105a40007be260006b8cc0000300000004000000db
:085a5000040000000600000044
:020000040000fa
:020000041d01dc
:105a5800d8ffbd272000b4af0080143c206c828e94
:105a68002400bfaf1c00b3af1800b2af1400b1af31
:105a78003a0040141000b0af0080123c286c518ee0
:105a8800030020160080133c0080113c406c312636
:105a9800246c708e050000160000023c0080103c4b
:105aa800406c1026983a422421800202821f11007d
:105ab800020002240100625000e0317e821f1000c3
:105ac800020002240100625000e0107ecb6e400ffd
:105ad800000000000000438c0400428c2b202302ad
:105ae80004008014211062002b2022022900805417
:105af8002b1811020080043ca005842400e0847c5b
:105b08002b206400150080142b200302040080144d
:105b18002b2062002b200202180080142b20620028
:105b28000f0080102400bf8f0080043ca00584244f
:105b380042270400050005241200851404000524ea
:105b480000a0043c2518640025104400286c43aece
:105b5800246c62ae286c428e206c82ae2400bf8f0b
:105b68002000b48f1c00b38f1800b28f1400b18fbf
:105b78001000b08f0800e0032800bd27eaff0010de
:105b880025100002efff85100080043cf1ff001093
:105b9800286c42aee4ff601425182002deff0010d6
:045ba8002b200202aa
:020000040000fa
:020000041d01dc
:105bac00d0ffbd270b00a22c2000b1af1c00b0af62
:105bbc002c00bfaf2800b3af2400b2af2580a000eb
:105bcc001400401025888000019d033c80100500c6
:105bdc00ec5b63240a10627c0800400000000000ab
:105bec00205c019d185c019d745c019d805c019d95
:105bfc00b45c019dc05c019dcc5c019dd85c019d99
:105c0c00e45c019df05c019d685c019d0100022437
:105c1c00e18082a3d480998f09002013ff00053204
:105c2c00252020022c00bf8f2800b38f2400b28fb8
:105c3c002000b18f1c00b08f080020033000bd275e
:105c4c002c00bf8f2800b38f2400b28f2000b18f9f
:105c5c001c00b08f0800e0033000bd2701000224b7
:105c6c00ecff0010d88082a301000224e9ff001091
:105c7c00e08082a3d080928f01000224e5ff4012c5
:105c8c00dd8082a3ec70400f1000a6afec70400fcb
:105c9c00259840004000458c09f840022520600200
:105cac00dcff00101000a68f01000224d9ff0010a9
:105cbc00df8082a301000224d6ff0010de8082a3c5
:105ccc0001000224d3ff0010dc8082a30100022417
:105cdc00d0ff0010d98082a301000224cdff001058
:105cec00da8082a301000224caff0010db8082a3a9
:020000040000fa
:020000041d01dc
:105cfc00c0ffbd272c00b1af258880002520c00037
:105d0c000400878c0000a28c3800b4afc2a7070037
:105d1c003400b3af3000b2af2800b0af3c00bfaf1f
:105d2c002580a0000400a38c0800b28c2000a2af38
:105d3c000c00b38c3e0080120000c68c2330060091
:105d4c002b20060023380700080060042338e400e9
:105d5c004408027c050080162000a2af2000a28f10
:105d6c00040043302a006010c000427cffff422632
:105d7c002000a3271800a3af0a0003241400a3af2c
:105d8c001000a2afd958400f252000020600801643
:105d9c002d0003242000a38f040064301e0080100b
:105dac00080063302b000324ffff422421206202f1
:105dbc00000083a01000068e2000a38f253840021f
:105dcc00ffffc6241000a3af2330c20021286202bb
:105ddc00aa5b400f252020020400238e00016330b3
:105dec00040060103c00bf8f0400038e2a20430087
:105dfc000b1064003800b48f3400b38f3000b28fb6
:105e0c002c00b18f2800b08f0800e0034000bd27a4
:105e1c00d7ff001023104202e6ff6010200004247c
:105e2c00ffff422421186202e2ff0010000064a070
:105e3c00c8ff63044408027cc9ff00102000a28f35
:020000040000fa
:020000041d01dc
:105e4c008c81828fe8ffbd270e0040101400bfaf7d
:105e5c00ac81838f211043002300400403000424f1
:105e6c003e00441406000324b081828fac8183afc2
:105e7c00030040108c8180af585d400f0000000083
:105e8c008c8180af5c8282937080838f8001427c96
:105e9c00130043101400bf8f10004014708082afa9
:105eac00ac81828f0100032431004310020043288f
:105ebc001a006014020003242100431000000000ab
:105ecc0006000324050043141400bf8f09000224ac
:105edc001800bd27585d400bb08182af1400bf8ff6
:105eec000800e0031800bd27060002244992033c79
:105efc009324632418004300c327020010180000e9
:105f0c00211862008318030023186400c0200300ca
:105f1c0023188300d4ff001023184300f0ff401413
:105f2c001400bf8faa1e400f252000001400bf8f45
:105f3c00019d043ce4d984241e6c400b1800bd2741
:105f4c00df6a400f000000001400bf8f019d043c6d
:105f5c000cda84241e6c400b1800bd2705000424a9
:105f6c00c1ff441002000324e1ff00104992033cde
:105f7c007169400f000000001400bf8f019d043cac
:0c5f8c00f8d984241e6c400b1800bd27bf
:020000040000fa
:020000041d01dc
:105f980086bf033c2001628ce8ffbd274003427c9a
:105fa8003b0040101400bfaf2001628c0080033c0e
:105fb8002005668c2405678c000080440008864410
:105fc800c001427c0000e044150040100008e7448e
:105fd8003c0021463c000245000086440080043c09
:105fe8002618e40000008644029d043c30c18ed48b
:105ff8000000e34483032e46029d023c029d033cbd
:1060080028c140d438c16cd43527400f308080f780
:106018001400bf8f288080f70800e0031800bd2710
:106028003c01214616000645000086440080043cd9
:106038002618e40000008644029d043c30c18ed43a
:106048000000e34483032e46029d023c029d033c6c
:1060580028c140d438c16cd43527400f288080f738
:106068001400bf8f308080f70800e0031800bd27b8
:106078003c032146eeff0d450080043c00008644a9
:10608800029d023c30c14ed4daff00100000e74404
:106098002001628c0080033c2805668c2c05678ce7
:1060a8000000804400088644c001427c0000e044af
:1060b800efff40100008e7443c022146c8ff0945ad
:1060c8000080043c00008644029d023c30c14ed44e
:0860d800dcff00100000e744aa
:020000040000fa
:020000041d01dc
:1060e000029d033c20c360d4029d023c28c342d4dd
:1060f00002632046d0ffbd272c00bfaf2800b3affe
:106100002400b2af2000b1af3e102c464000014544
:106110001c00b0af0d6020460000114420c362d4c3
:1061200028c340d440003126827322463e012e46c9
:1061300031000545ff0031320d702046000010444b
:106140005a8085970080133c706a732640001026a1
:106150008a21657eff0010327f000224c001267e66
:106160000080123cc2191000706952260b8846004c
:106170000b804300030091148a29457e1800051204
:106180002c00bf8f2538000025300000496a400fe1
:106190001000a0af1000a0afff00072425300000c2
:1061a00025280002496a400f252020028881829715
:1061b0005a80839701004224ff004230010063248b
:1061c000ff00633021986202219042025a8083a727
:1061d000888182a7000071a2000050a22c00bf8f0e
:1061e0002800b38f2400b28f2000b18f1c00b08f25
:1061f0000800e0033000bd27817320460080023c88
:106200000d70204600001044cdff001025800202d2
:10621000016322460080043c0d60204600001144ca
:08622000beff001025882402d6
:020000040000fa
:020000041d01dc
:106228003a00801000000000d8ffbd272000b1af61
:10623800280006242588a000252800001c00b0afef
:106248002400bfaf7963400f258080000c00043c18
:106258000971400f080084242e0040100300043cfc
:106268002520440008000624bc65400f1000a5271f
:106278002f0020121400a28f0214020028004010e0
:106288002400bf8f0300043c252044002800062476
:10629800bc65400f252800020400039206000792ff
:1062a8000500059207000292090006920800049270
:1062b800001a03000f00e7300029050025186700c1
:1062c800ff00a530001202000f00c63000210400b4
:1062d80025104600ff008430251865001b0060105b
:1062e80025104400190040103113422c03004010bf
:1062f8003013632c0a0060502400bf8f526f400f88
:1063080010000424060000102400bf8f0800e003da
:1063180000000000526f400f120004242400bf8fb9
:106328002000b18f1c00b08f0800e0032800bd27b3
:10633800ffff4230d4ff40540300043c526f400f2b
:1063480011000424f6ff00102400bf8f526f400f85
:0c6358000f000424f2ff00102400bf8f8f
:020000040000fa
:020000041d01dc
:106364000400828cc0ffbd273800beaf2800b4af44
:106374002000b2af1c00b1af3c00bfaf3400b7afd8
:106384003000b6af2c00b5af2400b3af1800b0afe7
:106394002588c0002590e0005400b48f0200410419
:1063a4005800be8f010002241000908c0c00958cc4
:1063b4000000d78f5000b38fffff10262118b002c2
:1063c400000060a001000924234053000200f732ba
:1063d400c3b714001000001e251032022c002051f7
:1063e4000000c28f3c00bf8f251000023800be8f12
:1063f4003400b78f3000b68f2c00b58f2800b48fcf
:106404002400b38f2000b28f1c00b18f1800b08f0e
:106414000800e0034000bd270700401421101301c9
:106424000600401c25202002ecff601a000000003a
:10643400eaffe01200000000252020022528400287
:10644400253080022538c0021400a8afa83b400fb5
:10645400ffff10261000a2af2118b0023000422422
:106464002520200225284002000062a02530800259
:10647400b93a400f2538c002ffff73262588400033
:10648400259060001400a88fd2ff00101000a98f7f
:0c6494000421027cd3ff00100000c2af06
:020000040000fa
:020000041d01dc
:1064a000e8ffbd270500822c2d0040101400bfaf6f
:1064b0000100022410008210ff00c6303d00a050f1
:1064c000019d043cffffc2240e00422c1400401426
:1064d000ff0002241300c21003000224019d043cab
:1064e000316c400f70e38424251000001400bf8f2e
:1064f0000800e0031800bd27ffffc2240e00422c55
:1065000003004014ff000224f5ffc214019d043c67
:106510001400bf8f010002240800e0031800bd270b
:106520000300022415008214020002240000a2903d
:106530000500432c23006050019d043c0100a59000
:106540000b000224ef00a330f1ff6210019d043c18
:10655000a86d400f98e38424e4ff0010251000008c
:10656000019d043c316c400f20e384241400bf8f54
:10657000251000000800e0031800bd27e5ff821485
:106580001400bf8f9055400f2520a000ffff43242b
:10659000ffff63304000632cd4ff6014010002242d
:1065a000019d043c316c400fb4e38424cfff001004
:1065b00025100000316c400f38e38424cbff00101d
:1065c0002510000025284000a86d400f7ce384249e
:0865d000c6ff001025100000b9
:020000040000fa
:020000041d01dc
:1065d800000000000044a1400000000000406540a9
:1065e8000000000000409f400000000000908a402a
:1065f8009a99999999b94640333333333333fb3fea
:10660800000000000000f03f9a9999999999c93fb4
:10661800000000000000e03f1e00000000100e0017
:106628000000000000000840333333333333e33fc6
:10663800000000000000f03f000000000000e03f04
:106648000100000000000000000000000000f03f12
:106658000000000001000000000000000000000031
:106668000a00000001000000000000000000000017
:106678000100000000000000000000000000f03fe2
:106688000000000000002e40000000000000000094
:1066980000000000000000000000000000000000f2
:1066a8000000000000004e40000000000000000054
:1066b80000000000000000000000000000000000d2
:1066c80000000000000000000000000000000000c2
:1066d80000000000000000000000000000000000b2
:1066e80000000000000000004453502054550000f2
:1066f8000000000000000000000000000000000092
:08670800000000000000000089
:020000040000fa
:020000041d01dc
:1067100086bf023c20080624300146acb829062476
:10672000140146acf8ff0634040146ac00200524f1
:1067300040900634580146acc80145acd80145ac80
:1067400000400524300245ac00e00534140245ac9d
:1067500000100524580245ac00040524300345ac64
:1067600029040524140345ac10080524580345ac3e
:1067700080000524300445acb9000524140445ac60
:10678000f0000524040445ac46000524580445ac3b
:106790004000042403000524580545ac300644acf1
:1067a000140644acc0030424040644ac99aa023c79
:1067b00080bf033c55664224300060ac300062acc0
:1067c0006655023caa994234300062ac0000658ce8
:1067d0000100022405000424446b057c000065ac24
:1067e00002000524681465ac040005246c1460ac38
:1067f000a81462acb41464ac0c1465ac0c00052491
:10680000a41665ac541662acc81564ac0700042429
:10681000681564ac06000424a01664ac4c1662ac87
:106820000000648c446b447c000064ac300060acbd
:086830000800e0030000000075
:020000040000fa
:020000041d01dc
:10683800c8ffbd273000b6af2c00b5af2800b4aff5
:106848002400b3af3400bfaf2000b2af1c00b1af1b
:106858001800b0af25b080002598a00025a8c0007a
:1068680025a000000120622e020040142588600245
:1068780000201124ffff31320a0010240f001224d7
:1068880001000524ac6b400f1200a4271200a59349
:10689800ffff04260211050012005210ffff032417
:1068a8002086047cf7ff035601000524019d043c63
:1068b800a86d400f843484243400bf8f2510000055
:1068c8003000b68f2c00b58f2800b48f2400b38f0a
:1068d8002000b28f1c00b18f1800b08f0800e003b1
:1068e8003800bd27f2ff0012019d043c2528200234
:1068f800ac6b400f2120d402b88082932510a202ed
:1069080011004010020005242398710221a03402ce
:10691800ffff7332d3ff601620a6147c3400bf8fac
:10692800010002243000b68f2c00b58f2800b48fe8
:106938002400b38f2000b28f1c00b18f1800b08fd5
:106948000800e0033800bd27ac6b400f1000a427f7
:08695800eeff0010239871020c
:020000040000fa
:020000041d01dc
:10696000d0ffbd273000acf73400a48fe93f033cd3
:10697000fc21632400f0827c2b1843001b00601074
:106980002c00bfaf503e033c2b10430010004010c2
:10699000f07f023c2420820008008014029d023c0b
:1069a00090c340d4026020461800a0f72c00bf8f8f
:1069b0003000a0d70800e0033000bd27029d023c54
:1069c00098c340d43000a1d7f7ff0010000820463c
:1069d000007080441000a0af0070e0449865400f44
:1069e00000000000f1ff00103000a0f7f07f033c32
:1069f0002b104300040040143000a0d701002046b3
:106a0000eaff00103000a0f7b336400f1800a627a9
:106a100003004230010003242000aed70b004310d6
:106a20001800acd707004010020004240b004410eb
:106a300000000000f466400f000000000a00001093
:106a400000006544e5ff00101000a3aff466400f9e
:106a500000000000d5ff00103000a0f79865400f3f
:106a60001000a3af00006544000004440080023c15
:106a7000261045003000a4afccff00103400a2afb8
:020000040000fa
:020000041d01dc
:106a8000d8ffbd272400bfaf2000b1af1f0080108a
:106a90001c00b0af1d00a010000000001b00c010c3
:106aa0000080113cdc0231260800288e2b480601ac
:106ab000330020152518c0000400298e2b508900b2
:106ac000250040152180c400214009012b40100100
:106ad00022000055019d043cbc65400f1000a7af8b
:106ae0000400228e0800238e211043001f00021292
:106af0001000a78f1e00e0142400bf8f2000b18f6c
:106b00001c00b08f0800e0032800bd270a00e01435
:106b100000000000019d043c316c400f345184247e
:106b2000000104242400bf8f2000b18f1c00b08f0f
:106b30000f71400b2800bd27006e400f00000000c1
:106b40002400bf8f2000b18f1c00b08f01010424ee
:106b50000f71400b2800bd27019d043c316c400f94
:106b60009c518424efff0010030104242400bf8ff4
:106b70002000b18f1c00b08f006e400b2800bd2795
:106b8000019d043c5451842425300001a86d400f20
:0c6b900025286000e3ff0010020104242f
:020000040000fa
:020000041d01dc
:106b9c008c81828fe8ffbd270e0040101400bfaf20
:106bac00ac81838f211043001c004004010004249d
:106bbc002700441405000324b081828fac8183af7d
:106bcc00030040108c8180af585d400f0000000026
:106bdc008c8180af5c8282937080838f8001427c39
:106bec000c0043101400bf8f09004014708082af5a
:106bfc00ac81828f0500032421004310060003247e
:106c0c001b0043101400bf8f160040100a00022412
:106c1c001400bf8f0800e0031800bd2706000224f3
:106c2c004992033c9324632418004300c3270200b9
:106c3c001018000021186200831803002318640048
:106c4c00c020030023188300dbff0010231843002f
:106c5c0004000424d8ff441025180000f1ff001094
:106c6c004992033c1800bd27585d400bb08182afa0
:106c7c00020002241800bd27585d400bb08182af82
:106c8c001400bf8f0b0002241800bd27b08182af07
:086c9c00585d400bac8180af94
:020000040000fa
:020000041d01dc
:106ca4003d00a0100080033c9802632418006c8c03
:106cb40000800a3c2510000082bf093c060008241d
:106cc400783e4a250020268d0c006b8c0800678cca
:106cd4000600c6301c00c8100100e6242b68cc0056
:106ce4000a300d000c0066110000000000202b8dfe
:106cf40006006b311e0068118a69827c2138ea0023
:106d04000000eda001004224080066ac2b304500d1
:106d1400ecffc014000000000c00648c0800658cbb
:106d24002b30a4001600c0541800638c2320a40048
:106d34000300801081bf033c0400043cf80064acf1
:106d44000800e003000000002b68cc000a300d00ae
:106d5400f1ff66110000000000202b8d4068020046
:106d640021688d0006006b31e4ff68150000ad95c5
:106d74004038070021384701e2ff00100000eda46d
:106d84002128a3002320a400edff801081bf033c31
:106d9400eaff00100400043c25100000deff001090
:046da40098026324ca
:020000040000fa
:020000041d01dc
:106da8000009121b242d363f48415a536c657e77e3
:106db80019100b023d342f265158434a757c676ed3
:106dc800323b2029161f040d7a7368615e574c45c3
:106dd8002b2239300f061d14636a7178474e555cb3
:106de800646d767f4049525b2c253e3708011a13a3
:106df8007d746f6659504b42353c272e1118030a93
:106e0800565f444d727b60691e170c053a33282182
:106e18004f465d546b627970070e151c232a313872
:106e28004148535a656c777e09001b122d243f3662
:106e380058514a437c756e671019020b343d262f52
:106e4800737a6168575e454c3b3229201f160d0442
:106e58006a6378714e475c55222b3039060f141d32
:106e6800252c373e0108131a6d647f7649405b5222
:106e78003c352e2718110a03747d666f5059424b12
:106e8800171e050c333a21285f564d447b72696002
:106e98000e071c152a233831464f545d626b7079f2
:020000040000fa
:020000041d01dc
:106ea800c0ffbd272c00b3af5000b38f3800b6af7a
:106eb8003000b4af010073322800b2af2400b1af84
:106ec8002000b0af3c00bfaf3400b5af25908000c4
:106ed80025b0a0002580c0002588e00003006016ca
:106ee8002ba0c7001300805623a0300225300002d3
:106ef8002528c0022566400f252040020d00801677
:106f080023a03002258800023c00bf8f25102002f4
:106f18003800b68f3400b58f3000b48f2c00b38f93
:106f28002800b28f2400b18f2000b08f0800e00342
:106f38004000bd271100862e100002240b10860287
:106f480025304000200005241000a4277963400f55
:106f580025a880021000a22e0b0040100f008632d8
:106f68001000a5272566400f25204002e6ff601681
:106f7800253000022528c0022566400f2520400242
:106f8800e2ff00103c00bf8f100006241000a52768
:106f98002566400f25204002eeff0010f0ffb526c1
:020000040000fa
:020000041d01dc
:106fa800c8ffbd273800acf73c00a28fe93f033c7f
:106fb800fc21632400f0427c2b184300130060106e
:106fc8003400bfaf463e033c9ea063342b10430001
:106fd80008004010029d023c78c340d4029d023c48
:106fe800006020461800a0f770c340d424000010a9
:106ff8002800a0f7007080440070e044f466400f59
:10700800000000001e0000102800a0f7f07f033cdd
:107018002b104300030040143800a0d7f3ff0010e2
:1070280001002046b336400f1800a627030042305f
:10703800010003242000aed7090043101800acd784
:10704800eeff40100200042411004410000000006c
:107058009865400f1000a3af090000102800a0f7a2
:107068009865400f1000a2af00006544000004447a
:107078000080023c261045002800a4af2c00a2afd7
:107088003400bf8f2800a0d70800e0033800bd27d0
:10709800f466400f00000000f4ff00100000654493
:020000040000fa
:020000041d01dc
:1070a800c481868fd0ffbd271c00bfaf2000b4f776
:1070b8001800b0af1000a0afa06a400f1400a0af36
:1070c8000000634400000244c081868f1000a2af14
:1070d80000f0627c1400a2afa06a400f1000acd789
:1070e8001082868f1000acd7a06a400f0605204694
:1070f80000000244000063441000a2af00f0627c6c
:107108001400a2afbc81868fa06a400f1000acd7d4
:10711800b481828f01004224401f43280700605039
:10712800b881828fb48182af1c00bf8f1800b08fe6
:107138002000b4d70800e0033000bd27faff40184c
:10714800b48180af030034460080103c029d053caa
:10715800ffff4224f8c3a52400040426b88182afa7
:1071680000000644fe6e400f000067449f6e400f0b
:1071780000040426b881828fecff40141c00bf8fe6
:107188001800b08f2000b4d7029d043c00c48424aa
:087198009f6e400b3000bd2783
:020000040000fa
:020000041d01dc
:1071a000000000000000f03f000000000000f0bf01
:1071b0009c7500883ce4377e59f3f8c21f6ea50128
:1071c000000000604715f73f44df5df80bae543e0a
:1071d000000000000000d03f555555555555d53f8e
:1071e000000000000000e03ffe822b654715f73fde
:1071f0000000000000004043ef4e454a287eca3f91
:1072000065dbc9934a86cd3f01411da96074d13f1a
:107210004d268f515555d53fffab6fdbb66ddb3f2c
:10722000033333333333e33f0000000000000840f2
:10723000000000e009c7ee3ffd033adc09c7ee3f5e
:10724000f5015b14e02f3ebefe822b654715973c8f
:1072500000000000432ee63fef39fafe422ee63fe3
:10726000396ca80c615c20bed0a4be726937663e42
:10727000f16bd2c541bdbb3e2cde25af6a56113f36
:1072800093bdbe166cc1663f3e5555555555c53f1d
:087290000000000000000040b6
:020000040000fa
:020000041d01dc
:10729800a080828fe8ffbd27040040101400bfaf14
:1072a8001400bf8f0800e0031800bd270971400fc4
:1072b80000100424f41304240971400fa08082af45
:1072c800a080838f1000043ca0028524150065105f
:1072d800b00285240b006510f00084241e006410a1
:1072e8000000000025106000049c027c0500033c9f
:1072f80025104300a08082af1400bf8f0800e00370
:107308001800bd27030003240c00431004000324c5
:10731800180043101500023cb2024224f6ff001088
:10732800a08082af01000324080043101500023c2e
:10733800a1024224f0ff0010a08082af1500023c99
:10734800b0024224ecff0010a08082afa0024224c9
:10735800e9ff0010a08082af0971400f3b00043c98
:10736800049c027c0500033c25104300e2ff00104a
:10737800a08082afb1024224dfff0010a08082af5c
:020000040000fa
:020000041d01dc
:10738800d8ffbd270b0004241800a0af2400bfaf0e
:107398001400a0af1000a0af0971400f000000005a
:1073a8001800a2af1800a28f010042302900401037
:1073b800000000000971400f010004241800a2af6a
:1073c8001800a28f020042300c0040140000000098
:1073d8001a000010000000004e6d400f0000000071
:1073e8001000a28f010042241000a2af1000a28f4b
:1073f8000500422c0b004010029d043c0971400f0f
:107408000f0004241400a2af1400a28f040042301d
:10741800f1ff4010020004242400bf8f586e400b77
:107428002800bd27316c400f60bf84242400bf8f23
:107438001f0004240f71400b2800bd271800a58fda
:10744800010004240b71400f0200a534ebff00106b
:10745800000000001800a58f0b0004240b71400fda
:0c7468000100a534d3ff0010000000005c
:020000040000fa
:020000041d01dc
:10747400d8ffbd27cf0002242000b2af2400bfaf45
:107484001c00b1af1800b0af170082102590800027
:107494003b008224ff0042300200422c12004014c0
:1074a4001000b1270b00102401000524ac6b400f21
:1074b400252020021000a293ffff10261000521076
:1074c400ff001032f9ff0016010005242400bf8fcd
:1074d400251000002000b28f1c00b18f1800b08f5f
:1074e4000800e0032800bd271000b127010005248f
:1074f400ac6b400f25202002ebff00100b00102482
:1075040001000524ac6b400f252020021000a2933b
:107514000b001024ffff102609004010ff0010325a
:10752400eaff001201000524ac6b400f2520200265
:107534001000a293ffff1026f9ff4014ff00103241
:107544002400bf8f010002242000b28f1c00b18fe1
:0c7554001800b08f0800e0032800bd27dd
:020000040000fa
:020000041d01dc
:10756000019d043cd0ffbd271cd684242c00bfaf56
:107570002800b5af2400b4af2000b3af1c00b2aff9
:107580001800b1af1e6c400f1400b0afb081848ff3
:107590000080123cf8365226ffff822400210200b0
:1075a00021208200c02004001e6c400f21204402d4
:1075b0001100112401001024019d143c019d133c75
:1075c00011000010019d153c1e6c400f00000000d2
:1075d0001e6c400f28d68426b081848f01001026af
:1075e000ffff82240021020021208200c02004002d
:1075f000212091001e6c400f21204402080002242b
:107600000900021211003126ac81828f0100422450
:10761000edff501424d664261e6c400f20d6a426fd
:10762000ebff0010000000002c00bf8f2800b58f7a
:107630002400b48f2000b38f1c00b28f1800b18fcc
:0c7640001400b08f0800e0033000bd27ec
:020000040000fa
:020000041d01dc
:10764c003700a01000000000d8ffbd272000b4af09
:10765c001800b2af1400b1af2400bfaf1c00b3af21
:10766c001000b0af2590a0002588800025a0c00098
:10767c00ff0f223222004010ff0033320001102491
:10768c00238013022b1012022530800225202002a9
:10769c00100040102528000200ff7326b05e400f3a
:1076ac002190530221883002f1ff401621a0900254
:1076bc002400bf8f251020022000b48f1c00b38f34
:1076cc001800b28f1400b18f1000b08f0800e003c7
:1076dc002800bd27b05e400f252840022400bf8f34
:1076ec00211051022000b48f1c00b38f1800b28ff0
:1076fc001400b18f1000b08f0800e0032800bd27e4
:10770c006f6b400f000110246d64400f2520200288
:10771c006f6b400f23801302dbff00102b10120243
:08772c000800e00325108000b5
:020000040000fa
:020000041d01dc
:1077340082bf043c08020524002085ac0094053473
:10774400182085ac1a000524402085ac81bf033c79
:107754000100053cf40065ac0080063c0200053cd9
:107764009802c224f40065ac0400053cf40065ac46
:10777400280040ac2c0040ac080040ac0c0040aced
:10778400400040ac0020858c06000724200040ac5b
:107794000600a530340040a03c0040a0380040acb6
:1077a4009802c0ac100040a01c0040a00d00a7101f
:1077b400140040ace8030524300045ac1027052430
:1077c400180045ac00800234082082ac0100023c61
:1077d400f80062ac0200023cf80062ac0800e0036e
:1077e4000000000040000524300045ac8813052447
:1077f400180045ac00800234082082ac0100023c31
:10780400f80062ac0200023cf80062ac0800e0033d
:047814000000000070
:020000040000fa
:020000041d01dc
:10781800029d033cc8b760d4b0ffbd27029d023c5f
:107828003000b4f7d0b754d4029d023c2000a0f732
:10783800d8b740d41800b4f7253000001000a0f7de
:1078480025380000010004242c00bfaf4000b8f721
:107858004564400f3800b6f7029d053ce0b7a0d458
:10786800029d033c1800b4f72000a0f7e8b760d4e5
:1078780025300000253800001000a0f7020004247d
:107888004564400fc48182af029d033cf0b778d4b1
:10789800029d033cf8b776d42000b8f71800b4f777
:1078a8001000b6f72530000025380000252000001c
:1078b8004564400f108282af2000b8f71800b4f773
:1078c8001000b6f7253000002538000025200000fc
:1078d8004564400fc08182af2c00bf8f4000b8d7ed
:1078e8003800b6d73000b4d7bc8182af0800e003b7
:0478f8005000bd2758
:020000040000fa
:020000041d01dc
:1078fc00840002242200a2500000e28c8500a22801
:10790c0010004010810002240800a2500000e28cfc
:10791c00820002242700a2500000e28c8000022486
:10792c001000a214000000000000e28c04004324ac
:10793c000000e3ac0000428c000082ac150000108b
:10794c00000046ac900002241a00a2500000e28c09
:10795c009100a22805004010880002240f00a250bc
:10796c000000e28c0800e00325100000a0000224b7
:10797c00eeffa2500000e28ce9ff0010c0000224d0
:10798c00040043240000e3ac0000428c000082acf5
:10799c00000046a40800e003010002240400432474
:1079ac000000e3ac0000428c000082acf9ff001038
:1079bc00000046a0040043240000e3ac0000428c0d
:1079cc00000082ac000046acc3370600f1ff00108b
:0479dc00040046acb1
:020000040000fa
:020000041d01dc
:1079e000c0ffbd273000b3af2800b1af0001932c1a
:1079f000c4ff1124caff02240a8853003800b5af1f
:107a00003400b4af2400b0af3c00bfaf2c00b2af25
:107a100025a08000ff0031320a0010240d00001064
:107a2000019d153c4e6d400f01000424586e400f1f
:107a30000000000025280002a86d400f9435a42600
:107a4000ffff10264e6d400f0100042413000012aa
:107a50003c00bf8f04000724253000002528800249
:107a600025202002a24c400f1000b3af1d5d400f37
:107a7000252020022590400001000224e9ff421643
:107a800025306002040005240e5a400f1800a42778
:107a9000e4ff52143c00bf8f1800b08f2510000285
:107aa0003800b58f3400b48f3000b38f2c00b28f04
:107ab0002800b18f2400b08f0800e0034000bd27ec
:020000040000fa
:020000041d01dc
:107ac000d0ffbd272c00bfaf2800b4af2400b3af58
:107ad00025a08000000813242000b2af1c00b1af25
:107ae00086bf123c2588a0001800b0af6f6b400f16
:107af0002580c00001000424340153aef46a400f15
:107b000000000000f46a400f02000424380153ae64
:107b10006f6b400f00000000060004241000b4af9b
:107b2000340153aef46a400f000000000200042448
:107b3000380153ae340153aef46a400f0000000028
:107b4000f46a400f003c847ef46a400f003a847e61
:107b5000f46a400fff0084320600201221881102cf
:107b600001001026f46a400fffff0492fdff11167a
:107b7000010010262c00bf8f00080224380142aefd
:107b80002800b48f2400b38f2000b28f1c00b18f67
:0c7b90001800b08f0800e0033000bd2793
:020000040000fa
:020000041d01dc
:107b9c00a8ffbd270400a1af0800a2af0c00a3af43
:107bac001000a4af1400a5af1800a6af1c00a7af1f
:107bbc002000a8af2400a9af2800aaaf2c00abafbf
:107bcc003000acaf3400adaf3800aeaf3c00afaf5f
:107bdc004000b8af4400b9af4800bfaf124000003e
:107bec004c00a8af104000005000a8af029d1a3cfa
:107bfc00e0c05a2700000000006804400060054007
:107c0c0009f84003000000005000a88f110000018b
:107c1c004c00a88f130000010400a18f0800a28f54
:107c2c000c00a38f1000a48f1400a58f1800a68f32
:107c3c001c00a78f2000a88f2400a98f2800aa8fd2
:107c4c002c00ab8f3000ac8f3400ad8f3800ae8f72
:107c5c003c00af8f4000b88f4400b98f4800bf8ff5
:0c7c6c005800bd27c000000018000042b6
:020000040000fa
:020000041d01dc
:107c7800a8ffbd270400a1af0800a2af0c00a3af66
:107c88001000a4af1400a5af1800a6af1c00a7af42
:107c98002000a8af2400a9af2800aaaf2c00abafe2
:107ca8003000acaf3400adaf3800aeaf3c00afaf82
:107cb8004000b8af4400b9af4800bfaf1240000061
:107cc8004c00a8af104000005000a8af0068044066
:107cd80000600540029d023cdcc2422409f84000d5
:107ce800000000005000a88f110000014c00a88f70
:107cf800130000010400a18f0800a28f0c00a38fbd
:107d08001000a48f1400a58f1800a68f1c00a78f41
:107d18002000a88f2400a98f2800aa8f2c00ab8fe1
:107d28003000ac8f3400ad8f3800ae8f3c00af8f81
:107d38004000b88f4400b98f4800bf8f5800bd2756
:087d4800c00000001800004219
:020000040000fa
:020000041d01dc
:107d5000a8ffbd270400a1af0800a2af0c00a3af8d
:107d60001000a4af1400a5af1800a6af1c00a7af69
:107d70002000a8af2400a9af2800aaaf2c00abaf09
:107d80003000acaf3400adaf3800aeaf3c00afafa9
:107d90004000b8af4400b9af4800bfaf1240000088
:107da0004c00a8af104000005000a8af006804408d
:107db00000600540029d023cecc2422409f84000ec
:107dc000000000005000a88f110000014c00a88f97
:107dd000130000010400a18f0800a28f0c00a38fe4
:107de0001000a48f1400a58f1800a68f1c00a78f69
:107df0002000a88f2400a98f2800aa8f2c00ab8f09
:107e00003000ac8f3400ad8f3800ae8f3c00af8fa8
:107e10004000b88f4400b98f4800bf8f5800bd277d
:087e2000c00000001800004240
:020000040000fa
:020000041d01dc
:107e2800c0ffbd273800b1af3400b0af3c00bfafd2
:107e38002588a0000000a5800400a01025808000ef
:107e48000100228209004054252800008961400f62
:107e5800252000023c00bf8f231050003800b18f4e
:107e68003400b08f0800e0034000bd27200006243e
:107e78007963400f1000a427010005240000228226
:107e88001a0040101000a427000023920100312698
:107e98004211030080100200211082000000448c6f
:107ea8000418650025186400f4ff0010000043acb6
:107eb8000100422400004380e6ff6010ff006330a9
:107ec80042210300802004001000a6272120c400be
:107ed8000000848c0418650024186400f4ff601006
:107ee8003c00bf8fddff001023105000251000025a
:087ef800f0ff00100100052459
:020000040000fa
:020000041d01dc
:107f0000c0ffbd273800b1af3400b0af2588800076
:107f10002580a00020000624252800003c00bfafdb
:107f20007963400f1000a42700000382090060104d
:107f300025100000010002820b00401401000524fe
:107f40002510200200004480feff835001004224df
:107f5000231051003c00bf8f3800b18f3400b08f28
:107f60000800e0034000bd27000003921000a42792
:107f7000010010264211030080100200211082002f
:107f80000000448c0418650025186400000043ac10
:107f900000000282f4ff4014251020020100052495
:107fa00000004380eaff60101000a627ff00633046
:107fb00042210300802004002120c4000000848ca2
:107fc0000418650024186400e2ff6050231051007b
:087fd000f3ff00100100422440
:020000040000fa
:020000041d01dc
:107fd800e8ffbd271400bfaf8b70400f0000000002
:107fe80008004010000000001d71400f8481848f3c
:107ff800e903422c190040101400bf8f0800e00369
:108008001800bd271b71400f8481848ff6ff401034
:1080180000000000ca6a400f8481848f0032437ccc
:108028001b00601001000424efff641486bf043ca9
:1080380000400524c003437c340285ac1100601461
:1080480000200324380283acff00423082bf033c87
:10805800201062ace4ff0010000000001f71400f08
:108068009882848fe5ff40101400bf8f0b6c400f7f
:108078009882848f1400bf8f252040005653400bf0
:108088001800bd27340283acf0ff0010ff00423017
:1080980086bf023c00400324380243acd2ff0010e4
:0480a80000000000d4
:020000040000fa
:020000041d01dc
:1080ac000d0d00000d070707070720435120435112
:1080bc002043512043512043512043512043512010
:1080cc0043512043512043512043512043512043dd
:1080dc005120435120444520773669776920573623
:1080ec0049574920573649574920545543534f4e09
:1080fc0020415a000d0a0d0a5265636569766520a8
:10810c004572726f72205265706f72740d0a4368fb
:10811c0061726163746572733a2025640d0a426161
:10812c006420436861726163746572733a202564dc
:10813c000d0a4572726f722050657263656e7461c0
:10814c0067653a20252e30660d0a0d0a00000000e6
:10815c0021455200215100000d0a0a5265747572b6
:10816c006e696e6720746f20434c490d0a0a3e00fd
:020000040000fa
:020000041d01dc
:10817c00c8ffbd272c00b4af2000b1af3100942c48
:10818c00c3ff1124c9ff02240a8854003000b5af84
:10819c002800b3af2400b2af1c00b0af3400bfafa7
:1081ac00259080002598a000ff0031320a00102491
:1081bc00019d153c0400072425306002252840024f
:1081cc0025202002a24c400f1000b4af1d5d400fc3
:1081dc0025202002010003240f0043100100042479
:1081ec004e6d400f00000000586e400f0000000064
:1081fc0025280002b434a42625386002a86d400f4f
:10820c0025304002ffff10264e6d400f0a0004245b
:10821c00e9ff0016040007243400bf8f3000b58f2f
:10822c002c00b48f2800b38f2400b28f2000b18fa4
:0c823c001c00b08f0800e0033800bd27d4
:020000040000fa
:020000041d01dc
:1082480085bf023c00b0438c01000424c47b037c3e
:1082580000b043acc5bf033c0840638c88b143ac55
:108268000103033c01006324dcb043ac6000033c21
:1082780000b043ac0001033c04b040ac08b043acd0
:108288000cb040ac80b040ac84b040ac88b040acde
:10829800d0b040ac10b040ac14b040ac18b040ac5a
:1082a80028b040ac2cb040ac00b0438cc47b837c7d
:1082b80000b043ac04b0438cfeff61040000000032
:1082c80004b0438c8007637cfdff6014000000004d
:1082d80000b1438c010004248410837c00b143acba
:1082e80000b1438c8002637cfdff60100000000039
:1082f80008b0438c010004248494837c08b043ac08
:088308000800e0030000000082
:020000040000fa
:020000041d01dc
:108310000080093c980229252510a0002c00238dff
:108320002800258d2400405025286000220065503b
:108330002510000000800b3c2530000082bf0d3c62
:1083400088656b250a00001006000c248a19637ddd
:10835000ffff43a13000238d2b1803010a400300c7
:108360001400c21025180001160065502510c00029
:108370000020a78d0100c624215086000600e730aa
:10838000f2ffec1401006824401803002118630177
:10839000000067944018060021188300feff67a4c0
:1083a0003000238d2b1803010a400300eeffc21496
:1083b00025180001252800012c0025ad0800e00348
:1083c000000000002c0025ad0800e00300000000c4
:0883d000f9ff00102510000068
:020000040000fa
:020000041d01dc
:1083d8000080063c2c6cca8c2b0040112510000034
:1083e8002518400125380000254000000000658c54
:1083f8000800a4141000698c0200e0502c6cc9ac71
:108408001000e9ac0800e00310006224f7ff001038
:10841800251820012b588500070060110000000076
:108428001b0040502540e00000004b8c2b28ab007f
:108438000b40e5000b106500f4ff2015253860009f
:1084480011004010000000000000438c1000458c13
:10845800231864001100692c070020151000472418
:10846800000044acf0ff63242120e400100085ac38
:10847800000083ac2528800002004255100005ad9d
:108488002c6cc5ac2510e0000800e00300000000db
:08849800e9ff0010251060004f
:020000040000fa
:020000041d01dc
:1084a00086bf033c10046290e8ffbd271400bfaff5
:1084b000c418027c100462a010000224108180af56
:1084c000340462ac080002241000b0af340462ac83
:1084d0001081828f0600422cfdff40141000022400
:1084e000380462ac108180af1081828f0600422c6c
:1084f000fdff4014029d053c0800022425300000c9
:10850000f8c0a5240400043c380462ac1c6f400f82
:1085100000000000108180af1081828f0600422c85
:10852000fdff4014000000000d71400f000000002e
:10853000108180af1081828f0600422cfdff401415
:108540000080103c9055400f8005042680050426cd
:108550001400bf8f1000b08fff0045303f69400b03
:048560001800bd271b
:020000040000fa
:020000041d01dc
:1085640003008014251000000800e0030000000050
:108574000400828ce0ffbd271800b1af2000423018
:108584001400b0af1c00bfaf25808000090040106c
:108594002588a0001400828c1800838c2b106200a4
:1085a400140040542c00828c280000ae180000ae49
:1085b400140000ae3c00058e4000028e2b18a20071
:1085c40004006010010006240000048e2d71400f89
:1085d4002328a200400000ae3c0000ae0b00201295
:1085e40025100000cb62400f0000048e080000102c
:1085f4001c00bf8f2530000009f84000252800002a
:108604001400038ee8ff6014ffff02241c00bf8fd8
:108614001800b18f1400b08f0800e0032000bd27bc
:020000040000fa
:020000041d01dc
:10862400e8ffbd27ff00a5301000b0af1400bfafb6
:108634000f00a014258080009055400f000000001a
:10864400218002021400bf8f251000021000b08f99
:108654000800e0031800bd2700000282f9ff401063
:10866400ff004230f8ff45101400bf8f01001026b0
:1086740003000232f8ff40140101043c0101842488
:108684000220a470fefe073c8080083cfffee73415
:10869400808008350000038e2630640021106700b6
:1086a40027180300241043002118c70027300600b0
:1086b400243066002510460024104800f5ff405081
:1086c4000400102600000282deff4010ff0042304a
:1086d400ddff45101400bf8ffaff001001001026c3
:020000040000fa
:020000041d01dc
:1086e40000800340c011637c010007242900671443
:1086f40001800240402e437c0010804000188040de
:108704000028804000308040252000000080043c88
:108714000000834000508440c0000000020000427a
:1087240000408420ffff6320f9ff60140000000074
:1087340000bd043c440884340030844000bd053c42
:108744004008a52400bd063c7008c6242538000056
:108754001000a610ff01093c00e0293500288940db
:10876400000087400000a88c0400a98c0800aa8c93
:108774000010894000188a4000508840c000000062
:10878400020000420c00a5200100e720f0ff0010c9
:0c879400000000000800e00300000000ee
:020000040000fa
:020000041d01dc
:1087a0000000a28c0400a38cc0ffbd273800b3af2b
:1087b0003400b2af3000b1af2c00b0af3c00bfaf5f
:1087c000258880002580a0000800b28c2000a2af80
:1087d000030060040c00b38c4408027c2000a2afac
:1087e0002000a2271800a2af0a0002241400a2afa2
:1087f0001000b2af0400c78c0000c68cd958400fdf
:10880000252000021000068e2000a38f253840028c
:10881000ffffc6241000a3af2330c200212862024c
:10882000aa5b400f252020020400238e0001633044
:10883000040060103c00bf8f0400038e2a20430018
:108840000b1064003800b38f3400b28f3000b18f4a
:0c8850002c00b08f0800e0034000bd27a2
:020000040000fa
:020000041d01dc
:10885c000020804401602e460020e0446881828f15
:10886c003c20204614000045608182d7010003247f
:10887c000c004350588182f7588186d73c112c4606
:10888c0002000445508180d760818cf70103264695
:10889c00029d023c98be40d45482868fa06a400b45
:1088ac000263204686112046608184f7862020468c
:1088bc00f2ff0010688180af0c0040100100022410
:1088cc00508180d73c122e46f0ff0845588186d740
:1088dc0001032646029d023c98be40d45482868fea
:1088ec0060818ef7a06a400b02632046508182f7ac
:1088fc0006102046608184f786202046f1ff001088
:04890c00688182af4d
:020000040000fa
:020000041d01dc
:10891000d8ffbd272000b1af006071441c00b0af8c
:108920000060104400f0227e1400a2af1000b0af2f
:108930005882868f1000acd72400bfafa06a400fca
:1089400000000000001080440080023c0010e04461
:10895000320022461800014568044224580042d4df
:1089600003102046029d033c80c162d43c01224694
:108970000f00074506102046508080f7b00042d413
:108980003c1220460300084500089044061020468b
:10899000508082f72400bf8f0008f1441c00b08f84
:1089a000020820462000b18f0800e0032800bd2700
:1089b000f2ff0010508082f7580040d4e8ff00100a
:0489c00086002046c7
:020000040000fa
:020000041d01dc
:1089c4005000828ce8ffbd271000b0af1400bfaf89
:1089d4000b004010258080005400838c2a10620014
:1089e40007004014000000004c0000aeffff02240a
:1089f4001400bf8f1000b08f0800e0031800bd27db
:108a04001e6b400f25200002f8ff42044c0000ae0c
:108a14004000038e5000048e3c00058e0900801037
:108a2400253060005400068e23386500232086001c
:108a34002a38e4000300e01425306000ffff84249a
:108a44002130a400060060104c0006ae5400048ed1
:108a5400231865000100632421188300540003ae29
:108a6400ffffa390e2ff6254ffffa2a0e1ff00100a
:048a74001400bf8f9c
:020000040000fa
:020000041d01dc
:108a7800f8ffbd270800acf70c00a38f0055627cf7
:108a880033044428150080100800a0d70010804443
:108a98000010e0443260224610000145000000004a
:108aa800029d043c0f006104d8c184d401602446af
:108ab8000000244601002c46ff0342280e00401007
:108ac8000800a1d70000a0f714006004029d023c32
:108ad8000800a0af0c00a0af0800a0d70800e00372
:108ae8000800bd270800a1d700002446010024463d
:108af800f1ff0010010021463c11204640082046a5
:108b0800f5ff04450800a1f7029d023ce0c140d4ee
:108b180001082046f0ff00100800a0f7fdff001034
:048b2800d0c140d4a4
:020000040000fa
:020000041d01dc
:108b2c002900800400000000d0ffbd272800b0af52
:108b3c000080103c00110400e80210262c00bfaf8e
:108b4c00218002020a000292010003241a0062141e
:108b5c00faff0224060008960a0000a2060000a6ee
:108b6c000b0003922510800049000524010063309e
:108b7c004e0004240b2883001800a0af1400a0aff3
:108b8c001000a0af040007242000a6270200042434
:108b9c002000a2a31c4e400f2200a8a7f7ff03241d
:108bac000a18020025106000000000ae040000aea0
:108bbc00080000ae0c0000ae2c00bf8f2800b08f58
:108bcc000800e0033000bd270800e003faff022490
:020000040000fa
:020000041d01dc
:108bdc00d8ffbd272000b1af0080113c703e228e23
:108bec001c00b0af2400bfaf0e00401025808000e9
:108bfc00cf6c400f000000001000a427996d400faf
:108c0c001000a2af0f0042241000a58f0418027ca4
:108c1c00f46e400f252040000c0040102400bf8f44
:108c2c00703e20ae01000052010010240f001026ef
:108c3c000418107c090000160080023c0c00032470
:108c4c00346c43ac251000002400bf8f2000b18f82
:108c5c001c00b08f0800e0032800bd270400022e82
:108c6c00040003240b806200f660400f25200002f4
:108c7c00f5ff4054fcff50acf4ff00102400bf8ff4
:020000040000fa
:020000041d01dc
:108c8c00e0ffbd271400b0af0080103c206c028eba
:108c9c001800b1af1c00bfaf0f0040142588800036
:108cac009656400f00000000206c028e0b00401402
:108cbc00000000000080023c0c000324346c43ac28
:108ccc00ffff02241c00bf8f1800b18f1400b08f5f
:108cdc000800e0032000bd27206c028e0a00201a39
:108cec00211851002b206200f2ff80140080043cfc
:108cfc00246c848c2b208300efff80540080023c7a
:108d0c00f0ff0010206c03ae2b20430005008014f4
:108d1c000080043c286c848c2b206400e9ff80507c
:108d2c00206c03ae0080023ce4ff0010160003240c
:020000040000fa
:020000041d01dc
:108d3c00d0ffbd272000b2af4000b2971800b0aff3
:108d4c002580c0002800b4af2400b3af25a0a0003c
:108d5c0025988000253040022528e00025200002bf
:108d6c001c00b1af2c00bfaf2859400f2588e00084
:108d7c0010004010010002241000b2af1400a2af8a
:108d8c002538200225300002252880029d4b400ffb
:108d9c00252060022c00bf8f2800b48f2400b38fd5
:108dac002000b28f1c00b18f1800b08f0800e003b8
:108dbc003000bd272c00bf8f2800b48f2400b38f48
:108dcc002000b28f1c00b18f1800b08f0e0004244d
:088ddc00526f400b3000bd276f
:020000040000fa
:020000041d01dc
:108de400251080002600c0101000ca2c1f0040155a
:108df400ff00a530005205002528aa0000540500f4
:108e04002528aa000300833005006010040007240d
:108e14002338e3002330c700000085b821208700f1
:108e24000f00c3302338c3000800e0102530600071
:108e34002138e400000085ac040085ac080085ac52
:108e440010008424fbff8714fcff85ac0300c330af
:108e54002338c3000500e010253060002138e40009
:108e640004008424feff8714fcff85ac0400c010ba
:108e74002138c40001008424feff8714ffff85a06d
:088e84000800e00300000000fb
:020000040000fa
:020000041d01dc
:108e8c00756c033cc8ffbd27286e63241800a3af84
:108e9c006c2903242800b2af2000b0af3400bfaf60
:108eac003000b4af2c00b3af2400b1af25908000dc
:108ebc002510e0001c00a3a71e00a0a30200c010f8
:108ecc001800b0272580c0000400b18c0800b38cba
:108edc00030040140000b48c9055400f2520000274
:108eec00020020062b1822020b1023021000b4af34
:108efc00253860022528000225204002aa5b400f7d
:108f0c00253040003400bf8f3000b48f2c00b38f5d
:108f1c002800b28f2400b18f2000b08f0800e0032e
:048f2c003800bd2725
:020000040000fa
:020000041d01dc
:108f3000e0ffbd271800b2af1400b1af1c00bfaff7
:108f40001000b0af2590a000140080140080113ce8
:108f5000306c308e0b0000121c00bf8f25200002e9
:108f6000c05f400f252840022180020200000282db
:108f70000c00405425284002306c20ae25800000b3
:108f80001c00bf8f251000021800b28f1400b18f93
:108f90001000b08f0800e0032000bd27efff001095
:108fa000258080008a5f400f2520000221100202e8
:108fb0000000438005006010306c22ae01004324a5
:108fc000306c23aeeeff0010000040a0ecff00105c
:048fd000306c20ae33
:020000040000fa
:020000041d01dc
:108fd400e8ffbd271400bfaf00606241c00000007d
:108fe400bc64400f000000008ebf023c0000458cb2
:108ff4000300032480bf043c0429657c000045acc5
:109004000000458c0410657c000045ac0000828c97
:109014000429627c000082acc459400f00000000a7
:109024009260400f00000000cd5d400f0000000082
:10903400406e400f00000000bf68400f00000000b9
:109044007f6f400f00000000a369400f0000000084
:109054000d69400f000000008b6a400f0000000003
:10906400206062411400bf8f0800e0031800bd2790
:020000040000fa
:020000041d01dc
:109074004469736361726420726563762063616c12
:109084006c6261636b202564202564200d0a000056
:10909400496e76616c696420736f636b6574206fcd
:1090a4007020636f64650d00534e492045786365f5
:1090b400656473204d6178204c656e6774680000a8
:1090c400556e6b6e6f776e2053534c20536f636bea
:1090d4006574204f7074696f6e2025640a00000067
:1090e4004e6f742053534c20536f636b65740000b0
:1090f4004552524f523a20574650696e672c2069a8
:109104006e76616c696420616464726573730000d7
:020000040000fa
:020000041d01dc
:10911400c8ffbd273000b0af258080004000a6af57
:109124004400a7af3400bfaff762400f48000424e7
:109134004000a68f180040104400a78f5800a0d705
:1091440025204000252800022000a0f75000a0d7c9
:109154002800a2af1800a0f74800a0d7823d400f16
:109164001000a0f72800a28f300040ac340040acbf
:10917400280040ac2c0040ac400040ac440040ac63
:10918400380040ac3c0040ac3400bf8f3000b08f9e
:109194000800e0033800bd27029d043ca8bb8424da
:1091a4009f6e400f2800a2aff7ff00102800a28f87
:020000040000fa
:020000041d01dc
:1091b400e0ffbd271c00bfaf1800b2af1400b1af71
:1091c4001000b0af0008112486bf103c6f6b400f35
:1091d4002590800001000424340111aef46a400f8c
:1091e40000000000f46a400f02000424380111aeac
:1091f4006f6b400f0000000006000424340111ae20
:10920400f46a400f0000000020000424380111ae6d
:10921400340111aef46a400f00000000f46a400ffc
:10922400003c447ef46a400f003a447ef46a400fe6
:10923400ff0044321c00bf8f380111ae1800b28ffa
:109244001400b18f1000b08f0800e0032000bd2788
:020000040000fa
:020000041d01dc
:1092540041808293e8ffbd271400bfaf408082a302
:1092640042808293418082a343808293428082a37e
:1092740044808293e66f400f438082a3029d053ca5
:109284005c81a52440808427d266400f448082a359
:109294000a004050029d053c5869400f0000000040
:1092a4005082848f0080053cb066400f0004a524e2
:1092b40001000224448082a3029d053c6081a52410
:1092c400d266400f40808427060040101400bf8ff0
:1092d4005667400f0000000001000224448082a36e
:0c92e4001400bf8f0800e0031800bd2735
:020000040000fa
:020000041d01dc
:1092f00099aa033c80bf023c55666324300040ac11
:10930000300043ac6655033caa996334300043ac4b
:109310000000438c010004240463037c000043ac80
:1093200000100324400043ac03000324500043ac6e
:10933000fe01033cff016324600043acfd010324f4
:10934000700043ac1f30033c3e386324800043acc4
:109350008310033c01006324900043ac5000033ca5
:10936000a00043ac0000438c0463837c000043ac4a
:109370003333033c33336324300043ac0800e00351
:0493800000000000e9
:020000040000fa
:020000041d01dc
:1093840082bf023c1020448c0080033c980263247a
:109394000e008430400064ac1020448c0e008430f5
:1093a400150080502000798c1020448c02008430f9
:1093b4000700801002000424142044ac1020448cc4
:1093c400010084300700805081bf023c3020448c6f
:1093d4001020448c01008430fcff80140000000045
:1093e40081bf023c0100043c740044ac0200043c14
:1093f400740044ac2000798c0400201300000000a9
:109404002400658c08002003020004240800e00303
:049414000000000054
:020000040000fa
:020000041d01dc
:1094180080ffbd277800b2af7400b1af7000b0af65
:109428002588a000258080002590c0002528000000
:10943800600006247c00bfaf7963400f1000a427aa
:10944800ffff0224252800001000a4271800b0af51
:109458004c00b0afb56e400f5000a2af010006241b
:1094680025284002bb24400f1000a4270700201223
:109478005000a38f4c00a28f231043006400a38fd9
:109488002110430021800202000030ae7c00bf8f13
:109498007800b28f7400b18f7000b08f0800e003bd
:0494a8008000bd275c
:020000040000fa
:020000041d01dc
:1094ac00e8ffbd271000b0af1400bfaf48008280aa
:1094bc00ffff432425104300480082a01800838c32
:1094cc001400828c2b106200050040102580800057
:1094dc002c00828c2530000009f840002528000063
:1094ec000400028e280000ae180000ae02004330cb
:1094fc0008006010140000ae10004234040002aeec
:10950c00ffff02241400bf8f1000b08f0800e0038f
:10951c001800bd270800038e0c00048ec000427c8e
:10952c002310020021186400400003aef5ff001068
:04953c003c0003ae3e
:020000040000fa
:020000041d01dc
:10954000e8ffbd2724e804341400bfaf785e400f65
:10955000b88080a3b8808393170060108430027ca9
:10956000785e400f001004241000053ca003a524e1
:109570000900451000000000019d043c543684247d
:10958000a86d400f253040001400bf8f0100042457
:109590000f71400b1800bd27785e400f24e804349b
:1095a0001400bf8f0431027c5000453424e8043499
:1095b0005f60400b1800bd27500045345f60400fce
:1095c00024e8043401000224e5ff0010b88082a3df
:020000040000fa
:020000041d01dc
:1095d000cf808293d0ffbd27ff0042301b00401494
:1095e0002c00bfafffff82240e00422c0f00401062
:1095f000251880001800a0af1400a0af1000a0af85
:109600002000a627040007241000052401000424dc
:109610001c4e400f2000a3a32c00bf8f010002248a
:10962000cf8082a30800e0033000bd27ff000224a2
:10963000f1ff82501800a0af526f400f07000424c2
:109640002c00bf8f0800e0033000bd27526f400f91
:10965000060004242c00bf8f0800e0033000bd2763
:020000040000fa
:020000041d01dc
:1096600082612c46029d033c80b46ad4029d033c77
:1096700088b462d4029d033c90b468d4029d033c3c
:10968000a9324a4c98b462d402312646029d033c6a
:109690002932484ca0b462d41000a28f0260264642
:1096a00002212646a140464c06004014a1204a4c07
:1096b000029d023ca8b44ed4a930c24d0800e0037c
:1096c0002110804d82102046029d023cb0b444d44b
:1096d000029d023ca970444ca910c64db8b446d4b2
:1096e00002002646011020460800e00301602046e3
:020000040000fa
:020000041d01dc
:1096f000d8ffbd27f900c22c2000b4af1c00b3afc7
:109700001800b2af1400b1af1000b0af2400bfaf6b
:1097100025a0a0002580c000258880002198a600f3
:109720000b0040142590c000232870022520200241
:1097300008ff1026f152400ff8000624f900022e0f
:1097400023185002f8ff4010f800312621a08302b0
:10975000ffff063225288002252020022400bf8f2b
:109760002000b48f1c00b38f1800b28f1400b18f8b
:0c9770001000b08ff152400b2800bd2704
:020000040000fa
:020000041d01dc
:10977c00d8ffbd27f900c22c2000b4af1c00b3af3a
:10978c001800b2af1400b1af1000b0af2400bfafdf
:10979c0025a0a0002580c000258880002198a60067
:1097ac000b0040142590c0002328700225202002b5
:1097bc0008ff10263342400ff8000624f900022e51
:1097cc0023185002f8ff4010f800312621a0830224
:1097dc00ffff063225288002252020022400bf8f9f
:1097ec002000b48f1c00b38f1800b28f1400b18fff
:0c97fc001000b08f3342400b2800bd2746
:020000040000fa
:020000041d01dc
:109808005f00023c42180400105e422421106200ee
:109818001b004400f40180000100053c1210000008
:10982800ffff42242a2845000900a0507d01023c80
:1098380082bf033c00206494ffff4230c418047cbc
:10984800002064a4402062ac0800e003000000008f
:1098580040784224211862001b006400f401800053
:1098680082bf023c0020449401000524c418a47c53
:10987800002044a412180000ffff6324ffff633098
:0c988800402043ac0800e003000000009a
:020000040000fa
:020000041d01dc
:109894000400828ce0ffbd271c00bfaf00014730ed
:1098a4001800b1af1600e0101400b0af1000828ca5
:1098b400258080002518c0002b88c2001400848ce9
:1098c4000a185100253060003655400f2588600085
:1098d4001400028e1000038e2110510023887100a1
:1098e400140002ae100011ae000040a01c00bf8f97
:1098f4001800b18f1400b08f0800e0032000bd27ca
:1099040010004230faff40541c00bf8fc06f400f5c
:0c99140000000000f6ff00101c00bf8fd8
:020000040000fa
:020000041d01dc
:109920000c00a7af0c00a38f0800a6af2510800085
:1099300002450300ff0705310e00a0140800a48fa4
:10994000029d033c0008864420bf60d40008e74421
:109950000008052402082046000006440000674471
:109960002520c0000055e67c0200c0102518e0004c
:10997000c1ffc524c2370400401803002518c300e6
:1099800040200400000044ac00a0637c2000043ca4
:1099900025188300ccfba52400080831040043ac43
:0c99a000080045ac0800e0030c0048acd7
:020000040000fa
:020000041d01dc
:1099ac000004c2281300401402fcc328029d023c90
:1099bc0080c340d401fcc224000443280600601478
:1099cc00026320460263204602f8c22400044428a5
:1099dc00ff0303240a10640025200000ff03422427
:1099ec0000008444002d02000000e5440800e00360
:1099fc0002602046f8ff60102510c000029d033c59
:109a0c0088c360d4c903c22402fc4328f2ff60104f
:109a1c00026320469207c22402fc442802fc032461
:0c9a2c0002632046ecff00100b106400e9
:020000040000fa
:020000041d01dc
:109a3800e0ffbd271800b1af258880007500042419
:109a48001c00bfaf1400b0af8a6d400f2580a00086
:109a58002530200225280000476b400f0100042410
:109a6800252800007f000624476b400f01000424ce
:109a78008a6d400f150004242530000225280000b7
:109a8800476b400f010004247f00062425280000ae
:109a9800476b400f010004241c00bf8f1800b18fd2
:109aa8001400b08f25300000252800002520000074
:089ab800476b400b2000bd27a5
:020000040000fa
:020000041d01dc
:109ac0000000a6800700c014251000001c00001034
:109ad000000000000100a5240000a6801600c010b0
:109ae000ffffe2301000838c01004724f9ff601073
:109af000ffff68240400838c0100a5242138830023
:109b00001400e6a00000868c010063240c00878c02
:109b10001b006600f401c000100088ac0100e724bf
:109b20000c0087ac10180000040083ac0000a68075
:109b3000edffc0541000838c0800e003000000001b
:089b40000800e0030000000032
:020000040000fa
:020000041d01dc
:109b48000000aa801e00401100000000000089806b
:109b5800170020512510000007004911251080002a
:109b68000100898012002051251000000100842482
:109b7800fbff4915251080000100a3800e0060102e
:109b88000000000001008980f6ff23150200a324cd
:109b980004000010020087240000e880f3ff061587
:109ba8000100e72400006680fbffc0140100632465
:109bb8000800e003000000000800e00300000000c7
:089bc8000800e00325108000f5
:020000040000fa
:020000041d01dc
:109bd00082642c46029d023c40b44ad4029d023c61
:109be00048b450d4029d023c50b444d4029d023c7f
:109bf00058b442d4029d023c029232462191444c18
:109c000060b442d4029d023c68b446d4029d023c3a
:109c100082922a4682632e46024228462921524ccd
:109c200070b442d4029d023ca991464c78b442d40f
:109c300001802a46a131524c82313246a120c84cc3
:109c4000a910d24d8183204681732a4680102e466a
:089c50000800e00300102046ab
:020000040000fa
:020000041d01dc
:109c5800e8ffbd271400bfaf0971400f10000424ae
:109c680001004230fcff4014000000000971400f61
:109c78000100042402004330080060144408027cf8
:109c88000971400f0b000424010043300b006014dd
:109c98001400bf8f0800e0031800bd2725284000e6
:109ca8000b71400f010004240971400f0b000424bc
:109cb80001004330f7ff60101400bf8f0400027cde
:109cc800252840000b0004240b71400b1800bd2709
:020000040000fa
:020000041d01dc
:109cd800d0ffbd272400b0af258080000c00043cd5
:109ce800080084242c00bfaf2800b1af1000a0af3b
:109cf8000300113c0971400f1400a0af252051004a
:109d08001000a527bc65400f080006241000a49782
:109d18001800a52706000624bc65400f25209100e1
:109d28001800a28f030002aa000002ba1c00a29326
:109d3800040002a21d00a293050002a22c00bf8ffe
:109d48002800b18f2400b08f0800e0033000bd2741
:020000040000fa
:020000041d01dc
:109d5800029d023c98ffbd27b08042246400bfaf3b
:109d68006000b0af1000a327500048240000478cc3
:109d78000400468c0800458c0c00448c10004224da
:109d8800000067ac040066ac080065ac0c0064ac6d
:109d9800f6ff481410006324050010245082848fb5
:109da800ffff1026b066400f1000a527fcff001625
:109db8005082848f029d053cb066400fac80a5247c
:109dc8006400bf8f6000b08f0800e0036800bd2703
:020000040000fa
:020000041d01dc
:109dd800c8ffbd27ffff03241000a3af020103241f
:109de8002510a0003400bfaf2528c0001400a3af81
:109df800020080142530e0002c00a4271800a4af2e
:109e08001c00a2af0200401025180000ffff4324e9
:109e1800080041042000a3af0080023c4f00032447
:109e2800346c43acffff02243400bf8f0800e0030a
:109e38003800bd272800a4af2400a4af000080a0ec
:109e4800b76d400f1000a427f8ff00103400bf8f33
:020000040000fa
:020000041d01dc
:109e5800c8818293e8ffbd27040040141400bfaff7
:109e68001400bf8f0800e0031800bd275082848fbc
:109e7800029d053cb066400f04c4a5248a69400fc2
:109e8800a48284935082848f986b400f3a000524f3
:109e98008a69400fa58284935082848f986b400f03
:109ea8003a0005248a69400fa68284935082848fe1
:109eb800029d053cb066400f08c4a5241400bf8f5e
:0c9ec800c88180a30800e0031800bd273b
:020000040000fa
:020000041d01dc
:109ed4000800e003000000002518e003009d043c96
:109ee4007014842416008010000000000000858c8b
:109ef4001300a010040084240000868c0400842431
:109f040000008b8404008424029d0c3c68c28c25d0
:109f140080580b0021606c0100008c8d09f88001d1
:109f2400000000002520400003008424fcff0624d8
:109f34002420c4000000858cecffa0140000000065
:0c9f440025f860000800e00300000000a9
:020000040000fa
:020000041d01dc
:109f500020000524000082800d004510f7ff4324f7
:109f60000500632c0a0060142b0003240a00431030
:109f70002d000324030043142528000001000524bc
:109f80000100842425100000070000100a000724a7
:109f9000f0ff001001008424f9ff001025280000c4
:109fa000010084242310430000008380d0ff632439
:109fb0000a00662cfaffc054021047700100a0503e
:0c9fc000231002000800e0030000000075
:020000040000fa
:020000041d01dc
:109fcc0020000524000082800d004510f7ff43247b
:109fdc000500632c0a0060142b0003240a004310b4
:109fec002d00032403004314252800000100052440
:109ffc000100842425100000070000100a0007242b
:10a00c00f0ff001001008424f9ff00102528000047
:10a01c00010084242310430000008380d0ff6324bc
:10a02c000a00662cfaffc054021047700100a050c1
:0ca03c00231002000800e00300000000f8
:020000040000fa
:020000041d01dc
:10a048001c00c010ffffc8240000a3800100a72443
:10a05800010082240e006010000083a02130a600b9
:10a06800060000102128a8000100e724ffffe48073
:10a0780009008010ffff64a0251060002340a7009e
:10a08800f9ffc714010043240800e00300000000a2
:10a098002518400025108000fbff001121206800d2
:10a0a80001006324feff8314ffff60a00800e003a3
:0ca0b8000a1082000800e0032510800060
:020000040000fa
:020000041d01dc
:10a0c80000004054fb21f93f3163621a61b4d03d6e
:10a0d80000004054fb2109403163621a61b4e03d3d
:10a0e80000000000000008400000307f7cd91240ca
:10a0f80000004054fb2119403163621a61b4f03dfd
:10a1080083c8c96d305fe43f000000000000384399
:10a118000000601a61b4d03d7370032e8a19a33b06
:10a128000000002e8a19a33bc14920259a837b3958
:08a1380000000000000070416e
:020000040000fa
:020000041d01dc
:10a14000e8ffbd271000b0af25800000c22004004a
:10a150000478107c82280500c47a907cc230060006
:10a160004451b07c0420d07c1400bfaf8a6d400ff6
:10a170005c000424003a067e25280000476b400f4f
:10a1800001000424ff00063225280000476b400f21
:10a19000010004241400bf8f1000b08f2530000090
:10a1a0002528000025200000476b400b1800bd2724
:020000040000fa
:020000041d01dc
:10a1b0005c80828f86bf043c2004838c8010020068
:10a1c0000c0042304000637c030060105c8082af72
:10a1d000010042345c8082af2004838c8000637c69
:10a1e0000300601007000324020042345c8082af49
:10a1f000060043100b000324070043148c81828f58
:10a20000ffff42240800e0038c8182af8c81828fa3
:10a21000010042248c8182af0800e00300000000ae
:020000040000fa
:020000041d01dc
:10a22000e0ffbd271c00bfaf1800b2af1400b1aff4
:10a230001000b0af86bf113c258080006f6b400fcf
:10a240000008122403000424340132aef46a400fe3
:10a2500000000000f46a400f003c047ef46a400fe6
:10a26000003a047ef46a400fff000432f46a400fa3
:10a27000252000001c00bf8f380132ae1000b08fc7
:10a280001800b28f1400b18f0800e0032000bd2732
:020000040000fa
:020000041d01dc
:10a29000200003240b20a5000b180500022c04004d
:10a2a0000400a01402120500100063342528800069
:10a2b0000212050004004014022102000800633469
:10a2c0002510a00002210200040080548210040026
:10a2d0000400633425204000821004000400405430
:10a2e0004210020002006334251080004210020078
:0ca2f000010042380800e0032510430084
:020000040000fa
:020000041d01dc
:10a2fc0082bf023c81bf033c0004063c0008053cc5
:10a30c000010043c040166ac040165ac040164acaf
:10a31c00001440ac2014478c840066ac840065acff
:10a32c00840064ac01000324301443ac40000324cb
:10a33c00141443ac0100033c20016324081443ac07
:10a34c0005000324081443ac00800334081443ac08
:08a35c000800e003000000000e
:020000040000fa
:020000041d01dc
:10a36400029d023c60c142d4000080443c6022460d
:10a37400060001450000e044029d023c58c140d45f
:10a384003c012c460c0006450063204684bf023c79
:10a394002002448c25180000000884440008e3448b
:10a3a400210ba046026320460d60204600000444b1
:10a3b400a770400bffff8430029d023c68c140d46b
:08a3c400f2ff001002602046c8
:020000040000fa
:020000041d01dc
:10a3cc00d8ffbd272000b1af1c00b0af000811248e
:10a3dc0086bf103c9f0004242400bfaf340111ae93
:10a3ec00f46a400f1300a0a3f46a400f252000006c
:10a3fc0025200000f46a400f1200a2a325200000c3
:10a40c00f46a400f1100a2a32400bf8f1000a2a376
:10a41c00380111ae1000a28f2000b18f1c00b08f3c
:08a42c000800e0032800bd2731
:020000040000fa
:020000041d01dc
:10a4340082bf023c81bf033c008004340020062418
:10a4440000400524f40066acf40065acf40064ac90
:10a45400001040ac2010478c740066ac740065acee
:10a46400740064ac01000324301043ac40000324a6
:10a47400141043ac0100033c20016324081043acd6
:10a4840005000324081043ac081044ac0800e003a2
:04a4940000000000c4
:020000040000fa
:020000041d01dc
:10a49800e8ffbd270080033c1000b0afdc02702449
:10a4a80001000292040040141400bfafdc02629065
:10a4b80007004014000000001400bf8f0100422470
:10a4c800010002a21000b08f0800e0031800bd27a9
:10a4d800e25c400f00000000010002921400bf8ff0
:10a4e80001004224010002a21000b08f0800e0031e
:04a4f8001800bd2764
:020000040000fa
:020000041d01dc
:10a4fc00a8ffbd273000a22c110040105400bfafa4
:10a50c000100a624ff00c630252880003655400fd8
:10a51c002000a4271800a0af1400a0af1000a0af1b
:10a52c002000a62730000724070005241c4e400fee
:10a53c00010004245400bf8f0800e0035800bd271d
:10a54c00526f400f0c0004245400bf8f0800e0032e
:04a55c005800bd27bf
:020000040000fa
:020000041d01dc
:10a560004481878f25180000029d023c000087442b
:10a5700040c142d40000e3444881868f2100a046b8
:10a580000200224600088644251800000008e34423
:10a59000e0ffbd27a108a046029d053c0080043cc9
:10a5a000030022460081a524000484241c00bfafc0
:10a5b000fe6e400f1000a0f71c00bf8f0800e003e4
:04a5c0002000bd2793
:020000040000fa
:020000041d01dc
:10a5c400019d043ce0ffbd27e40584241800b1afdd
:10a5d4001400b0af1c00bfaf9f6e400f2580000079
:10a5e400ff0011248868400f25200002202c027ce3
:10a5f40008005114252000001c00bf8f1800b18fe3
:10a604001400b08f019d043cec0584249f6e400b24
:10a614002000bd270015400f01001026f1ff001097
:04a624000000000032
:020000040000fa
:020000041d01dc
:10a62800e0ffbd271400b0afcccc103ccdcc103629
:10a63800190090001800b1af258880005082848fdf
:10a648001c00bfaf10800000c2801000986b400f44
:10a6580030000526802810002128b0004028050079
:10a66800232825021c00bf8f1800b18f1400b08f5b
:10a678005082848f3000a524202c057c986b400bd9
:04a688002000bd27ca
:020000040000fa
:020000041d01dc
:10a68c0082bf023c81bf033c008004340100053cc6
:10a69c0000400624040166ac040164ac040165ac02
:10a6ac00001240ac2012488c840066ac840064ac70
:10a6bc00840065ac01000324301243ac4000032439
:10a6cc00141243ac2001a72405000324081247ac44
:10a6dc00081243ac081244ac0800e0030000000070
:020000040000fa
:020000041d01dc
:10a6f000ffffffffffffef7f0000000000001000e2
:10a700000000000065cdcd41000000000000f03fda
:10a71000000000000000d03f000000000000e83f03
:10a72000000000000000e03f000000000000404387
:10a73000000000000000f0fffffffffffffff77fba
:10a74000000000000000f07f000000000000b03fab
:020000040000fa
:020000041d01dc
:10a75000e0ffbd271000b0af0280a6701800b2afb6
:10a760002590c0001400b1af0a9005002588a00014
:10a77000252880002520e0001c00bfafc06f400fdf
:10a7800025300002040002121c00bf8f1b00510084
:10a79000f401200212900000251040021400b18f35
:10a7a0001800b28f1000b08f0800e0032000bd2712
:020000040000fa
:020000041d01dc
:10a7b0000400a28ce0ffbd27ff008330000142307f
:10a7c0001c00bfaf0a0040101000a3a31400a28c0d
:10a7d000ff008430010046241400a6ac000043a012
:10a7e0001c00bf8f251080000800e0032000bd275b
:10a7f0002520a00001000624c06f400f1000a527ef
:10a80000f7ff4010ffff0424f5ff00101000a49391
:020000040000fa
:020000041d01dc
:10a81000e8ffbd276b0002240c0082141400bfafb8
:10a820002520c000b08085272538000004000624bc
:10a83000a05a400fb08080af1400bf8fb080852732
:10a84000010004241771400b1800bd272528800043
:10a85000029d043ca86d400f7cbf84241400bf8f70
:0ca86000040104240f71400b1800bd27f8
:020000040000fa
:020000041d01dc
:10a86c0000001f0000000085000000000008000030
:10a87c0000000000000000000000000000000000cc
:10a88c00048d919489009a8b8f9200008c839c9def
:10a89c00969793818a90958786988e9e0000009952
:10a8ac000003190e09010d1a14060b0f121c0c18bb
:0ca8bc0016170a0510071e131d151100c9
:020000040000fa
:020000041d01dc
:10a8c800e0ffbd271c00bfaf1800b2af1400b1af46
:10a8d8001000b0af2590a0009055400f258880004b
:10a8e800253040002538400225202002010005249b
:10a8f800d469400f258040001c00bf8f26105000ef
:10a908002b100200231002001800b28f1400b18f20
:0ca918001000b08f0800e0032000bd27f5
:020000040000fa
:020000041d01dc
:10a92400e0ffbd271800b2af3000b2931400b1affe
:10a934001000b0af2588e0001c00bfaf8e66400f4a
:10a944002580c00025304002252820025068400f91
:10a95400252000021c00bf8f1800b28f1400b18f95
:10a964001000b08f253000002528000025200000ad
:08a97400476b400b2000bd27da
:020000040000fa
:020000041d01dc
:10a97c001000838c12006010010002240400828cf1
:10a98c000000868c0c00878c010048241b000601fb
:10a99c00f401c00008004224401002002110820083
:10a9ac000100e724ffff6324040045a425100000e8
:10a9bc000c0087ac100083ac10300000040086ac97
:08a9cc000800e0030000000098
:020000040000fa
:020000041d01dc
:10a9d400029d063c25100000b8c1c62440180200a0
:10a9e40021186600000067800300e0540000858c95
:10a9f4000800e00301006290010042240000a880e6
:10aa040004000715ff004230010062900100a524f4
:10aa1400000085ac0b00432cf1ff601440180200c9
:08aa24000800e003000000003f
:020000040000fa
:020000041d01dc
:10aa2c005476023c81bf033c000406240400053c20
:10aa3c00103242240010042404000724080064ace3
:10aa4c00cc8180af680166ac25204000880165ace4
:10aa5c00080367ac080366ac080365ac100062ac75
:10aa6c001000628cfeff4414000000000800e0039c
:04aa7c0000000000d6
:020000040000fa
:020000041d01dc
:10aa80002800c6d40800c0d40000c3d43800c5d400
:10aa9000023020463000c8d41000c1d41800c4d4fd
:10aaa0004000c7d42000c2d4022924463000c6f496
:10aab0002160034c821027462800ccf44000c5f4e6
:10aac0002108084c01002446010022460800e0034a
:04aad0003800c0f496
:020000040000fa
:020000041d01dc
:10aad400e8ffbd2725280000252000001000b0afa6
:10aae4001400bfaf8e66400f00401024ffff1026f5
:10aaf40025300000252800005068400f2520000064
:10ab0400fbff0016ffff10261400bf8f1000b08f4c
:10ab1400253000002528000025200000476b400b4d
:04ab24001800bd2731
:020000040000fa
:020000041d01dc
:10ab28000c00838c11006010251000000800828c36
:10ab38000000858c1000868c010047241b00e5006e
:10ab4800f401a000080042244010020021108200f5
:10ab5800ffff63240100c624040042940c0083ac68
:10ab6800100086ac10280000080085ac0800e0033f
:04ab780000000000d9
:020000040000fa
:020000041d01dc
:10ab7c00019d023cd86542240080033c6804632498
:10ab8c00300144240000488c0400478c0800468c9b
:10ab9c000c00458c10004224000068ac040067ac2b
:10abac00080066ac0c0065acf6ff4414100063247e
:10abbc000000448c0400428c000064ac0800e003ec
:04abcc00040062ac73
:020000040000fa
:020000041d01dc
:10abd000e0ffbd271800b1af1c00bfaf1400b0af3d
:10abe000258880009070400f00000000fdff401499
:10abf00082bf103c201411ae9070400f0000000086
:10ac0000fdff4014000000002014028e1c00bf8fc6
:10ac10001800b18fff0042301400b08f0800e0032d
:04ac20002000bd272c
:020000040000fa
:020000041d01dc
:10ac24000000043ce8ffbd270000842403008010da
:10ac34001400bfaf09f88000000000000000843059
:10ac44000000a530009d083ca46d082509f800010a
:10ac5400000000000000023c0000422403004010f9
:10ac64000000000009f8400000000000f9ff001097
:04ac740000000000dc
:020000040000fa
:020000041d01dc
:10ac7800e0ffbd271800b0af1c00bfaf2b65400f29
:10ac880025808000060040504400028effff022409
:10ac98001c00bf8f1800b08f0800e0032000bd27fc
:10aca800010006241000a52709f84000252000020d
:10acb80001000324f5ff43141000a293f5ff0010d0
:04acc8001c00bf8f1e
:020000040000fa
:020000041d01dc
:10accc00b4808293e8ffbd27ff004230040040109f
:10acdc001400bfaf1400bf8f0800e0031800bd279d
:10acec000080043cb0000624252800007963400f46
:10acfc00e80284241400bf8f01000224b48082a3d4
:10ad0c001800bd27b68080a70800e00300000000f3
:020000040000fa
:020000041d01dc
:10ad1c00e8ffbd271000b0af258000000472907cc6
:10ad2c00c47bb07c1400bfaf030000100438d07c8f
:10ad3c00f65f400f000000001d71400f8481848f6e
:10ad4c006400422cfaff4014ffff05321400bf8f41
:10ad5c001000b08f8481848f5f6a400b1800bd2770
:020000040000fa
:020000041d01dc
:10ad6c0086bf023c2001438c9481848f4003637c1a
:10ad7c0006006414000000002001438c9081848f35
:10ad8c00c001637c08006410000000002001438cab
:10ad9c002001428c4003637cc001427c948183afd0
:10adac00804a400b908182af0800e0030000000055
:020000040000fa
:020000041d01dc
:10adbc00e8ffbd271000b0af0100103c1400bfaf7e
:10adcc0003000010a1861036090000521000b08f4d
:10addc00566c400fffff102601004230faff401462
:10adec001400bf8f1000b08f0800e0031800bd27bf
:10adfc00029d043cb4bd84249f6e400b1800bd27fb
:020000040000fa
:020000041d01dc
:10ae100039b4c876be9fe63f000000000040bf4046
:10ae2000000000000000244000000000000024c0da
:10ae30000000000000005940000000000000f03f4a
:10ae40000000000000849340000000000000e0418a
:10ae50000000000000003e400000000000004e40e6
:020000040000fa
:020000041d01dc
:10ae60001000838c10006010010002240400868c06
:10ae7000ffff632425100000213886001400e5a0a0
:10ae80000000858c0100c6240c00878c1b00c500c7
:10ae9000f401a000100083ac0100e7240c0087ac93
:10aea00010300000040086ac0800e0030000000041
:020000040000fa
:020000041d01dc
:10aeb000e0ffbd271800b1af1400b0af2588a00097
:10aec000258080001c00bfaf496f400f2520000087
:10aed0002538200225300002252000001571400f82
:10aee000252800001c00bf8f1800b18f1400b08f00
:0caef00001000424496f400b2000bd2726
:020000040000fa
:020000041d01dc
:10aefc00202020253264207c2025336420207c20d7
:10af0c0025730d0a0000000c0d0a436f6e6e65630d
:10af1c0074656420746f202573202e20525353497e
:10af2c003d25640d0a00000c0d0a49502041646453
:0caf3c00726573732025730d0a00000c71
:020000040000fa
:020000041d01dc
:10af4800029d043c80be80d4d0ffbd27029d033cf7
:10af58002000a0f788be60d4029d023c2530000086
:10af68001800a0f790be40d4253800001000a0f7c4
:10af78002c00bfaf4564400f252000002c00bf8f78
:0caf8800548282af0800e0033000bd27b7
:020000040000fa
:020000041d01dc
:10af9400029d033c70c162d4d0ffbd27029d023cd8
:10afa4000080043cc80480d42000a2f778c142d4b5
:10afb4001000a0f7253000001800a2f72538000083
:10afc4002c00bfaf4564400f252000002c00bf8f2c
:0cafd400588282af0800e0033000bd2767
:020000040000fa
:020000041d01dc
:10afe000e0ffbd271800b1af1400b0af1c00bfaf29
:10aff00025808000ff0011248868400f2520000272
:10b00000060051142024027c1c00bf8f1800b18f51
:10b010001400b08f0800e0032000bd275b6f400fd5
:0cb0200001001026f4ff001000000000ea
:020000040000fa
:020000041d01dc
:10b02c000c00838c0f006010251000000800868c2b
:10b03c000000828c1000878c0100c5241b00a2002c
:10b04c00f401400021308600ffff63240100e72457
:10b05c001400c2800c0083ac100087ac10280000d8
:0cb06c00080085ac0800e00300000000b4
:020000040000fa
:020000041d01dc
:10b07800000085800f00a01000000000e8ffbd2739
:10b088001000b0af1400bfaf258080009882848f75
:10b09800986b400f0100102600000582fcffa014e9
:10b0a8009882848f1400bf8f1000b08f0800e003cf
:0cb0b8001800bd270800e00300000000a5
:020000040000fa
:020000041d01dc
:10b0c400e8ffbd271000b0af0080103c743e028e34
:10b0d4001400bfaf326a400f0000458c06004004e4
:10b0e40001000324743e028e0a0004240270400fff
:10b0f4000000458cc21f02001400bf8f2310030000
:0cb104001000b08f0800e0031800bd2709
:020000040000fa
:020000041d01dc
:10b11000e8ffbd271000b0af258080000a0084241e
:10b120001400bfaff762400f40200400070040103a
:10b130001400bf8f000050ac040040ac080040accd
:10b140000c0040ac100050ac1400bf8f1000b08f4a
:08b150000800e0031800bd2710
:020000040000fa
:020000041d01dc
:10b15800e0ffbd271800b1af1400b0af00081124fc
:10b1680086bf103c050004241c00bfaf340111ae9b
:10b17800f46a400f00000000f46a400f2520000028
:10b188001c00bf8f380111ae1800b18f1400b08faa
:08b198000800e0032000bd27c0
:020000040000fa
:020000041d01dc
:10b1a0008000a3280e006014251000008200a32850
:10b1b00003006014830003240900a31400000000ae
:10b1c0000000c28c070042240410027c08004324c3
:10b1d0000000c3ac000040d401000224000080f451
:08b1e0000800e003000000007c
:020000040000fa
:020000041d01dc
:10b1e8000080033cdc0264240100829006004014c5
:10b1f800ffff4224dc0262900800401400000000b7
:10b208000800e00300000000ff004230f9ff401092
:10b21800010082a00800e003000000001667400b50
:04b228000000000022
:020000040000fa
:020000041d01dc
:10b22c00e0ffbd271800b0af25808000252000006e
:10b23c001c00bfaf496f400f1000a5af1000a58fc9
:10b24c0025200002253800001571400f2530000024
:10b25c001c00bf8f1800b08f01000424496f400bf5
:04b26c002000bd27da
:020000040000fa
:020000041d01dc
:10b27000e8ffbd27080080101400bfafa86f400f83
:10b2800080828cd7308080d71400bf8f1800bd27f4
:10b290000800e003388080f7a86f400f60828cd7e9
:10b2a000288080d71400bf8f1800bd270800e00356
:04b2b000388080f76b
:020000040000fa
:020000041d01dc
:10b2b400e8ffbd271000b0af258080001400bfafa9
:10b2c400f762400f14008424070040101400bf8f5d
:10b2d400000050ac040040ac080040ac0c0040ac92
:10b2e400100050ac1400bf8f1000b08f0800e003b2
:04b2f4001800bd275a
:020000040000fa
:020000041d01dc
:10b2f80000606041c000000099aa033c80bf023c86
:10b3080055666324300040ac300043ac6655033cbe
:10b31800aa996334300043ac80bf023c0100032487
:10b32800581243ac80bf023c5012428cc06c400b98
:04b338000000000011
:020000040000fa
:020000041d01dc
:10b33c000080023c206c438ce8ffbd271000b0afae
:10b34c001400bfaf03006014258040009656400fd8
:10b35c00000000000080023c246c438c1400bf8f62
:10b36c00206c028e1000b08f1800bd270800e0037f
:04b37c002310620038
:020000040000fa
:020000041d01dc
:10b3800025308000e0ffbd27021e0600003cc27c85
:10b390002520a000029d053c1400a3af1000a2af21
:10b3a000003ac77cfcc2a5241c00bfaffe6e400f54
:10b3b000ff00c6301c00bf8f0800e0032000bd273f
:020000040000fa
:020000041d01dc
:10b3c000000000000000e03fdeef83f95298e43f08
:10b3d000000000000040bf4039b4c876be9fe63f81
:10b3e0009a9999999999b93f00000000000014407a
:10b3f000000000000000f0bf000000000000f03f6f
:10b400009a9999999999b93f000000000000f03f7e
:10b4100033333333333f8f40fca9f1d24d62503f79
:10b42000cdcccccccccc23c0cdcccccccccc234044
:10b43000000000000000144000000000000014c0e4
:020000040000fa
:020000041d01dc
:10b44000000000000000e03f000000000000f03fae
:10b45000d43888bee9faa8bdc4b1b4bd9eee213e81
:10b46000ad529c804f7e923e9015cb19a001fa3ec2
:10b470007751c1166cc1563f4c5555555555a53f92
:10b480007cd5cf5a3ad9e53deb9c2b8ae6e55a3e6e
:10b490007dfeb157e31dc73ed561c119a0012a3f0a
:10b4a000a6f810111111813f495555555555c53f05
:10b4b000000000000000e03f495555555555c5bff7
:020000040000fa
:020000041d01dc
:10b4c000e8ffbd271000b0af1400bfaf00019034fb
:10b4d000a01404240b71400f252800020971400fad
:10b4e000a0140424fbff0256a01404241400bf8ff0
:0cb4f0001000b08f0800e0031800bd271a
:020000040000fa
:020000041d01dc
:10b4fc00e8ffbd271400bfaf0971400f08140424e6
:10b50c00000145340b71400f081404240971400fdd
:10b51c00001a04241400bf8f0100053c25284500a7
:0cb52c00001a04240b71400b1800bd270e
:020000040000fa
:020000041d01dc
:10b53800e8ffbd271000b0af258080001400bfaf22
:10b54800ef70400f0100102621800202ef70400fbb
:10b55800000000002b100202fcff40101400bf8ff7
:0cb568001000b08f0800e0031800bd27a1
:020000040000fa
:020000041d01dc
:10b57400e8ffbd271000b0af1400bfaf876f400fc6
:10b5840025808000252000028a58400f25280000cd
:10b594000000028e1400bf8fff0f4230000002ae85
:0cb5a4001000b08f7a6c400b1800bd271f
:020000040000fa
:020000041d01dc
:10b5b0001481828ffc80838fffff4224148182af2d
:10b5c00008006014ffff63241081828f5000032461
:10b5d000fc8083af01004224108182af0800e003a9
:0cb5e000000000000800e003fc8083afc6
:020000040000fa
:020000041d01dc
:10b5ec0070818cd7788180d7029d023c0063204605
:10b5fc0010c340d43e002c460600004570818cf7e9
:10b60c00016320463e012c46feff074501632046a0
:0cb61c0070818cf7585a400b00000000b1
:020000040000fa
:020000041d01dc
:10b62800e8ffbd271000b0af252800002580800066
:10b63800253000001400bfaf476b400f25200000e5
:10b64800253000021400bf8f1000b08f01000524c0
:0cb6580001000424476b400b1800bd27c4
:020000040000fa
:020000041d01dc
:10b664000000848c03008104251000000800e0031e
:10b6740000000000e8ffbd271400bfaf2363400fa4
:10b6840000000000ffff03240100435025100000c8
:0cb694001400bf8f0800e0031800bd2761
:020000040000fa
:020000041d01dc
:10b6a0000080023c743e428ce0ffbd272400a5af21
:10b6b0002800a6af2c00a7af252880000000448cee
:10b6c0002400a6271c00bfafb76d400f1000a6af27
:0cb6d0001c00bf8f0800e0032000bd2715
:020000040000fa
:020000041d01dc
:10b6dc00e0ffbd271800b0af1000a6af258080009a
:10b6ec001c00bfafc131400f1000a6270400038e11
:10b6fc001c00bf8fffff0424100063300b1083006d
:0cb70c001800b08f0800e0032000bd27eb
:020000040000fa
:020000041d01dc
:10b718000800c010251080002000032423186600ac
:10b728000600601c0620c500252000000610c50084
:10b73800252880000800e0032518a0000610c20094
:10b7480004286500faff0010251045000800c01005
:10b758002510800020000424232086000600805c39
:10b768000418c200251800000428c2002510600033
:10b778000800e0032518a0000428c5000610820070
:08b78800faff00102528a200c1
:020000040000fa
:020000041d01dc
:10b79000d0ffbd272000a4a31800a0af1400a0afc5
:10b7a0001000a0af2000a6270400072412000524e3
:10b7b0002c00bfaf1c4e400f010004242c00bf8f93
:08b7c0000800e0033000bd2782
:020000040000fa
:020000041d01dc
:10b7c800666666666666e63f000000000040bf40a9
:10b7d8000000000000c0724000000000000024408b
:10b7e8000000000000005e4039b4c876be9fe63f06
:08b7f800000000000000f03f1a
:020000040000fa
:020000041d01dc
:10b80000e8ffbd270080023c1400bfaf1171400f5c
:10b81000de0240a00971400f70100424020045347c
:10b820000b71400f701004241400bf8f1171400b76
:04b830001800bd2718
:020000040000fa
:020000041d01dc
:10b83400e8ffbd271000b0af1400bfafef70400f9a
:10b84400258080002b185000020060102310500047
:10b85400feff42241400bf8f1000b08f0800e003e5
:04b864001800bd27e4
:020000040000fa
:020000041d01dc
:10b86800d8ffbd271800a0af1400a0af1000a0afec
:10b878002538000025300000050005242400bfaf4e
:10b888001c4e400f010004242400bf8f0800e00371
:04b898002800bd27a0
:020000040000fa
:020000041d01dc
:10b89c00d8ffbd271800a0af1400a0af1000a0afb8
:10b8ac0025380000253000001a0005242400bfaf05
:10b8bc001c4e400f010004242400bf8f0800e0033d
:04b8cc002800bd276c
:020000040000fa
:020000041d01dc
:10b8d0000500a01000000000030080100000000020
:10b8e000ef49400b000000000300e01000000000e2
:10b8f000fbffc014000000000800e003251000005a
:020000040000fa
:020000041d01dc
:10b9000084bf023c00800334040243ace1040324fe
:10b91000080240ac100240ac200243ac81bf023ca4
:10b9200000020324c80043ac0800e003000000004c
:020000040000fa
:020000041d01dc
:10b9300081bf023c4000448c9880998f0002032410
:10b940004002847c440043ac03002013000000004c
:10b95000080020039c80858f0800e00300000000a1
:020000040000fa
:020000041d01dc
:10b96000e0ffbd27cf0004241000a0af2538000061
:10b97000253000001c00bfafa24c400f252800005e
:10b980001c00bf8fcf0004241d5d400b2000bd278d
:020000040000fa
:020000041d01dc
:10b99000000000000000f03f0000000000004440f4
:10b9a0000000000000002440182d4454fb211940e1
:10b9b000000000000000e03f00000000000000c0a8
:020000040000fa
:020000041d01dc
:10b9c000019d043ce8ffbd271400bfaf9f6e400ff0
:10b9d000e4058424f86b400f252000001400bf8f7d
:10b9e000019d043ce80584249f6e400b1800bd2790
:020000040000fa
:020000041d01dc
:10b9f000000000000000000006d0cf43ebfd4c3eed
:10ba000000000000000000000000004003b8e23f1a
:10ba1000000000000000f03f000000000000f83fc0
:020000040000fa
:020000041d01dc
:10ba2000000000000000703e0000000000007041b7
:10ba3000000000000000c03f0000000000002040a7
:10ba4000000000000000e03f000000000000f03fa8
:020000040000fa
:020000041d01dc
:10ba50000080033c980263242800648c2c00628cd4
:10ba60002b2882000300a010000000003000638c2f
:0cba7000212083000800e0032310820066
:020000040000fa
:020000041d01dc
:10ba7c00e8ffbd271000b0af1400bfaf9055400fca
:10ba8c0025808000252000021400bf8f1000b08f8d
:0cba9c0025284000295b400b1800bd2746
:020000040000fa
:020000041d01dc
:10baa8006bffcefbcefb0000183535000a00000006
:10bab80064000000e803000010270000a0860100d1
:0cbac80040420f008096980000e1f50558
:020000040000fa
:020000041d01dc
:10bad4004000838c3c00868c500085ac23106600ab
:10bae4000400a010540082ac2a10a20001004054ab
:0cbaf4002118c5000800e0034c0083ace2
:020000040000fa
:020000041d01dc
:10bb000000600244007069440060634425304000d6
:10bb10002520200100f0657c04f0047c00008644b0
:0cbb20002518a4000800e0030000e34426
:020000040000fa
:020000041d01dc
:10bb2c000080043c086c822401000324080043ac10
:10bb3c000080033c406c6324086c83ac0000033c25
:0cbb4c00983a63240800e003040043acb6
:020000040000fa
:020000041d01dc
:10bb580085bf023c08b0438c0428837c08b043ac02
:10bb680008b0438c010004240442837c08b043ac31
:08bb78000800e00300000000da
:020000040000fa
:020000041d01dc
:10bb8000cc81998f81bf023c0400033c440043ac4c
:10bb900003002013d081858f080020030400043c9b
:08bba0000800e00300000000b2
:020000040000fa
:020000041d01dc
:10bba800496e73756666696369656e742068656158
:10bbb8007020737061636520696e204269517561f8
:08bbc800645f6e65770d0a0051
:020000040000fa
:020000041d01dc
:10bbd0000080033c2c6c668c0500c014251000000e
:10bbe0002c6c64ac100080ac000085ac0100022419
:08bbf0000800e0030000000062
:020000040000fa
:020000041d01dc
:10bbf800e0ffbd272800a6af2800a6271c00bfaf7e
:10bc08002c00a7af126f400f1000a6af1c00bf8f0b
:08bc18000800e0032000bd2735
:020000040000fa
:020000041d01dc
:10bc2000e8ffbd271000b0af1400bfaf1268400f8f
:10bc3000258080001400bf8f251000021000b08ff7
:08bc40000800e0031800bd2715
:020000040000fa
:020000041d01dc
:10bc48002538c0002530a000ff7f053ce8ffbd2750
:10bc58001400bfaf7667400fffffa5341400bf8ff5
:08bc68000800e0031800bd27ed
:020000040000fa
:020000041d01dc
:10bc70000400033c03008310251000000800e003cb
:10bc800000000000cc8185afd08186af0800e003c2
:04bc90000100022489
:020000040000fa
:020000041d01dc
:10bc9400e8ffbd272520a0001400bfaf295b400f9b
:10bca4002528c0001400bf8fffff02240800e00312
:04bcb4001800bd2790
:020000040000fa
:020000041d01dc
:10bcb800e0ffbd271c00bfaf876f400f1000a4af87
:10bcc8003667400f1000a48f1c00bf8f7a6c400ba2
:04bcd8002000bd2764
:020000040000fa
:020000041d01dc
:10bcdc0086bf023c0400801410000324340443acdf
:10bcec000800e00300000000380443ac0800e00347
:04bcfc000000000044
:020000040000fa
:020000041d01dc
:10bd000086bf023c0400801408000324340443acc2
:10bd10000800e00300000000380443ac0800e00322
:04bd2000000000001f
:020000040000fa
:020000041d01dc
:10bd240086bf023c0400801480000324340443ac26
:10bd34000800e00300000000380443ac0800e003fe
:04bd440000000000fb
:020000040000fa
:020000041d01dc
:10bd480025288000019d043ce8ffbd271400bfaff3
:10bd5800a86d400fe85884241400bf8f0800e00342
:04bd68001800bd27db
:020000040000fa
:020000041d01dc
:10bd6c00e8ffbd271800a4a3010005241400bfaff1
:10bd7c00295b400f1800a4271400bf8f0800e003b4
:04bd8c001800bd27b7
:020000040000fa
:020000041d01dc
:10bd9000496e73756666696369656e74206865616e
:10bda0007020666f7220446973706c6179466966b1
:10bdb0006f0d0a0057616974466f72457874466c5e
:10bdc00061736852656164792074696d6564206f80
:08bdd00075740d0a000000006b
:020000040000fa
:020000041d01dc
:10bdd8000080023c743e428ce8ffbd271400bfafd0
:10bde8000270400f0000458c1400bf8f0800e0036c
:04bdf8001800bd274b
:020000040000fa
:020000041d01dc
:10bdfc0084bf023cd007032406000424004044ac5a
:10be0c00104043ac204043ac0800e00300000000ad
:020000040000fa
:020000041d01dc
:10be1c000080023cde02429003004014000000004f
:10be2c002669400b000000000800e0030000000041
:020000040000fa
:020000041d01dc
:10be4000000000000000f03f000000000000f0bf14
:10be5000000000000000803f000000000000403fa4
:020000040000fa
:020000041d01dc
:10be6000e8ffbd271400bfafad6c400f9001042464
:10be70001400bf8f508282af0800e0031800bd2776
:020000040000fa
:020000041d01dc
:10be800039b4c876be9fe63f000000000040bf40c6
:10be90000000000000004940000000000000e03ffa
:020000040000fa
:020000041d01dc
:10bea000029d023c10c340d4029d023c0263204626
:10beb00018c340d4036320460800e00378818cf760
:020000040000fa
:020000041d01dc
:10bec000e8ffbd271400bfafad6c400fd0070424be
:10bed0001400bf8f988282af0800e0031800bd27ce
:020000040000fa
:020000041d01dc
:10bee000000000000000f03f0000000000002440bf
:10bef000000000000000504300000000000014405b
:020000040000fa
:020000041d01dc
:10bf00000000848ce8ffbd271400bfaf256f400ff1
:10bf1000000000001400bf8f0800e0031800bd27d8
:020000040000fa
:020000041d01dc
:10bf2000000000000000e043000000000000e0c34b
:10bf3000000000f0ffff1f34000000000000f007c9
:020000040000fa
:020000041d01dc
:10bf400000008c90ffffc624010084240000aca0f8
:10bf5000fbffc0140100a5240800e00325108000a9
:020000040000fa
:020000041d01dc
:10bf60004661696c656420746f2077616b75702021
:10bf7000746865206368697000000000496e76612e
:10bf80006c6964204f544120726573706f6e7365e5
:08bf90002025640a00000000f6
:020000040000fa
:020000041d01dc
:10bf98009fff83241a00632c020060102510800084
:0cbfa8005f0082300800e0030000000091
:020000040000fa
:020000041d01dc
:10bfb400e8ffbd271400bfaff46f400f2528000031
:0cbfc4001400bf8f0800e0031800bd2728
:020000040000fa
:020000041d01dc
:10bfd000e8ffbd271400bfaf0665400f010006242f
:0cbfe0001400bf8f0800e0031800bd270c
:020000040000fa
:020000041d01dc
:10bfec00bfff83241a00632c020060102510800010
:0cbffc00200082340800e0030000000078
:020000040000fa
:020000041d01dc
:10c00800e8ffbd271400bfafec69400f0000000037
:0cc018001400bf8f0800e0031800bd27d3
:020000040000fa
:020000041d01dc
:10c02400e8ffbd271400bfafc06e400f0000000042
:0cc034001400bf8f0800e0031800bd27b7
:020000040000fa
:020000041d01dc
:10c04000e8ffbd271400bfaf7a70400f000000006a
:0cc050001400bf8f0800e0031800bd279b
:020000040000fa
:020000041d01dc
:10c05c00e8ffbd271400bfafeb46400f0000000007
:0cc06c001400bf8f0800e0031800bd277f
:020000040000fa
:020000041d01dc
:10c07800e8ffbd271400bfaf6b66400f000000004b
:0cc088001400bf8f0800e0031800bd2763
:020000040000fa
:020000041d01dc
:10c098000000200201020006000000000b0800005a
:08c0a80001000000000000008f
:020000040000fa
:020000041d01dc
:10c0b00085bf023c8020040000b242240a10447c68
:08c0c0000800e003ffff42301d
:020000040000fa
:020000041d01dc
:10c0c80080bf023c0008422443570324020043a4d3
:08c0d8000800e0030000000075
:020000040000fa
:020000041d01dc
:10c0e000f8ffbd270400bfaf0068024000700240a7
:08c0f000ffff0010000000003a
:020000040000fa
:020000041d01dc
:10c0f8000080023cdc0242240300439001006324d8
:08c108000800e003030043a05e
:020000040000fa
:020000041d01dc
:10c110000080033cdc026224dc0260ac040040ac22
:08c120001171400b080040ac56
:020000040000fa
:020000041d01dc
:10c12800000000000000f03f000000000000344064
:10c1380000000000000024400000000000005940fa
:10c14800000000000040bf40000000000000e04187
:020000040000fa
:020000041d01dc
:10c15800000000000000f03f000000000000f0bff9
:10c16800000000000000e03f39b4c876be9fe63ffb
:10c17800000000000040bf409a9999999999b93fe9
:020000040000fa
:020000041d01dc
:10c188000000828c040080ac080080ac0c0080acfd
:08c198000800e003100082ac76
:020000040000fa
:020000041d01dc
:10c1a00000601a40bfff1b3cffff7b3724d05b03be
:08c1b00000609a4018000042f3
:020000040000fa
:020000041d01dc
:10c1b80068076c094c836a9074a07ac0008068880c
:08c1c80000846c82008100007c
:020000040000fa
:020000041d01dc
:10c1d000000000000000f0bf00000000000030433d
:08c1e000000000000000f03f28
:020000040000fa
:020000041d01dc
:10c1e80000600444006065440000844400f0a37cbf
:08c1f8000800e0030000e3442d
:020000040000fa
:020000041d01dc
:10c20000ffffc6240000a0a0fdffc0140100a5246c
:08c210000800e0032510800086
:020000040000fa
:020000041d01dc
:10c2180084bf023c00800334084043ac0800e003bc
:04c228000000000012
:020000040000fa
:020000041d01dc
:10c22c0082bf023c1010428c800042380800e003b0
:04c23c00c001427c7f
:020000040000fa
:020000041d01dc
:10c2400082bf023c1014428c800042380800e00398
:04c25000c001427c6b
:020000040000fa
:020000041d01dc
:10c2540084bf023c00800334080243ac0800e003be
:04c2640000000000d6
:020000040000fa
:020000041d01dc
:10c2680000c2019d40bf019dd49e019dd49e019da9
:04c27800d49e019db2
:020000040000fa
:020000041d01dc
:10c27c0081bf023cc80044ac0800e0030000000091
:020000040000fa
:020000041d01dc
:10c28c0081bf023cc40044ac0800e0030000000085
:020000040000fa
:020000041d01dc
:10c29c0084bf023c204044ac0800e00300000000d6
:020000040000fa
:020000041d01dc
:10c2ac0098808227000044ac0800e003040045acf1
:020000040000fa
:020000041d01dc
:10c2bc000080023cc802428c0800e003ffff4224cd
:020000040000fa
:020000041d01dc
:10c2cc00e8ffbd271400bfaf3870400f000000001e
:020000040000fa
:020000041d01dc
:10c2dc00e8ffbd271400bfaf3870400f000000000e
:020000040000fa
:020000041d01dc
:10c2ec00e8ffbd271400bfaf3870400f00000000fe
:020000040000fa
:020000041d01dc
:10c2fc0025642e25642e25642e2564002e00000056
:020000040000fa
:020000041d01dc
:10c31000182d4454fb211940000000000040bf408c
:10c320000000000000005040000000000000e0415c
:020000040000fa
:020000041d01dc
:10c33000000000000040bf40000000000000e0419d
:020000040000fa
:020000041d01dc
:10c34000029d1a3cccc25a2708004003000000009e
:020000040000fa
:020000041d01dc
:10c35000494e4600696e66004e414e006e616e00a9
:10c36000696e66696e697479000000006e616e0026
:020000040000fa
:020000041d01dc
:10c37000000000000000f03f0000000000007047d7
:10c38000000000000000e07f0000000000006003eb
:020000040000fa
:020000041d01dc
:10c39000000000000000703800000000000070473e
:10c3a000000000000000f03f59f3f8c21f6ea50125
:020000040000fa
:020000041d01dc
:0cc3b0000080023c0800e00398034224d7
:020000040000fa
:020000041d01dc
:0cc3bc001081828f0800e00300000000e8
:020000040000fa
:020000041d01dc
:0cc3c800f08082930800e003f08080a366
:020000040000fa
:020000041d01dc
:0cc3d400ef8082930800e003ef8080a35c
:020000040000fa
:020000041d01dc
:0cc3e000ed8082930800e003ed8080a354
:020000040000fa
:020000041d01dc
:0cc3ec00e88082930800e003e88080a352
:020000040000fa
:020000041d01dc
:10c3f80025660d0a000000003e0000000d0a0a0034
:08c408005a0d0a0a0a000000a7
:020000040000fa
:020000041d01dc
:0cc41000286e696c290000002500000067
:020000040000fa
:020000041d01dc
:08c41c000971400bf413042424
:020000040000fa
:020000041d01dc
:08c42400785e400b00000000ef
:020000040000fa
:020000041d01dc
:08c42c005f60400b00000000fe
:020000040000fa
:020000041d01dc
:08c434000800e003cd8080a3a5
:020000040000fa
:020000041d01dc
:08c43c00526f400b00000000ec
:020000040000fa
:020000041d01dc
:08c444009f70400b0400043c52
:020000040000fa
:020000041d01dc
:08c44c00a370400b0400043c46
:020000040000fa
:020000041d01dc
:08c45400346e400b00000000f3
:020000040000fa
:020000041d01dc
:08c45c000800e00300000000ed
:020000040000fa
:020000041d01dc
:08c46400a86f400b80828cd709
:020000040000fa
:020000041d01dc
:08c46c000800e0030c00828cc3
:020000040000fa
:020000041d01dc
:08c474000800e0031000828cb7
:020000040000fa
:020000041d01dc
:08c47c000800e0030c00828cb3
:020000040000fa
:020000041d01dc
:08c48400276e400bc88180a364
:020000040000fa
:020000041d01dc
:08c48c000800e00300000000bd
:020000040000fa
:020000041d01dc
:08c494000800e00300000000b5
:020000040000fa
:020000041d01dc
:08c49c000800e0032510000078
:020000040000fa
:020000041d01dc
:08c4a4000800e0032510000070
:020000040000fa
:020000041d01dc
:08c4ac000800e0032510000068
:020000040000fa
:020000041d01dc
:08c4b4000800e0032510000060
:00000001FF
