:020000041D00DD
:10000000029D1A3C7CA25A27080040030000000011
:10010000029D1A3CA4A15A270800400300000000E9
:10018000029D1A3CC8A05A27080040030000000046
:10020000030000100000000040F386000000000022
:100210008600400F0000000000601A40C0045A7FB2
:100220000500401300000000029D1A3C88E85A2790
:10023000080040030000000002801D3CF0FFBD27C5
:1002400000801C3CF07F9C27026009402058200160
:1002500007000A248449497D02608940C0000000EB
:1002600000E0DC41FFFF4A25FAFF401500000000D6
:1002700002608B40C0000000029D083C2CEB08256A
:1002800009F8000100000000029D083CC4AD0825EB
:1002900009F80001000000000080083C90000825DB
:1002A0000080093C1806292503000010000000000A
:1002B000000000AD040008252B080901FCFF2014F4
:1002C0000000000000BD083C4007082509F80001B7
:1002D00000000000029D083C20C4082509F8000128
:1002E0000000000081BF093C00000A3C28144A2598
:1002F000E0072AAD0000093C00002925010020117B
:100300000000000000488040FFFF0A2400588A4097
:100310004000083C00600A4025500A0100608A4005
:10032000009D093C00002925C0000000017889409B
:100330000000093C0100292500000A2444492A7DC7
:1003400001608A408000093C0068894000800840C4
:100350008005097D404C0900006008405800013CC0
:100360002440010100010A3C2540480100240A3CC8
:1003700025404801254028010060884000010A3CD2
:1003800000F8CA44C0000000029D083C34EB082578
:1003900009F800010000000000600840BFFF013CB8
:1003A000FFFF2134244001010060884000008430B8
:1003B0000000A530029D083CA0D2082508000001DD
:0403C0000000000039
:100680000080094000000A2400000B2400000D2413
:1006900000000E240080013C2440210125000011AF
:1006A00001800940000000003800013C2440210185
:1006B000C24408000F0000110000000001000825DE
:1006C0000700013C2460210102640C0001008C251C
:1006D0002550800101000B2404580B0104500A012D
:1006E000C001013C24402101824508000600082584
:1006F00004500A01001C2831824208000D0000113C
:10070000000000000100082580032F31C2790F008E
:100710000100EF252568E00101000E2404700E01A0
:1007200004680D0100E02831424308000600082556
:1007300004680D010800E003000000000000000054
:1007400000800840070009242448280102002939B4
:1007500004002011000000000800E0030000000079
:10076000000000002518E003C5FF11040000000090
:1007700000600840FEFF09242448280104002935B0
:1007800000608940C000000000D0804000E0804050
:10079000C0000000009D043C00008424010080147F
:1007A000009D043C0400401121288A0021208B0078
:1007B000FEFF8514FCFF88BC0080043C00008424FC
:1007C000010080140080043C0400A01121288D0049
:1007D00021208E00FEFF8514FCFF89BC0F00000065
:1007E0000080013C6C002AAC0080013C78002DACFC
:1007F0000080013C70002BAC0080013C7C002EACE2
:100800000080013C74002CAC0080013C80002FACC7
:1008100000608840C00000000080094007002935C2
:10082000070029390300293500808940C0000000F5
:1008300025F860000800E003000000000000000050
:10084000000000D01F00C0001F00C400000000D244
:100850001F00C8001F00CC00000000F01700C000FF
:100860001700C400000000F21700C8001700CC00F9
:1012000090FFBD270080023CE00442D43400B2AF1E
:10121000E0045224029D023CB8DA46D46000BCF7D8
:1012200008005CD65000B8F74800B6F782E12646C1
:10123000280040D6200056D65800BAF7029D023C3E
:1012400082053646C0DA48D400E73C4601112646FE
:1012500080102646029D023C4000B4F7C8DA54D400
:101260000226224683263646831536463000B1AF25
:10127000A08291273800B3AF2C00B0AF3C00BFAFC5
:1012800004C620468C829327988284F7788282F75E
:101290000800302682D6284682B528461000A4F7DA
:1012A0002530000025380000020004242000BAF791
:1012B000056E400F1800B4F7788280D72000B6F78B
:1012C0001800B4F71000A0F7253000002538000002
:1012D00002000424056E400F000022AE04003126F7
:1012E000000062AE0300301204007326EBFF001012
:1012F000988284D7200041D6300040D6029D023C1F
:10130000D0DA56D4020021461800B4F72000B6F710
:10131000253000002538000025200000056E400F14
:101320001000A0F7200041D6300040D62000B6F7CC
:101330001800B4F7020021462530000025380000CF
:1013400025200000848282AF056E400F1000A0F7B8
:1013500003C73C461800B4F71000B8F7253000006A
:101360002538000002000424A88282AF056E400FD9
:101370002000BCF7029D033CD8DA60D42000B6F709
:101380001800B4F71000A0F7253000002538000041
:1013900025200000056E400FAC8282AF029D033C09
:1013A000200040D6E0DA62D42000B6F71800B4F787
:1013B00002002246253000002538000025200000CC
:1013C000888282AF056E400F1000A0F73C00BF8FEF
:1013D0003800B38F3400B28F3000B18F2C00B08F43
:1013E0006000BCD75800BAD75000B8D74800B6D76D
:1013F0004000B4D7808282AF0800E0037000BD27B0
:101400008C54400B000000009E53400B0000000075
:101410000055400B000000007455400B0000000018
:10142000E855400B000000000000023C0000422490
:10143000070040100000023C00004224050040501C
:10144000029D023C3F0000700800E0030000000025
:10145000029D023CACD94224030040100000000071
:1014600009F84000000000000800E0030000000050
:10147000BC01008008000000000000009000008017
:101480000800000000000000383F0080F82A00003B
:1014900000000000B00200804400000000000000D6
:1014A000980000802600000000000000C0000080BE
:1014B00004000000000000000000008004000000A4
:1014C000010000000F000000C400008001000000C7
:1014D00000000000C80000800800000000000000BC
:1014E0000400008002000000010000000001000074
:1014F000886C00801800000000000000D000008010
:101500000C00000000000000F402008060010000F8
:1015100000000000C4010080150000000000000071
:10152000DC0000800100000000000000E0000080FE
:101530000F000000000000005404008021000000A3
:1015400000000000DC010080180000000000000026
:10155000903D0080EE000000010000004E4F4E451F
:101560002020202020202020202020200041444333
:101570002020202020202020202020202000414743
:10158000432020202020202020202020202000492F
:101590004E5055545F4250462020202020202000ED
:1015A0004C494D4954455220202020202020202005
:1015B000004D41524B5F46494C5445525F4F555484
:1015C000200053504143455F46494C5445525F4FBC
:1015D0005554004D41524B5F44454D4F445F4F556C
:1015E0005420200053504143455F44454D4F445FD4
:1015F0004F555420004449534352494D2020202048
:10160000202020202000444453202020202020207F
:10161000202020202020005448524553484F4C445D
:1016200020202020202020004449534352494D20AF
:101630002D20544852455348004C4F4F505F53455E
:101640004E53455F4C50462020000000F0000080C3
:101650001C000000000000000800008014000000D2
:1016600001000000000000000000F03F0A00000040
:1016700001000000401F00007804008064000000AA
:1016800000000000F8010080600000000000000081
:101690002000008018000000010000000000000091
:1016A0000000F03F000000000000F03F00000000DC
:1016B0000000F03FE83E008045000000010000000F
:1016C0007E330A2D200738370D2434272C213A2861
:1016D0003522293223363031393F267E2E2F3B7E6C
:1016E000000000007E450A41205349550D44524AEE
:1016F0004E46434B545A4C57485950514F42477EDF
:101700004D58567E000000000C010080340000009F
:1017100000000000380000800C0000000100000004
:1017200001010101010000000100000058020080D9
:101730000400000000000000400100801C000000C8
:10174000000000005C0200800400000000000000B7
:1017500048000080080000000100000000000000B8
:101760000000F03F60020080040000000000000064
:1017700060010080180000000000000050000080A0
:10178000010000000100000040000000306A0080FD
:10179000000200000000000078010080020000004C
:1017A0000000000052000080020000000100000064
:1017B0000100000064020080010000000000000041
:1017C0005400008004000000010000000F00000031
:1017D0007C0100800400000000000000E0040080A4
:1017E00038010000000000008001008008000000B7
:1017F00000000000680200803800000000000000C7
:10180000580000800800000001000000401F000098
:10181000401F00008801008004000000000000005C
:10182000180600809F310000010000004C6F6164C9
:1018300044656661756C74436F6E6669672020202D
:101840002020202020202020202020202020204E6A
:101850006F20706172616D65746572732E204C6FBC
:101860006164732064656661756C7420636F6E6675
:10187000696775726174696F6E2E0D0A4C6F6164D1
:101880005361766564436F6E66696720202020206F
:101890002020202020202020202020202020204E1A
:1018A0006F20706172616D65746572732E204C6F6C
:1018B0006164732074686520636F6E666967757212
:1018C0006174696F6E2073617665640D0A20202053
:1018D0002020202020202020202020202020202008
:1018E00020202020202020202020202020202020F8
:1018F000746F2065787465726E616C20666C6173BC
:10190000682E0D0A4C6F6F7053656E73654C706670
:1019100042724D756C742020202020202020302E13
:10192000352020202020204261756420726174657A
:10193000206973206D756C7469706C6965642062D0
:1019400079207468697320746F20736574207468DB
:10195000650D0A202020202020202020202020206B
:101960002020202020202020202020202020202077
:101970002020202020206375746F666620667265C3
:101980007175656E6379206F6620746865206C6F71
:101990006F702073656E7365204C504620776869C0
:1019A00063680D0A202020202020202020202020D5
:1019B0002020202020202020202020202020202027
:1019C000202020202020206465626F756E6365737F
:1019D000207468652073656E736564206C6F6F702A
:1019E0002063757272656E742E0D0A4D61726B48BC
:1019F0006F6C64546872657368202020202020205A
:101A00002020202020302E3320202020202053751D
:101A1000737461696E6564206469736372696D696A
:101A20006E61746F72206C6576656C732062656C94
:101A30006F7720746869730D0A20202020202020F1
:101A40002020202020202020202020202020202096
:101A50002020202020202020202020207468726553
:101A600073686F6C64207075742074686520646599
:101A70006D6F64756C61746F7220696E206D617238
:101A80006B20746F0D0A2020202020202020202091
:101A90002020202020202020202020202020202046
:101AA00020202020202020202061766F6964207073
:101AB00072696E74696E67206F6E206E6F697365F0
:101AC0002E2049662074686520496E707574204C1C
:101AD00050462069730D0A2020202020202020203D
:101AE00020202020202020202020202020202020F6
:101AF00020202020202020202020656E61626C653F
:101B0000642C207468697320697320747970696328
:101B1000616C6C7920696E637265617365642074B1
:101B20006F20302E350D0A6D6F64656D20202020EA
:101B300020202020202020202020202020202020A5
:101B4000202020202020202020204E6F2070617235
:101B5000616D65746572732E20537769746368656F
:101B60007320555342207465726D696E616C2074E8
:101B70006F207468650D0A2020202020202020205E
:101B80002020202020202020202020202020202055
:101B900020202020202020202020426175646F74A6
:101BA000205541525420746F207472616E736D69B8
:101BB0007420616E64207265636569766520646176
:101BC00074612E204553430D0A2020202020202020
:101BD0002020202020202020202020202020202005
:101BE00020202020202020202020202072657475B5
:101BF000726E7320746F2074686520636F6D6D6101
:101C00006E6420696E7465727072657465722E0DF3
:101C10000A4D734C6576656C202020202020202002
:101C20002020202020202020202020313030302073
:101C3000312020205072696E747320746865206DA5
:101C400061726B20616E64207370616365206465EE
:101C50006D6F64756C61746F72206F7574707574DC
:101C60000D0A20202020202020202020202020209D
:101C70002020202020202020202020202020202064
:101C800020202020206C6576656C7320666F6C6C5C
:101C90006F776564206279204D61726B2D5370619E
:101CA0006365207468726F75676820616E204C50A0
:101CB000460D0A2020202020202020202020202027
:101CC0002020202020202020202020202020202014
:101CD000202020202020746861742069732075738F
:101CE000656420666F72206175746F7374617274BD
:101CF00020616E64206D61726B20686F6C642E0DC4
:101D00000D202020202020202020202020202020E6
:101D100020202020202020202020202020202020C3
:101D20002020202045616368206669656C64206915
:101D30007320636F6D6D612064656C696D69746596
:101D4000642E205468652066697273740D0A202021
:101D50002020202020202020202020202020202083
:101D60002020202020202020202020202020202073
:101D7000206F7074696F6E616C20617267756D653C
:101D80006E7420697320746865206E756D6265726B
:101D9000206F662074696D657320746F0D082020B4
:101DA0002020202020202020202020202020202033
:101DB0002020202020202020202020202020202023
:101DC000207072696E742E20546865207365636F8D
:101DD0006E6420697320746865206E756D6265722B
:101DE000206F660D0A202020202020202020202087
:101DF00020202020202020202020202020202020E3
:101E000020202020202020206D696C6C6973656380
:101E10006F6E6473206265747765656E2073616DA3
:101E2000706C65732E204966207468652073656345
:101E30006F6E640D0A2020202020202020202020EA
:101E40002020202020202020202020202020202092
:101E50002020202020202020617267756D656E741F
:101E60002069732064656C657465642C20646174FA
:101E7000612069732073616D706C6520616E640D03
:101E80000A20202020202020202020202020202068
:101E90002020202020202020202020202020202042
:101EA000202020207072696E746564206F6E6365F7
:101EB0002061207365636F6E642E2049662074680C
:101EC0006520666972737420617267756D656E74E2
:101ED0000D0A20202020202020202020202020202B
:101EE00020202020202020202020202020202020F2
:101EF000202020202069732064656C657465642C43
:101F0000207468652064617461206973207072694F
:101F10006E746564206F6E63652E0D0A4E61727279
:101F20006F77486645712020202020202020202027
:101F3000202020202020302E30202020202020484B
:101F40006F77206D616E7920644220746F20626F1C
:101F50006F737420746865206869676820746F6E99
:101F600065206C6576656C206F7665720D0A2020A1
:101F70002020202020202020202020202020202061
:101F80002020202020202020202020202020202051
:101F900020746865206C6F7720746F6E65206C65A7
:101FA00076656C207768656E2072756E6E696E67F7
:101FB000206E6172726F772073686966742E0D0AE5
:101FC0002020202020202020202020202020202011
:101FD0002020202020202020202020202020202001
:101FE00020202043616E20626520706F73697469E0
:101FF0007665206F72206E656761746976652E0D57
:102000000A4E6172726F77536869667443656E74C5
:102010006572467265712020202020323231302EC8
:10202000302020204D65616E206F66204D61726BFF
:1020300020616E64205370616365206672657175FE
:10204000656E6369657320666F7220746F6E650DCF
:102050000A20202020202020202020202020202096
:102060002020202020202020202020202020202070
:102070002020202066696C7465727320616E642074
:10208000746F6E652067656E657261746F722E0D78
:102090000A4E6172726F775368696674487A2020BD
:1020A00020202020202020202020203137302E30DA
:1020B00020202020446966666572656E6365206233
:1020C00065747765656E204D61726B20616E64206A
:1020D00053706163650D0A202020202020202020DD
:1020E00020202020202020202020202020202020F0
:1020F0002020202020202020202066726571756518
:102100006E636965732E2053797374656D207365F2
:102110007473204D61726B206672657175656E63B4
:102120007920746F0D0A20202020202020202020DC
:10213000202020202020202020202020202020209F
:1021400020202020202020202043656E7465722DE1
:102150002853686966742F322920616E6420537099
:1021600061636520746F0D0A20202020202020202C
:10217000202020202020202020202020202020205F
:10218000202020202020202020202043656E746500
:10219000722B2853686966742F322920756E6C651E
:1021A0007373204D61726B486920697320656E619D
:1021B000626C65642C0D0A20202020202020202025
:1021C000202020202020202020202020202020200F
:1021D0002020202020202020202072657665727328
:1021E000696E6720746865736520746F6E65732E01
:1021F0000D0A4E6F4C6F6F70202020202020202071
:1022000020202020202020202020202030202020BE
:102210002020202020416C6C6F7773206F706572D6
:102220006174696F6E20776974686F7574206120BE
:102230006C6F6F7020737570706C792C0D0A202094
:10224000202020202020202020202020202020208E
:10225000202020202020202020202020202020207E
:1022600020696E7374656164207573696E6720748C
:10227000686520736F66747761726520756172742A
:1022800020616E64205553422E0D0A20202020200C
:10229000202020202020202020202020202020203E
:1022A00020202020202020202020202020204966BF
:1022B000204E6F4C6F6F70203D20312C204B4F53C0
:1022C00020616E64204146534B2067656E657261E4
:1022D00074696F6E2077696C6C0D0A2020202020B5
:1022E00020202020202020202020202020202020EE
:1022F000202020202020202020202020202069674E
:102300006E6F726520746865206C61636B206F6608
:10231000206C6F6F702063757272656E742E0D0A7B
:10232000504C4E2020202020202020202020202023
:10233000202020202020202020203130302020206C
:102340002020205072696E742072656C6174697609
:102350006520706F776572206C696E65206E6F699D
:102360007365206576657279207365636F6E640DA1
:102370000A20202020202020202020202020202073
:10238000202020202020202020202020202020204D
:1023900020202020666F722074686520737065634A
:1023A0006966696564206E756D626572206F66206E
:1023B0007365636F6E64732E204966206E6F0D0A1D
:1023C000202020202020202020202020202020200D
:1023D00020202020202020202020202020202020FD
:1023E0002020206E756D626572207370656369666A
:1023F0006965642C207072696E74206F6E63652E3F
:102400000D0A5072696E74436F6E666967202020F2
:1024100020202020202020202020202020202020BC
:1024200020202020204E6F20706172616D657465E0
:1024300072732E205072696E747320746865206305
:10244000757272656E742073797374656D0D0A20F0
:10245000202020202020202020202020202020207C
:10246000202020202020202020202020202020206C
:102470002020636F6E66696775726174696F6E2E76
:102480000D0A5072696E7452785265706F727420C2
:10249000202020202020202020202020202020203C
:1024A00020202020205072696E747320746865208B
:1024B0006E756D626572206F662072656365697600
:1024C000656420636861726163746572730D0A20CC
:1024D00020202020202020202020202020202020FC
:1024E00020202020202020202020202020202020EC
:1024F00020202876616C6964207374617274206294
:10250000697473292C20746865206E756D6265721C
:10251000206F66206261640D0A2020202020202088
:1025200020202020202020202020202020202020AB
:10253000202020202020202020202020636861727D
:1025400061637465727320286261642073746F70B4
:1025500020626974292C20616E64207468650D0AFC
:10256000202020202020202020202020202020206B
:10257000202020202020202020202020202020205B
:1025800020202070657263656E74616765206572D6
:10259000726F722E204966206120706172616D65D4
:1025A000746572206F66207A65726F0D0A20202094
:1025B000202020202020202020202020202020201B
:1025C000202020202020202020202020202020200B
:1025D000697320757365642C20636C656172732068
:1025E000636F756E746572732061667465722070B6
:1025F00072696E74696E670D0A20202020202020E9
:1026000020202020202020202020202020202020CA
:102610002020202020202020202020207265706F84
:1026200072742E20416C736F2C207265706F7274FF
:102630002063616E206265207472616E736D6974CF
:102640007465642062790D0A20202020202020203B
:10265000202020202020202020202020202020207A
:102660002020202020202020202020747970696ED6
:102670006720214552206F6E2054656C6574797017
:1026800065206F72206F6E207465726D696E616C6B
:10269000207768656E200D0A202020202020202031
:1026A000202020202020202020202020202020202A
:1026B0002020202020202020202020696E206D6FE7
:1026C00064656D206D6F646520287465726D696E38
:1026D000616C20746F20426175646F7420414653B1
:1026E0004B292E204E6F74650D0A202020202020BB
:1026F00020202020202020202020202020202020DA
:1027000020202020202020202020202020616C73E9
:102710006F20746861742061207472616E736D69DA
:102720007420746F207265636569766520747261C8
:102730006E736974696F6E0D0A202020202020209E
:102740002020202020202020202020202020202089
:10275000202020202020202020202020726573654A
:1027600074732074686520636F756E746572732E60
:102770000D0A5072696E745361766564436F6E66BC
:1027800069672020202020202020202020202020B9
:1027900020202020204E6F20706172616D6574656D
:1027A00072732E205072696E747320736176656443
:1027B00020636F6E66696775726174696F6E2E0D46
:1027C0000A526573657420202020202020202020BC
:1027D00020202020202020202020202020202020F9
:1027E000202020204E6F20706172616D65746572CB
:1027F000732E204C6F6F707320756E74696C205748
:1028000044542074696D6573206F75740D0A20201F
:1028100020202020202020202020202020202020B8
:1028200020202020202020202020202020202020A8
:102830002028312E303234207365636F6E64732923
:102840002C20726573657474696E67207379737474
:10285000656D2E200D0A5259636F756E742020200D
:102860002020202020202020202020202020202068
:102870002020202020202020205072696E74732098
:10288000746865206E756D626572206F66205220D7
:1028900063686172616374657273207265636569F0
:1028A0007665640D0A202020202020202020202072
:1028B0002020202020202020202020202020202018
:1028C0002020202020202020666F6C6C6F776564AC
:1028D00020627920746865206E756D626572206F64
:1028E00066205920636861726163746572732E207B
:1028F000426F74680D0A20202020202020202020F4
:1029000020202020202020202020202020202020C7
:10291000202020202020202020636F756E74657297
:102920007320617265207468656E207265736574CA
:102930002E0D0A53617665436F6E6669672020200D
:102940002020202020202020202020202020202087
:102950002020202020204E6F20706172616D6574F0
:102960006572732E205361766573207468652063E9
:10297000757272656E740D0A2020202020202020A0
:102980002020202020202020202020202020202047
:102990002020202020202020202020636F6E6669C8
:1029A0006775726174696F6E20746F2065787465E5
:1029B000726E616C20666C61736820746F20626552
:1029C000206C6F616465640D0A2020202020202087
:1029D00020202020202020202020202020202020F7
:1029E0002020202020202020202020206F6E206EFC
:1029F00065787420706F7765722075702E0D0A549B
:102A0000696D656F7574436F756E7465724D696E2F
:102A100020202020202020202020202020202020B6
:102A200020204E6F20706172616D65746572732E27
:102A3000205573656420746F2064657465726D69D8
:102A40006E65206966207765206172650D0A202019
:102A50002020202020202020202020202020202076
:102A60002020202020202020202020202020202066
:102A70002067657474696E6720746F20617564697E
:102A80006F2073616D706C657320696E2074696D61
:102A9000652E2053686F756C642062650D0A2020D6
:102AA0002020202020202020202020202020202026
:102AB0002020202020202020202020202020202016
:102AC000207A65726F2E0D0A546F6E6546696C74BC
:102AD0006572427742724D756C7420202020202050
:102AE0002020312E372020202020205468652042CD
:102AF00061756452617465206973206D756C7469C9
:102B0000706C6965642062792074686973207661ED
:102B10006C756520746F0D0A202020202020202055
:102B200020202020202020202020202020202020A5
:102B300020202020202020202020207969656C641E
:102B4000207468652062616E647769647468206FC0
:102B5000662074686520746F6E652066696C7465A4
:102B600072732E20546869730D0A202020202020C3
:102B70002020202020202020202020202020202055
:102B800020202020202020202020202020697320A9
:102B900073657420746F20746865206C6F7765733B
:102BA000742076616C756520706F737369626C65F3
:102BB00020746861740D0A2020202020202020200D
:102BC0002020202020202020202020202020202005
:102BD00020202020202020202020726573756C7416
:102BE0007320696E2066756C6C206469736372690A
:102BF0006D696E61746F72207377696E6720696E9C
:102C000020312F320D0A20202020202020202020BB
:102C100020202020202020202020202020202020B4
:102C20002020202020202020206269742074696DDB
:102C3000650D0A55736242617564202020202020B2
:102C40002020202020202020202020202039323148
:102C5000363030202020536574206F7220726561F9
:102C6000642020626974207261746520666F72202E
:102C700055534220554152540D0A557362456368BD
:102C80006F202020202020202020202020202020F5
:102C900020202020302020202020202020302064D0
:102CA000697361626C6573206563686F206F6E2065
:102CB000555342202868616C66206475706C657895
:102CC000292C20310D0A2020202020202020202007
:102CD00020202020202020202020202020202020F4
:102CE000202020202020202020656E61626C6573EA
:102CF000202866756C6C206475706C6578292E0DC3
:102D00000A557362546F426175646F7441707065E7
:102D10006E644C662020202020202031202020209E
:102D2000202020204E6F6E7A65726F206170706572
:102D30006E6473204C4620746F204352207265638A
:102D40006569766564206F766572205553420D0A79
:102D50002020202020202020202020202020202073
:102D60002020202020202020202020202020202063
:102D700020202073656E7420746F20427561646F2B
:102D8000742028696E206D6F64656D206D6F6465B9
:102D9000292E0D0A557365416763202020202020CD
:102DA0002020202020202020202020202020312012
:102DB00020202020202020302064697361626C650F
:102DC00073204147432E203120656E61626C65732C
:102DD000204147432073616D706C696E6720696E96
:102DE0007075740D0A202020202020202020202013
:102DF00020202020202020202020202020202020D3
:102E000020202020202020206461746120746F2005
:102E1000736574206761696E2E2055736572732027
:102E20006D61792063686F6F736520746F207573AF
:102E300065207468650D0A20202020202020202095
:102E40002020202020202020202020202020202082
:102E5000202020202020202020206C696D697465AE
:102E60007220696E7374656164206F662074686592
:102E7000204147432E20576974682065697468654E
:102E800072207468650D0A20202020202020202038
:102E90002020202020202020202020202020202032
:102EA000202020202020202020206C696D6974655E
:102EB00072206F7220746865204147432C2074682B
:102EC0006520496E707574204250462073686F7596
:102ED0006C642062650D0A20202020202020202004
:102EE00020202020202020202020202020202020E2
:102EF000202020202020202020207573656420744D
:102F00006F206B65657020746865206C696D6974ED
:102F10006572206F7220414743202066726F6D20DA
:102F20006265696E670D0A20202020202020202065
:102F30002020202020202020202020202020202091
:102F40002020202020202020202074616B656E200E
:102F50006F766572206279206F66662D6672657184
:102F600075656E6379207369676E616C732E0D0AE7
:102F7000557365496E70757442706620202020205C
:102F80002020202020202020202031202020202030
:102F90002020203120656E61626C65732074686545
:102FA00020696E7075742062616E64706173732045
:102FB00066696C7465723B20300D0A202020202049
:102FC0002020202020202020202020202020202001
:102FD0002020202020202020202020202020646964
:102FE0007361626C65732069742E20546865206972
:102FF0006E70757420425046206D617920626520A4
:1030000075736566756C206F6E0D0A202020202078
:1030100020202020202020202020202020202020B0
:1030200020202020202020202020202020206E6111
:1030300072726F7720736869667420657370656358
:1030400069616C6C7920696620746865206C696DB3
:10305000697465722069730D0A20202020202020C9
:103060002020202020202020202020202020202060
:10307000202020202020202020202020757365641F
:103080002028696E7374656164206F6620746865BA
:10309000204147432920746F2070726576656E74F5
:1030A000206F746865720D0A2020202020202020C7
:1030B0002020202020202020202020202020202010
:1030C00020202020202020202020207369676E618E
:1030D0006C732066726F6D2074616B696E67206F10
:1030E00076657220746865206C696D697465722EEE
:1030F0000D0A5573654C696D697465722020202036
:1031000020202020202020202020202030202020AF
:1031100020202020203120656E61626C6573207450
:103120006865206C696D697465723B203020646944
:103130007361626C65732069742E205573657273B8
:103140000D0A2020202020202020202020202020A8
:10315000202020202020202020202020202020206F
:1031600020202020206D61792063686F6F736520B7
:10317000746F2075736520746865206C696D69745F
:1031800065722028464D0D0A202020202020202076
:10319000202020202020202020202020202020202F
:1031A000202020202020202020202064656D6F64B6
:1031B000756C6174696F6E29206F72207468652068
:1031C0004147432028414D2064656D6F64756C61F3
:1031D00074696F6E292E0D0A7766436869704964B9
:1031E00020202020202020202020202020202020DF
:1031F00020202020202020202020204E6F207061C1
:1032000072616D65746572732E20526561647320FE
:103210007468652043686970204944206F66207493
:103220006865200D0A20202020202020202020203A
:10323000202020202020202020202020202020208E
:10324000202020202020202057694669206D6F64AF
:10325000756C652E0D0A5766436F6E6E656374203C
:10326000202020202020202020202020202020205E
:103270002020202020202020204E6F2070617261AD
:103280006D65746572732E20436F6E6E6563747323
:1032900020746F20746865206163636573732070A8
:1032A0006F696E740D0A202020202020202020200D
:1032B000202020202020202020202020202020200E
:1032C0002020202020202020207769746820746826
:1032D00065205353494420616E6420706173737795
:1032E0006F72642028736565205766537369642084
:1032F000616E640D0A202020202020202020202024
:1033000020202020202020202020202020202020BD
:10331000202020202020202057665077292E205260
:10332000756E73204448435020746F206765742085
:10333000495020616464726573732E2052756E73F8
:10334000204E54500D0A2020202020202020202014
:10335000202020202020202020202020202020206D
:10336000202020202020202020746F2067657420DA
:1033700074696D652E0D0A5766436F6E6E656374D2
:103380004F6E426F6F7420202020202020202020AC
:1033900020312020202020202020496620706172CA
:1033A000616D65746572206E6F6E7A65726F2C2028
:1033B00073797374656D2077696C6C20636F6E6EC2
:1033C00065637420746F0D0A2020202020202020A7
:1033D00020202020202020202020202020202020ED
:1033E000202020202020202020202061636365737E
:1033F0007320706F696E74207370656369666965A8
:103400006420696E20536653736964206F6E207365
:10341000797374656D0D0A20202020202020202043
:10342000202020202020202020202020202020209C
:1034300020202020202020202020626F6F740D0A81
:1034400057664D616320202020202020202020204E
:10345000202020202020202020202020202020206C
:103460002020204E6F20706172616D6574657273EB
:103470002E20526561647320746865204D4143209D
:1034800061646472657373206F66207468650D0AE9
:10349000202020202020202020202020202020202C
:1034A000202020202020202020202020202020201C
:1034B00020202057694669206D6F64756C652E0D5C
:1034C0000A5766507720202020202020202020200E
:1034D00020202020202020202020202020202020EC
:1034E00020202020536574206F7220726561642053
:1034F0007468652070617373776F7264207573658B
:103500006420746F20636F6E6E65637420746F0D3A
:103510000A202020202020202020202020202020C1
:10352000202020202020202020202020202020209B
:1035300020202020746865205769466920616363F4
:1035400065737320706F696E7420287365652057EA
:1035500066436F6E6E656374292E0D0A576653635A
:10356000616E2020202020202020202020202020CC
:103570002020202020202020202020202020204E1D
:103580006F20706172616D65746572732E20536374
:10359000616E7320666F72205769466920616363AC
:1035A00065737320706F696E74732E0D0A2020206E
:1035B000202020202020202020202020202020200B
:1035C00020202020202020202020202020202020FB
:1035D0005072696E747320696E6465782C20525342
:1035E00053492C20616E64205353494420666F7206
:1035F000206561636820666F756E640D0A20202067
:1036000020202020202020202020202020202020BA
:1036100020202020202020202020202020202020AA
:1036200061636365737320706F696E742E0D0A5742
:103630006653736964202020202020202020202031
:10364000202020202020202020202020202020207A
:103650002020536574206F72207265616420746845
:10366000652053534944206F662074686520616368
:103670006365737320706F696E7420746F0D0A2018
:10368000202020202020202020202020202020203A
:10369000202020202020202020202020202020202A
:1036A0002020636F6E6E65637420746F20287365CD
:1036B00065205766436F6E6E656374292E0D0A5739
:1036C0006964654866457120202020202020202044
:1036D000202020202020202020302E3020202020BC
:1036E0002020486F77206D616E7920644220746FCE
:1036F00020626F6F73742074686520686967682042
:10370000746F6E65206C6576656C206F7665720DE2
:103710000A202020202020202020202020202020BF
:103720002020202020202020202020202020202099
:1037300020202020746865206C6F7720746F6E6580
:10374000206C6576656C207768656E2072756E6E8C
:10375000696E6720776964652073686966742E0DE9
:103760000A2020202020202020202020202020206F
:103770002020202020202020202020202020202049
:103780002020202043616E20626520706F73697471
:10379000697665206F72206E656761746976652E43
:1037A0000D0A5769646553686966742020202020DB
:1037B00020202020202020202020202030202020F9
:1037C0002020202020312073656C6563747320777E
:1037D0006964652073686966742028747969706308
:1037E000616C6C792038353020487A292E200D0AFA
:1037F00020202020202020202020202020202020C9
:1038000020202020202020202020202020202020B8
:10381000202020302073656C65637473206E6172A4
:10382000726F772073686966742028747970696391
:10383000616C6C792031373020487A292E290D0AA5
:1038400057696465536869667443656E746572464A
:1038500072657120202020202020323030302E3020
:10386000202020417320646573637269626564205F
:10387000666F72204E6172726F7753686966744327
:10388000656E746572467265712C20746869730D7B
:103890000A2020202020202020202020202020203E
:1038A0002020202020202020202020202020202018
:1038B000202020207365747320746865204D617228
:1038C0006B2F53706163652063656E74657220664B
:1038D00072657175656E6379207768656E0D0A2073
:1038E00020202020202020202020202020202020D8
:1038F00020202020202020202020202020202020C8
:103900002020776964652073686966742069732074
:1039100073656C65637465642E0D0A57696465533D
:1039200068696674487A20202020202020202020EA
:1039300020202020203835302E30202020204173B8
:103940002064657363726962656420666F72204EDD
:103950006172726F775368696674487A2C20746854
:1039600069732073657473207468650D0A202020C4
:103970002020202020202020202020202020202047
:103980002020202020202020202020202020202037
:10399000646966666572656E6365206265747765E5
:1039A000656E20746865204D61726B20616E6420C5
:1039B00053706163650D0A202020202020202020E4
:1039C00020202020202020202020202020202020F7
:1039D000202020202020202020206672657175651F
:1039E0006E636965732E0D0A000000004453502079
:1039F000545520436F6D6D616E64204C696E652077
:103A0000496E746572666163650D0A0A4561636893
:103A100020636F6D6D616E6420636F6E7369737484
:103A200073206F66206120636F6D6D616E6420731B
:103A30007472696E672C20616E64207A65726F20E3
:103A40006F72206D6F726520706172616D65746553
:103A500072732E0D0A506172616D65746572732008
:103A6000617265207461622064656C696D6974655A
:103A7000642C20616E642074686520636F6D6D61D5
:103A80006E64206973207465726D696E617465641B
:103A9000207769746820612063617272696167656B
:103AA0000D0A72657475726E2E20436F6D6D616EB6
:103AB00064732074616B6520656666656374206954
:103AC0006D6D6564696174656C792E2054686579E3
:103AD0002063616E20626520736176656420746F77
:103AE0002062652072656C6F61646564206F6E0D85
:103AF0000A746865206E65787420706F776572202F
:103B00006379636C652E204966206E6F2070617248
:103B1000616D6574657220697320676976656E2CC6
:103B2000207468652063757272656E742076616CAE
:103B30007565206F66207468650D0A706172616D2D
:103B4000657465722069732072657475726E656440
:103B50002E204966206120636F6D6D616E6420695F
:103B600073206E6F74207265636F676E697A656427
:103B70002C20616E206572726F72206D65737361A7
:103B800067652069732073686F776E0D0A616C6FCB
:103B90006E67207769746820612068617368206FA0
:103BA000662074686520636F6D6D616E642E2043BE
:103BB0006F6D6D616E647320415245206361736562
:103BC0002073656E7369746976652120496E20746F
:103BD0006865206C6973740D0A62656C6F772C20C0
:103BE0007468652064656661756C742076616C75B7
:103BF00065206F66206561636820706172616D6524
:103C00007465722069732073686F776E20616C6FC2
:103C10006E672077697468206120646573637269D8
:103C20007074696F6E206F660D0A74686520636F2B
:103C30006D6D616E642E0D0A0A4166736B4F75746B
:103C4000707574436F6E74696E756F757320202084
:103C50002020203020202020202020204966206E97
:103C60006F6E7A65726F2C20746865204146534BE5
:103C7000206F757470757420697320616374697640
:103C80006520696E20626F74680D0A202020202054
:103C90002020202020202020202020202020202024
:103CA000202020202020202020202020202074726E
:103CB000616E736D697420616E64207265636569FD
:103CC00076652E204966207A65726F2C20746865AF
:103CD000206F75747075742069730D0A2020202080
:103CE00020202020202020202020202020202020D4
:103CF0002020202020202020202020202020206F75
:103D00006E6C792061637469766520696E207472C7
:103D1000616E736D69742E0D0A4167634C7066465F
:103D20002020202020202020202020202020202093
:103D3000202020312E302020202020205365742088
:103D4000746865206672657175656E6379206F664B
:103D5000207468652041474320636F6E74726F6CF6
:103D6000206C6F6F70206C6F770D0A202020202050
:103D70002020202020202020202020202020202043
:103D800020202020202020202020202020207061A2
:103D900073732066696C7465722E2041206C6F7796
:103DA0006572206E756D626572206D616B65732042
:103DB000746865204147430D0A20202020202020E0
:103DC00020202020202020202020202020202020F3
:103DD00020202020202020202020202072657370A9
:103DE0006F6E64206D6F726520736C6F776C790DE8
:103DF0000A4167634D61784761696E202020202069
:103E0000202020202020202020202031352E30206E
:103E100020202020546865206D6178696D756D20C3
:103E20006761696E20746865204147432077696C3B
:103E30006C20616368696576652077697468206EB7
:103E40006F0D0A202020202020202020202020204C
:103E50002020202020202020202020202020202062
:103E6000202020202020696E707574207369676E91
:103E7000616C0D0A4167635461726765744C6576C5
:103E8000656C202020202020202020202020302E83
:103E9000362020202020205468652041474320619F
:103EA000646A7573747320697473206761696E2026
:103EB000746F207969656C642074686973206F750C
:103EC000747075740D0A20202020202020202020CE
:103ED00020202020202020202020202020202020E2
:103EE0002020202020202020206C6576656C207406
:103EF0006F207468652072656D61696E64657220FB
:103F00006F66207468652064656D6F64756C61749C
:103F10006F720D0A4175746F737461727420202082
:103F20002020202020202020202020202020312080
:103F3000202020202020203120656E61626C657376
:103F4000206175746F73746172742E2030206469FF
:103F50007361626C6573206175746F7374617274E0
:103F60002E0D0A4175746F7374617274476F6F64BC
:103F700043686172732020202020202020313020CF
:103F8000202020202020486F77206D616E792073DB
:103F9000657175656E7469616C20676F6F6420630D
:103FA00068617261637465727320746F0D0A2020FA
:103FB0002020202020202020202020202020202001
:103FC00020202020202020202020202020202020F1
:103FD0002074726967676572206175746F737461AC
:103FE00072740D0A4175746F7374617274536875DD
:103FF00074646F776E5365636F6E64732020333023
:1040000020202020202020496E7465676572206E74
:10401000756D626572206F66207365636F6E647381
:10402000206166746572206C6F7373206F66206DFB
:1040300061726B0D0A2020202020202020202020CB
:104040002020202020202020202020202020202070
:1040500020202020202020206F7220737061636553
:1040600020746F6E65207768656E206D6F746F7257
:10407000206973207368757420646F776E0D0A4130
:1040800075746F73746172745468726573682020FC
:10409000202020202020202020302E3520202020ED
:1040A00020204D61726B206F7220737061636520F8
:1040B0006C6576656C20746861742077696C6C201F
:1040C0007374617274206D6F746F722E0D0A2020EC
:1040D00020202020202020202020202020202020E0
:1040E00020202020202020202020202020202020D0
:1040F00020546F6F206C6F772061206C6576656C43
:104100002063616E20676976652066616C73652047
:10411000737461727473206F6E0D0A20202020204A
:10412000202020202020202020202020202020208F
:1041300020202020202020202020202020206E6FE2
:104140006973652E20546F6F20686967682061204D
:104150006C6576656C2063616E206B65657020749C
:104160006865206D6F746F720D0A2020202020205A
:10417000202020202020202020202020202020203F
:104180002020202020202020202020202066726F48
:104190006D207374617274696E6720206F6E206188
:1041A000207765616B207369676E616C2E204966AC
:1041B000207468650D0A2020202020202020202047
:1041C00020202020202020202020202020202020EF
:1041D000202020202020202020496E70757420424D
:1041E000504620697320656E61626C656420746856
:1041F0006973206973207479706963616C6C7920CC
:104200007365740D0A2020202020202020202020EB
:10421000202020202020202020202020202020209E
:104220002020202020202020746F20302E352E20AA
:1042300054686973206C6576656C2063616E2062DA
:104240006520736574206C6F772069660D0A2020E5
:10425000202020202020202020202020202020205E
:10426000202020202020202020202020202020204E
:10427000204175746F7374617274476F6F64436823
:10428000617273206973206772656174657220744E
:1042900068616E2035206F7220736F0D0A20202018
:1042A000202020202020202020202020202020200E
:1042B00020202020202020202020202020202020FE
:1042C00073696E6365206E6F6973652077696C6CC6
:1042D0002063617573652061206261642063686199
:1042E00072616374657220286261640D0A20202067
:1042F00020202020202020202020202020202020BE
:1043000020202020202020202020202020202020AD
:1043100073746F702062697429206B656570696EB3
:104320006720746865207265717569726564206EB6
:10433000756D626572206F6620676F6F640D0A206D
:10434000202020202020202020202020202020206D
:10435000202020202020202020202020202020205D
:10436000202073657175656E7469616C2063686186
:104370007261637465727320746F206E6F74206253
:1043800065206D65742E0D0A426175645261746515
:10439000202020202020202020202020202020201D
:1043A000202034352E343520202020546865207498
:1043B00072616E736D6974206261756420726174DC
:1043C0006520696E20626974732070657220736560
:1043D000636F6E642E0D0A202020202020202020D4
:1043E00020202020202020202020202020202020CD
:1043F0002020202020202020202055736564207458
:104400006F2073657420746865207370656564201F
:104410006F662074686520426175646F7420554131
:10442000525420616E640D0A20202020202020207C
:10443000202020202020202020202020202020207C
:104440002020202020202020202020746F6E652036
:1044500066696C7465722062616E64776964746801
:10446000732E0D0A426F6F74546F4D6F64656D202B
:10447000202020202020202020202020202030202C
:10448000202020202020204966206E6F6E7A6572E1
:104490006F2C20676F657320746F206D6F64656D7E
:1044A000206D6F646520696E7374656164206F664A
:1044B0000D0A202020202020202020202020202025
:1044C00020202020202020202020202020202020EC
:1044D0002020202020434C492E20457363617065C5
:1044E00020746F2072657475726E20746F20434C57
:1044F000492E0D0A446174614C7066427742724DD8
:10450000756C742020202020202020202020312E97
:10451000302020202020204D756C7469706C79202B
:1045200074686973206279204261756420526174F5
:104530006520746F20676574207468650D0A2020FB
:10454000202020202020202020202020202020206B
:10455000202020202020202020202020202020205B
:104560002062616E64776964746820286375746F73
:104570006666206672657175656E637929206F665F
:10458000207468652064617461206C6F770D0A2067
:10459000202020202020202020202020202020201B
:1045A000202020202020202020202020202020200B
:1045B0002020706173732066696C746572732028A3
:1045C0006F6E65206561636820666F72206D617231
:1045D0006B20616D6420735B616365292E0D0A4455
:1045E0005443202020202020202020202020202074
:1045F00020202020202020202031202020202020AA
:1046000020203120656E61626C65732044796E6193
:104610006D6963205468726573686F6C6420436FC2
:104620006E74726F6C3B20300D0A202020202020F9
:10463000202020202020202020202020202020207A
:10464000202020202020202020202020206469738A
:1046500061626C65732E20456E61626C6520666FC9
:10466000722022414D2044656D6F64756C617469E0
:104670006F6E222C0D0A20202020202020202020B8
:10468000202020202020202020202020202020202A
:10469000202020202020202020776865726520744B
:1046A0006865206C696D697465722069732064693E
:1046B0007361626C65642E0D0A4672657141646AAD
:1046C00050657263656E74202020202020202020F9
:1046D000202020302E302020202020204D616B65AE
:1046E000206D696E6F722061646A7573746D656E9A
:1046F0007420282B2F2D2035252920746F207361DD
:104700006D706C650D0A20202020202020202020A4
:104710002020202020202020202020202020202099
:104720002020202020202020207261746520746FBA
:1047300020636F727265637420666F7220435055F8
:1047400020636C6F636B206572726F722E20416400
:104750006A757374730D0A202020202020202020E9
:104760002020202020202020202020202020202049
:1047700020202020202020202020616C6C206672C8
:10478000657175656E636965732E20466F7220656D
:1047900078616D706C652C20696620313730204857
:1047A0007A204D61726B0D0A2020202020202020CD
:1047B00020202020202020202020202020202020F9
:1047C0002020202020202020202020667265717566
:1047D000656E6379206973203231333820487A203E
:1047E000696E7374656164206F66203231323520E2
:1047F000487A2C207365740D0A2020202020202068
:1048000020202020202020202020202020202020A8
:10481000202020202020202020202020467265718A
:1048200041646A50657263656E7420746F202D3028
:104830002E372E0D0A496E7075744270664277539A
:10484000686966744D756C7420202020202020310A
:104850002E30202020202020496E70757420425078
:10486000462042616E6477696474682069732073BE
:10487000686966742074696D657320746869732E45
:104880000D0A4B4F532020202020202020202020C4
:104890002020202020202020202020203120202007
:1048A00020202020203120656E61626C6573204BD2
:1048B0006579626F617264204F70657261746564BE
:1048C0002053656E642E20302064697361626C65CC
:1048D000732E0D0A4B6F7344726F705365636F6E66
:1048E0006473202020202020202020202020332E10
:1048F00030202020202020486F77206D616E7920A5
:104900007365636F6E64732061667465722074688A
:1049100065206C6173742074797065640D0A2020C1
:104920002020202020202020202020202020202087
:104930002020202020202020202020202020202077
:104940002063686172616374657220756E74696C4E
:1049500020746865207472616E7363656976657230
:104960002069732073776974636865640D0A202079
:104970002020202020202020202020202020202037
:104980002020202020202020202020202020202027
:104990002066726F6D207472616E736D697420741D
:1049A0006F20726563656976652E0D0A5573652003
:1049B0003F3F20666F72206164646974696F6E6145
:1049C0006C20636F6D6D616E64730000306C0080ED
:1049D00032000000000000008C0100800200000096
:1049E00000000000600000800600000001000000E0
:1049F000000000FFFFFF00009001008006000000A3
:104A000000000000A0020080040000000000000080
:104A1000B8370080D8050000010000002020445372
:104A200050205455204D656E75202020004D617238
:104A30006B20486F6C6420202020202020004175CE
:104A4000746F737461727420202020202020005322
:104A5000686966742020202020202020202020004B
:104A6000496E70757420425046202020202020205E
:104A7000004C696D6974657220456E61626C6520D9
:104A800020004D6F72652020202020202020202033
:104A9000202000457869742020202020202020201C
:104AA000202020002020445350205455204D656E76
:104AB0007520202000414743202020202020202056
:104AC00020202020200042617564205261746520FE
:104AD0002020202020200046696C746572732042DB
:104AE000572F426175642000445443202020202029
:104AF0002020202020202020004C6F6F70202020BC
:104B0000202020202020202020004D6F72652020B2
:104B1000202020202020202020200045786974209B
:104B2000202020202020202020202000204D6172E5
:104B30006B20486F6C64204D656E75200054687260
:104B40006573686F6C6420202020202020002020C6
:104B50002020202020202020202020202020002075
:104B60002020202020202020202020202020200065
:104B70002020202020202020202020202020202035
:104B80000020202020202020202020202020202045
:104B90002000202020202020202020202020202035
:104BA000202000457869742020202020202020200B
:104BB00020202000204175746F7374617274204D41
:104BC000656E7520005468726573686F6C64202090
:104BD000202020202000476F6F642043686172739B
:104BE00020202020202000486F6C64205365636FD4
:104BF0006E647320202020002020202020202020F0
:104C000020202020202020200020202020202020C4
:104C100020202020202020202000202020202020B4
:104C2000202020202020202020200045786974208A
:104C30002020202020202020202020002020205361
:104C400068696674204D656E752020200057696480
:104C5000652F4E6172726F772020202020004365FF
:104C60006E74657220487A20202020202020005376
:104C70006869667420487A202020202020202000A7
:104C8000484620426F6F737420202020202020206F
:104C90000020202020202020202020202020202034
:104CA0002000202020202020202020202020202024
:104CB00020200045786974202020202020202020FA
:104CC0002020200020496E70757420425046204DEF
:104CD000656E752000456E61626C65202020202085
:104CE00020202020200042572F536869667420201E
:104CF00020202020202000202020202020202020D4
:104D000020202020202020002020202020202020C3
:104D100020202020202020200020202020202020B3
:104D200020202020202020202000202020202020A3
:104D30002020202020202020202000457869742079
:104D40002020202020202020202020002020202083
:104D500020204147432020202020202000456E6154
:104D6000626C65202020202020202020200054611B
:104D700072676574204C6576656C20202020004D9C
:104D80006178204761696E202020202020202000AB
:104D900046696C74657220487A20202020202020EB
:104DA0000020202020202020202020202020202023
:104DB0002000202020202020202020202020202013
:104DC00020200045786974202020202020202020E9
:104DD0002020200046696C7465722042572F426182
:104DE0007564202000546F6E6520425046202020BC
:104DF00020202020200044617461204C5046202057
:104E000020202020202000202020202020202020C2
:104E100020202020202020002020202020202020B2
:104E200020202020202020200020202020202020A2
:104E30002020202020202020200020202020202092
:104E40002020202020202020202000457869742068
:104E5000202020202020202020202000202044531B
:104E600050205455204D656E7520202000536176EA
:104E7000652F4C6F616420202020202020002020FE
:104E80002020202020202020202020202020002042
:104E90002020202020202020202020202020200032
:104EA0002020202020202020202020202020202002
:104EB0000020202020202020202020202020202012
:104EC00020004465627567202020202020202020BB
:104ED00020200045786974202020202020202020D8
:104EE0002020200020436F6E6669677572617469C7
:104EF0006F6E202000536176652043757272656E77
:104F00007420202020004C6F61642053617665641A
:104F1000202020202020004C6F61642044656661C1
:104F2000756C7420202020002020202020202020AC
:104F30002020202020202020002020202020202091
:104F40002020202020202020200020202020202081
:104F50002020202020202020202000457869742057
:104F60002020202020202020202020002020202061
:104F70002044656275672020202020200041756450
:104F8000696F206F7574202020202020200053613D
:104F90006D706C652052617465205472696D0020DB
:104FA0002020202020202020202020202020200021
:104FB00020202020202020202020202020202020F1
:104FC0000020202020202020202020202020202001
:104FD00020002020202020202020202020202020F1
:104FE00020200045786974202020202020202020C7
:104FF00020202000980100800C000000000000002C
:1050000068000080040000000100000001000000B2
:10501000A40100801500000000000000A402008030
:105020000C00000000000000400581BFE800000007
:1050300001000000281400002814000028140000BB
:105040002814000028140000281400002814000070
:105050002814000028140000001400002814000088
:105060002814000028140000281400002814000050
:105070002814000028140000281400000814000060
:105080002814000028140000281400002814000030
:105090002814000028140000281400002814000020
:1050A0002814000028140000281400002814000010
:1050B0002814000028140000281400002814000000
:1050C00028140000281400002814000028140000F0
:1050D00028140000281400002814000028140000E0
:1050E00028140000281400002814000028140000D0
:1050F00028140000281400002814000028140000C0
:1051000028140000281400002814000028140000AF
:105110002814000028140000281400002C0681BF69
:105120004C000000010000002814000028140000BA
:10513000281400002814000028140000281400007F
:10514000281400002814000028140000281400006F
:10515000281400002814000028140000281400005F
:10516000281400002814000028140000281400004F
:1051700028140000D80681BF1400000001000000C0
:10518000281400002814000028140000281400002F
:1051900028140000F40681BF240000000100000074
:1051A0002814000028140000281400001014000027
:1051B0001814000020140000281400002814000017
:1051C000281400001C0781BF180000000100000027
:1051D00028140000281400002814000028140000DF
:1051E0002814000028140000400781BF5000000070
:1051F00001000000281400002814000028140000FA
:1052000028140000281400002814000028140000AE
:10521000281400002814000028140000281400009E
:10522000281400002814000028140000281400008E
:10523000281400002814000028140000281400007E
:10524000281400009C0781BF6400000001000000DA
:10525000281400002814000028140000281400005E
:10526000281400002814000028140000281400004E
:10527000281400002814000028140000281400003E
:10528000281400002814000028140000281400002E
:10529000281400002814000028140000281400001E
:1052A000281400002814000028140000281400000E
:1052B000281400000C0881BF180000000100000045
:1052C00028140000281400002814000028140000EE
:1052D0002814000028140000300881BF0C000000D2
:1052E0000100000028140000281400002814000009
:1052F000400881BF0C0000000100000028140000DD
:105300002814000028140000500881BF0400000089
:105310000100000028140000580881BF140000009C
:1053200001000000281400002814000028140000C8
:105330002814000028140000740881BF1800000021
:1053400001000000281400002814000028140000A8
:10535000281400002814000028140000940881BFBD
:105360000400000001000000281400006C00008010
:105370002400000001000000FFFFFFFFFFFFFFFF10
:1053800001000000FFFFFFFFFFFFFFFF0100000023
:10539000FFFFFFFFFFFFFFFF01000000303F008025
:1053A000040000000100000001000000A06C00806B
:1053B0000800000000000000803E0080680000003F
:1053C00001000000883E0080883E0080010000004F
:1053D00003000000000000000000000000000000CA
:1053E000000000000000000044AC019D000000002F
:1053F000000000000000000000E6019D3CEB019D64
:10540000000000000000000000000000000000009C
:10541000000000000000000000000000000000008C
:10542000000000000000000000000000343F008089
:105430000400000001000000843E0080646C0080D5
:105440002400000000000000A86C008004000000A0
:10545000000000000000000066666666666666661C
:1054600088FFBD277C00023C6400B0AF090D4224D8
:105470000080103C0A0003247400BFAF7000B3AF7B
:105480006C00B2AF6800B1AF5800A2AF0A00A31021
:10549000780400A20B00A2280E0040140D00022484
:1054A0003000A2101B0002241A00A2149C81822743
:1054B00021204400000080A07400BF8F7000B38FD3
:1054C0006C00B28F6800B18F6400B08F0800E003F9
:1054D0007800BD27080002240E00A2149C818227B8
:1054E0002120440000008290F4FF40107400BF8F20
:1054F000FFFF4224000082A07400BF8F7000B38FB2
:105500006C00B28F6800B18F6400B08F0800E003B8
:105510007800BD27E8FFA0189C818327211864002C
:10552000000066903400C22CE4FF40107400BF8F6E
:105530004010040021104400C0100200211044005B
:105540000080043C306C8424401002002110440090
:10555000211046000100C424000064A0D6FF001002
:10556000000045A040180400211064009C8186279B
:10557000C01002008A39C47C211044000080053C20
:1055800040100200306CA5242110A20021404700E9
:10559000000000A100004880230000119D81889335
:1055A0002B400701010000559D8187A3211864004D
:1055B000C018030021186400401803002118A3003C
:1055C000000065802120C40023000324BAFFA3103B
:1055D000000080A025204000019D023CB4504224E0
:1055E0005800A5278B6D400F2800A2AF560240102F
:1055F000010013242800A2AF2C00B1275800A527D2
:105600008B6D400F252000000D0040100A00032480
:1056100001007326000022AEF8FF63160400312655
:10562000A6FF00107400BF8F019D023CB050428C59
:1056300078040326030062A89FFF0010780402BAD2
:105640002800B28F855E400F2520400220000424F0
:105650001B008200F4014000000043823A02601007
:105660001210000025880000048851000100522615
:105670002188710000004382FCFF605404885100BF
:10568000019D043C6E78400FB85084243F57023C83
:10569000B4864234CD022212010042242B10220291
:1056A00027004010CC7C023C5205023CC11B432425
:1056B00093022312C21B42242B1022023B014010F2
:1056C0006D0B023C7D01023CA84F4324650223126E
:1056D000A94F42242B10220247004010F602023C40
:1056E000B200023C91DF423407032212010042243F
:1056F0002B102202B10040146801023C0BC9423455
:10570000440222127101023C68E842343000221641
:10571000BE00023C02000224520462120080023CDD
:105720004805468C4C05478C019D053CD850A52466
:10573000D878400F7804042660FF00107400BF8FF3
:10574000F6A9423418032212010042242B1022022F
:10575000600040108BB4023C0B65023CCC584324E3
:10576000A5022312CD5842242B10220240004010E3
:10577000BC6F023C9C58023CA3E84234A2022212B5
:10578000010042242B102202AA004014965C023C25
:10579000B488423415022212965C023CEFB94234BE
:1057A00026002216355A023C02000224AD04621281
:1057B0000080023C7805468C019D053CE050A52404
:1057C000D878400F780404263CFF00107400BF8F87
:1057D000D42D4224440222121081868F019D053C63
:1057E00025302002BC50A524D878400F7804042628
:1057F00032FF00107400BF8FCEF042340F0222122D
:10580000010042242B10220229014014B104023C61
:10581000533C42241E0222120105023C4E30422417
:10582000160122164104023C02000224FF04621207
:105830000100022420FF0010B88182AFFBF942343E
:10584000E7FF2216019D053C020002244304621278
:105850000080023C2805468C019D053CE050A524B3
:10586000D878400F7804042614FF00107400BF8F0E
:105870005A1B4324C10223125B1B42242B10220219
:105880003F0040145675023C44F94234740222121F
:105890005975023C2CD242342C002216DE6F023C99
:1058A000CB72400F00000000020002243504621297
:1058B00000000000855E400F78040426780410265E
:1058C000211002023E000324000043A0FAFE001053
:1058D000010040A08E1843245D0223128F18422439
:1058E0002B102202700040149FDA023CF40443247F
:1058F0000D022312F50442242B10220260004010F6
:1059000047E1023CE2B9023C041D42248502221216
:105910005ABE023CA34B4224340022168BB4023CF4
:10592000020002249A0362120080023C3005468C79
:105930003405478C019D053CD850A524D878400FEC
:1059400078040426DDFE00107400BF8FA0C342342B
:10595000A3FF2216019D053C02000224D603621219
:105960000080023C8405468C019D053CE050A52446
:10597000D878400F78040426D0FE00107400BF8F42
:10598000E865023CE49D4234D8002216C26E023C17
:10599000020002248804621286BF023C2001468C69
:1059A000019D053CE050A5244003C67CD878400FFB
:1059B00078040426C1FE00107400BF8F3F0002244B
:1059C000980022163F00023C0080043C6E78400F95
:1059D000D8278424019D023CB050428C78040326D1
:1059E000030062A8B4FE0010780402BA845942246D
:1059F0007BFF2216019D053C020002249D046216D5
:105A00002C00B18F855E400F252020022000432C02
:105A100017036010019D033C0080043C01004624F4
:105A2000252820022B5E400FB8058424A3FE001019
:105A30007400BF8F6657023C7750422484002216C0
:105A4000FA57023C02000224190362162C00B18F9F
:105A5000855E400F252020022000432C6802601044
:105A6000019D033C0080043C0100462425282002BF
:105A70002B5E400FD805842490FE00107400BF8F69
:105A8000199C42340A0222124BFD023CEB1E4224B6
:105A90001C002216A9DF023CE472400F0000000047
:105AA00086FE00107400BF8F188B023CA04E43246A
:105AB0000A022312A14E42242B1022022C00401471
:105AC000D9AB023C3CA74234EE01221263B1023C46
:105AD000439142341900221617A3023C020002240B
:105AE000A00262120080023C6405468C019D053CC8
:105AF000E050A524D878400F780404266FFE0010EB
:105B00007400BF8FC1EA423435FF2216019D053C67
:105B1000020002246D0262120080023C9805468C4D
:105B20009C05478C019D053CD850A524D878400F92
:105B30007804042661FE00107400BF8F50CA4234FE
:105B400027FF2216019D053C02000224700262120A
:105B50000080023C6805468C019D053CE050A52470
:105B6000D878400F7804042654FE00107400BF8FCC
:105B7000467D023C049D423464002216B988023CF2
:105B800002000224CD0362120080023C2005468CF4
:105B90002405478C019D053CD850A524D878400F9A
:105BA0007804042645FE00107400BF8FF3274324B9
:105BB00042012312F42742242B10220284004014B5
:105BC000AF51023C44B44234FD0022120100422491
:105BD0002B102202740040108254023C4930023CD7
:105BE000C1D84234DA012212D847023CA6364224F8
:105BF000600022160C29023C02000224EE0262120E
:105C00000080023C4005468C4405478C019D053CC4
:105C1000D850A524D878400F7804042627FE001019
:105C20007400BF8F3F004224ECFE22160080043C2B
:105C30006E78400F18068424019D023CB050428CBF
:105C400078040326030062A81BFE0010780402BA41
:105C5000546C4224E1FE22164081878F4481868F56
:105C6000019D053C0C52A524D878400F78040426E9
:105C7000448180AF10FE0010408180AF4350422429
:105C8000D7FE2216019D053C02000224B6036212D3
:105C90000080023C7405468C019D053CE050A52423
:105CA000D878400F7804042604FE00107400BF8FDB
:105CB000DC02023CC8A0423421002216F302023C5E
:105CC00002000224510362120080023C5805468CF7
:105CD0005C05478C019D053CD850A524D878400F21
:105CE00078040426F5FD00107400BF8FAD594224DE
:105CF000BAFE2216019D043C6E78400FE8508424C1
:105D000001000224ECFD0010048182AFA58842341A
:105D1000B2FE221602000224470362120080023CF7
:105D20000005468C0405478C019D053CD850A524F0
:105D3000D878400F78040426E0FD00107400BF8F6F
:105D4000F3274224A5FE221602000224B0026212AA
:105D50000080023CF004468CF404478C019D053C15
:105D6000D850A524D878400F78040426D3FD00101D
:105D70007400BF8F9A42422499FE2216019D053C71
:105D800002000224BC0162120080023C6005468CC5
:105D9000019D053CE050A524D878400F78040426E6
:105DA000C6FD00107400BF8FBCCC4234F10022123B
:105DB0004B56023CEB1E42244F0022169B53023CE2
:105DC0001278400F00000000BCFD00107400BF8F6F
:105DD0005507023CEB5E432460002312EC5E422434
:105DE0002B1022022F0040149C07023C46784224CC
:105DF000D60022127D09023C2F6942241B00221684
:105E00009807023C271B400F25200000019D023C03
:105E10007851422478041026200046240000458C46
:105E20000400438C0800448C030005AA000005BA56
:105E3000070003AA040003BA0C00438C0B0004AA59
:105E4000080004BA0F0003AA100042240C0003BA91
:105E5000F2FF46141000102600004390010042900B
:105E6000000003A294FD0010010002A25A9B4234DC
:105E70005BFE2216019D053C0200022455016212C0
:105E80000080023CF804468CFC04478C019D053CD4
:105E9000D850A524D878400F7804042687FD001038
:105EA0007400BF8F6B06023C511142241A00221667
:105EB0006F06023C02000224050262120481838FF5
:105EC00019026210019D033C205262242052638C0F
:105ED0000400469005004590060044907804022690
:105EE000030043A8780403BA040046A0050045A0B7
:105EF00071FD0010060044A0B449422438FE221669
:105F0000019D053C019D043C6E78400F9C5184240A
:105F1000FFFF001000000000016D42242FFE22163A
:105F2000020002245A0262120080023C7C05468C68
:105F3000019D053C2852A524D878400F78040426FA
:105F40005EFD00107400BF8F019D043C6E78400F11
:105F5000B850842421FE001025880000271B400F24
:105F600001000424019D023C54514224780410266F
:105F7000200046240000458C0400438C0800448C1B
:105F8000030005AA000005BA070003AA040003BA2B
:105F90000C00438C0B0004AA080004BA0F0003AAEB
:105FA000100042240C0003BAF2FF46141000102621
:105FB0000000428C030002AA3FFD0010000002BA5C
:105FC000020002241F03621286BF023C2002468C9C
:105FD000019D053CE050A524C003C67CD878400F45
:105FE0007804042635FD00107400BF8F02000224DF
:105FF000A60262120080023C2C05468C019D053CE5
:106000002852A524D878400F780404262BFD0010D0
:106010007400BF8F02000224DD0262120080023C85
:106020007005468C019D053CE050A524D878400FB2
:106030007804042621FD00107400BF8F02000224A2
:10604000B00262120080023C8005468C019D053C36
:10605000E050A524D878400F7804042617FD0010DE
:106060007400BF8F02000224E10262120080023C31
:106070000805468C0C05478C019D053CD850A5248D
:10608000D878400F780404260CFD00107400BF8FF0
:10609000020002249302621286BF023C2003468C57
:1060A000019D053CE050A5244001C67CD878400FF6
:1060B0007804042601FD00107400BF8F0200022442
:1060C0009A0262120080023CE004468CE404478C91
:1060D000019D053CD850A524D878400F78040426AB
:1060E000F6FC00107400BF8F019D053CE050A52414
:1060F000D878400F78040426EFFC0010108180AFA0
:1061000002000224D10062120080023C6C05468C21
:10611000019D053CE050A524D878400F7804042662
:10612000E6FC00107400BF8F7262400F0000000098
:10613000019D053C25304000B451A524D878400F7E
:1061400078040426DDFC00107400BF8F02000224D6
:10615000820162120080023C5005468C019D053C84
:10616000E050A524D878400F78040426D3FC001012
:106170007400BF8F401F0324288083AF02000224D5
:10618000010003240B0062120C8183AF0300022480
:10619000CAFC62167400BF8F2571400F3000A48FB7
:1061A000C010020008004328080004240A2043000D
:1061B000288084AF2571400F2C00A48FBEFC4204C0
:1061C0000C8180AFBCFC00100C8182AF0200022465
:1061D000FE0162120080023C1005468C1405478CBB
:1061E000019D053CD850A524D878400F780404269A
:1061F000B2FC00107400BF8F195A400F000000005D
:10620000AEFC00107400BF8F2776400F5000A4270B
:106210005500A5935400A4935300A3935200A29356
:106220005100A7935000A6931C00A5AF019D053C0B
:106230001800A4AF1400A3AF1000A2AFBC51A52456
:10624000D878400F780404269CFC00107400BF8F9F
:10625000C870400FFF00042498FC00107400BF8F2A
:1062600002000224A400621200000000019D023C12
:10627000B050428C78040326030062A88EFC001004
:10628000780402BA02000224C00062120080023CBC
:10629000A805468CAC05478C019D053CD850A5242B
:1062A000D878400F7804042684FC00107400BF8F57
:1062B00002000224A00062120080023CA005468C6D
:1062C000A405478C019D053CD850A524D878400FE3
:1062D0007804042679FC00107400BF8F02000224A9
:1062E000CD0062120080023C3805468C3C05478C8C
:1062F000019D053CD850A524D878400F7804042689
:106300006EFC00107400BF8F7E74400F0000000010
:10631000019D043C6E78400F3451842467FC0010CA
:106320007400BF8F02000224440162120080023C0C
:106330001805468C1C05478C019D053CD850A524AA
:10634000D878400F780404265CFC00107400BF8FDE
:1063500002000224620162120080023CB005468CF9
:10636000B405478C019D053CD850A524D878400F32
:106370007804042651FC00107400BF8F0200022430
:10638000870162120080023CE804468CEC04478CD2
:10639000019D053CD850A524D878400F78040426E8
:1063A00046FC00107400BF8F020002243D00621200
:1063B0000080023C9005468C9405478C019D053C6D
:1063C000D850A524D878400F780404263BFC001050
:1063D0007400BF8FAE79400F2C00A48F0080023C68
:1063E0009251400FF80440F4019D023CB050428CA1
:1063F00078040326030062A82FFC0010780402BA78
:10640000F851658CF8516324780402260400648CEA
:10641000030045A8780405BA0800658C070044A865
:10642000040044B80C00648C0B0045A81000669072
:1064300011006390080045B80F0044A80C0044B850
:10644000100046A01CFC0010110043A02571400F55
:106450002C00A48F019D033CB050638C780404266B
:1064600001004230030083A80080043C6C0582AC2C
:1064700011FC0010780403BA2571400F2C00A48F82
:10648000019D033CB050638C780404260100423027
:10649000030083A80080043C600582AC06FC001069
:1064A000780403BAAE79400F2C00A48F019D023C02
:1064B000B050428C78040326030062A80080033C9D
:1064C000900560F4FCFB0010780402BAAE79400F2E
:1064D0002C00A48F0080023C9251400F980540F49C
:1064E000019D023CB050428C78040326030062A850
:1064F000F1FB0010780402BA4471400F2C00A48F05
:106500008275400F2520400059FF0010019D023C7C
:106510002571400F2C00A48F019D033CB050638C6B
:1065200078040426030083A80080043C680582AC3C
:10653000E1FB0010780403BAAE79400F2C00A48F61
:106540000080023C9251400FA00540F4019D023CA6
:10655000B050428C78040326030062A8D6FB0010DA
:10656000780402BA2571400F2C00A48F019D033CD2
:10657000B050638C78040426030083A80080043C98
:10658000640582ACCCFB0010780403BAAE79400FEE
:106590002C00A48F029D023C48D442D43C102046DB
:1065A0002C000045029D023C0080023CE004422495
:1065B000C80042F4C80040D4029D023C58D442D4E2
:1065C000029D023C70D444D483002246029D023CCA
:1065D00060D440D4029D023C0100224668D442D4DB
:1065E000020022463E22204615000B4501002446AB
:1065F0000D00204600000244019D033CB050638C16
:1066000078040426030083A884BF043C200282ACE3
:10661000A9FB0010780403BAAE79400F2C00A48FB8
:10662000019D023CB050428C78040326030062A80E
:106630000080033C380560F49FFB0010780402BA28
:106640000080033C0D00204600000244EAFF0010D9
:106650002510430050D442D40080023C3C01224625
:106660008C010445E0044224D2FF0010C80042F42B
:10667000E051648CE0516324780402260400658CA8
:10668000030044A8780404BA0800648C070045A8F5
:106690000C0066900D006390040045B80B0044A800
:1066A000080044B80C0046A083FB00100D0043A076
:1066B0000080063C019D053CD805C624F051A52468
:1066C000D878400F780404267CFB00107400BF8F3C
:1066D0002C00B08F855E400F25200002200003248F
:1066E0001B006200F4014000000004820C008010D6
:1066F00012100000251800000418430001001026A5
:106700002118830000000482FCFF80540418430019
:106710005107023C62CC42341B006210020002248A
:1067200065FB0010048180AF019D033C1852622478
:106730001852638C04004690050045900600449072
:1067400078040226030043A8780403BA040046A094
:10675000050045A058FB0010060044A02571400F1D
:106760002C00A48F019D033CB050638C7804042658
:1067700001004230030083A80080043C500582AC35
:106780004DFB0010780403BA4BFB0010048182AF6C
:10679000AE79400F2C00A48F019D023CB050428C7A
:1067A00078040326030062A80080033C300560F4EF
:1067B00041FB0010780402BAAE79400F2C00A48F80
:1067C000029D033C38D462D4029D023C7082848FC7
:1067D0002000A2F740D442D41000A0F70080023C71
:1067E0001800A2F7253000002538000025280000F9
:1067F0002441400F400540F4019D023CB050428CC2
:1068000078040326030062A82BFB0010780402BA68
:10681000AE79400F2C00A48F0080023C9251400FB3
:10682000F00440F4019D023CB050428C78040326F1
:10683000030062A820FB0010780402BAAE79400F72
:106840002C00A48F019D023CB050428C780403269A
:10685000030062A80080033C180560F416FB0010DA
:10686000780402BAAE79400F2C00A48F0080023C5D
:106870009251400F480540F4019D023CB050428CBB
:1068800078040326030062A80BFB0010780402BA08
:106890002571400F2C00A48F019D033CB050638CE8
:1068A00078040426030083A80080043C7C0582ACA5
:1068B00001FB0010780403BA2571400F2C00A48F4F
:1068C000019D033CB050638C78040426030083A828
:1068D0000080043C840582ACF7FA0010780403BA07
:1068E000AE79400F2C00A48F029D023C78D442D494
:1068F0003C03224640000D45029D033C029D023CA4
:1069000058D442D43C1420463C00134580D460D473
:106910000080023CE0044224D00040F4D00040D487
:10692000029D033C48D462D400002046029D023CF4
:106930002000A2F740D442D42882848F1000A0F710
:106940001800A2F725300000253800002441400F30
:1069500002000524D9FA00107400BF8F2571400F82
:106960002C00A48F019D033CB050638C7804042656
:10697000030083A80080043C280582ACCEFA0010F6
:10698000780403BA2571400F2C00A48FC9FB401472
:10699000000000004C8180AFC6FB0010488180AF32
:1069A000AE79400F2C00A48F0080023C9251400F22
:1069B000E80440F4019D023CB050428C7804032668
:1069C000030062A8BCFA0010780402BAAE79400F46
:1069D0002C00A48F0080023C9251400F100540F41F
:1069E000019D023CB050428C78040326030062A84B
:1069F000B1FA0010780402BA80D460D40080023C5E
:106A0000E0044224C5FF0010D00040F4AE79400FEE
:106A10002C00A48F0080023C9251400F580540F496
:106A2000019D023CB050428C78040326030062A80A
:106A3000A1FA0010780402BAAE79400F2C00A48F9E
:106A40000080023C9251400F000540F4019D023C41
:106A5000B050428C78040326030062A896FA001016
:106A6000780402BA2571400F2C00A48F019D033CCD
:106A7000B050638C78040426030083A80080043C93
:106A8000780582AC8CFA0010780403BA4471400F88
:106A90002C00A48F252040000080033C346F400F61
:106AA0002C0562AC019D023CB050428C7804032658
:106AB000030062A880FA0010780402BAAE79400F91
:106AC0002C00A48F019D023CB050428C7804032618
:106AD000030062A80080033C200560F476FA0010F1
:106AE000780402BA2571400F2C00A48F1A004014BC
:106AF00086BF023C20000324340343ACDCFD0010BD
:106B0000019D023C2571400F2C00A48F019D033C88
:106B1000B050638C78040426030083A80080043CF2
:106B2000800582AC64FA0010780403BAAE79400F95
:106B30002C00A48F0080023C9251400FE00440F4EE
:106B4000019D023CB050428C78040326030062A8E9
:106B500059FA0010780402BA20000324380343AC29
:106B6000C3FD0010019D023C2571400F2C00A48F35
:106B7000019D033CB050638C78040426030083A875
:106B80000080043C740582AC4BFA0010780403BA10
:106B90002571400F2C00A48F019D033CB050638CE5
:106BA00078040426030083A80080043C700582ACAE
:106BB00041FA0010780403BA2571400F2C00A48F0D
:106BC0001600401486BF023C00200324340143AC6D
:106BD0009251400F00000000019D023CB050428CD9
:106BE00078040326030062A833FA0010780402BA7E
:106BF000AE79400F2C00A48F0080023C9251400FD0
:106C0000080540F4019D023CB050428C78040326F4
:106C1000030062A828FA0010780402BA00200324B6
:106C2000380143ACEAFF0010000000002571400F5E
:106C30002C00A48F20FA4204B88180AF1EFA001005
:106C4000B88182AF2571400F2C00A48F050040143D
:106C500086BF023C00800334340243AC84FD001044
:106C6000019D023C00800334380243AC80FD0010DB
:106C7000019D023C0080063C019D053CB805C624F0
:106C8000F051A524D878400F780404260BFA0010A0
:106C90007400BF8F47FE0010C80040F4D8FFBD2726
:106CA0001800B1AF0080113CE004268EE404278E6A
:106CB0001400B0AF019D053C0080103C1C00B2AF39
:106CC000D017A52425908000780404262400BFAFA7
:106CD000D878400F2000B3AF01000224F0014252E7
:106CE000E0043126855E400F78040426E004312656
:106CF0007804062625284000DE66400F2520000087
:106D00000C00278E0800268E019D053CEC17A5245B
:106D100078040426D878400F25904000855E400F07
:106D2000780404262528400025204002DE66400F16
:106D3000780406261400278E1000268E019D053C3F
:106D40000018A52478040426D878400F2590400028
:106D5000855E400F78040426252840002520400247
:106D6000DE66400F780406261C00278E1800268E4B
:106D7000019D053C1C18A52478040426D878400FF2
:106D800025904000855E400F7804042625284000A9
:106D900025204002DE66400F780406262400278E58
:106DA0002000268E019D053C3018A5247804042679
:106DB000D878400F25904000855E400F7804042667
:106DC0002528400025204002DE66400F7804062674
:106DD0002C00278E2800268E019D053C4018A524F6
:106DE00078040426D878400F25904000855E400F37
:106DF000780404262528400025204002DE66400F46
:106E0000780406263C00278E3800268E019D053C1E
:106E10005818A52478040426D878400F25904000FF
:106E2000855E400F78040426252840002520400276
:106E3000DE66400F780406264400278E4000268E2A
:106E4000019D053C6C18A52478040426D878400FD1
:106E500025904000855E400F7804042625284000D8
:106E600025204002DE66400F780406264800268E64
:106E7000019D053C8418A52478040426D878400F89
:106E800025904000855E400F7804042625284000A8
:106E900025204002DE66400F780406265400278E27
:106EA0005000268E019D053CA418A52478040426D4
:106EB000D878400F25904000855E400F7804042666
:106EC0002528400025204002DE66400F7804062673
:106ED0005C00278E5800268E019D053CB818A5241D
:106EE00078040426D878400F25904000855E400F36
:106EF000780404262528400025204002DE66400F45
:106F0000780406266400278E6000268E019D053CCD
:106F1000CC18A52478040426D878400F259040008A
:106F2000855E400F78040426252840002520400275
:106F3000DE66400F780406267000268E019D053C13
:106F4000DC18A52478040426D878400F259040004A
:106F5000855E400F78040426252840002520400245
:106F6000DE66400F780406268000268E019D053CD3
:106F7000F018A52478040426D878400F2590400006
:106F8000855E400F78040426252840002520400215
:106F9000DE66400F780406268400268E019D053C9F
:106FA0000019A52478040426D878400F25904000C5
:106FB000855E400F780404262528400025204002E5
:106FC000DE66400F78040626B400278EB000268EB9
:106FD000019D053C0C19A52478040426D878400F9F
:106FE00025904000855E400F780404262528400047
:106FF00025204002DE66400F780406268800268E93
:10700000019D053C1C19A52478040426D878400F5E
:1070100025984000855E400F7804042686BF123C08
:107020002520600278040626DE66400F25284000F1
:107030002001468E019D053C2819A5244003C67CED
:1070400078040426D878400F25984000855E400FCC
:10705000780404262528400025206002DE66400FC3
:10706000780406262002468E019D053C3819A52489
:10707000C003C67C78040426D878400F25984000C9
:10708000855E400F780404262528400025206002F4
:10709000DE66400F780406262003468E019D053CDF
:1070A0004819A5244001C67C78040426D878400FEE
:1070B00025984000855E400F78040426252840006E
:1070C00025206002DE66400F780406268C00268E9E
:1070D000019D053C5419A52478040426D878400F56
:1070E00025904000855E400F780404262528400046
:1070F00025204002DE66400F780406269000268E8A
:10710000019D053C7019A52478040426D878400F09
:1071100025904000855E400F780404262528400015
:1071200025204002DE66400F780406269400268E55
:10713000019D053C8819A52478040426D878400FC1
:1071400025904000855E400F7804042625284000E5
:1071500025204002DE66400F780406267C00278E3C
:107160007800268E019D053C9419A52478040426F8
:10717000D878400F25904000855E400F78040426A3
:107180002528400025204002DE66400F78040626B0
:107190003400278E3000268E019D053CB019A524B1
:1071A00078040426D878400F25904000855E400F73
:1071B000780404262528400025204002DE66400F82
:1071C00078040626C400278EC000268E019D053C4B
:1071D000C819A52478040426D878400F25904000CB
:1071E000855E400F780404262528400025204002B3
:1071F000DE66400F78040626BC00278EB800268E77
:10720000019D053CD819A52478040426D878400FA0
:1072100025904000855E400F780404262528400014
:1072200025204002DE66400F78040626CC00278E1B
:10723000C800268E019D053CE819A5247804042683
:10724000D878400F25904000855E400F78040426D2
:107250002528400025204002DE66400F78040626DF
:10726000D400278ED000268E019D053CFC19A52454
:1072700078040426D878400F25904000855E400FA2
:10728000780404262528400025204002DE66400FB1
:10729000780406260080063C019D053CB805C624FE
:1072A0000C1AA52478040426D878400F25904000B5
:1072B000855E400F780404262528400025204002E2
:1072C000DE66400F780406260080063C019D053CE2
:1072D000D805C624181AA52478040426D878400FA7
:1072E00025904000855E400F780404262528400044
:1072F00025204002DE66400F780406269800268E80
:10730000019D053C241AA52478040426D878400F52
:1073100025904000855E400F780404262528400013
:1073200025204002DE66400F780406264C00268E9B
:10733000019D053C341AA52478040426D878400F12
:1073400025904000855E400F7804042625284000E3
:1073500025204002DE66400F780406266800268E4F
:107360006C00278E019D053C441AA5247804042650
:10737000D878400F25904000855E400F78040426A1
:107380002528400078040626DE66400F25204002AE
:10739000259840009C00228E1D004014019D053C54
:1073A000A400268E901AA524D878400F78040426CD
:1073B000855E400F780404262528400078040626C0
:1073C000DE66400F25206002A000268E019D053C50
:1073D0005C1AA52478040426D878400F2590400034
:1073E000855E400F78040426780406262520400296
:1073F0002400BF8F2000B38F1C00B28F1800B18F04
:107400001400B08F25284000DE66400B2800BD2701
:10741000019D023C781A438C781A42247804122683
:107420000400448C030043AA780403BA0800438C88
:10743000070044AA040044BA0C00448C0B0043AA81
:10744000080043BA1000438C0F0044AA1400459072
:107450000C0044BA130043AA100043BA140045A21A
:10746000150043901600429025304002252060020E
:1074700016000524150043A2DE66400F160042A246
:10748000A400268E019D053C901AA52425204002CB
:10749000D878400F25984000C5FF0010000000007C
:1074A0006E78400F780404260800268E0C00278E84
:1074B000019D053CEC17A524D878400F78040426DC
:1074C0006E78400F780404261000268E1400278E54
:1074D000019D053C0018A524D878400F78040426A7
:1074E0006E78400F780404261800268E1C00278E24
:1074F000019D053C1C18A524D878400F780404266B
:107500006E78400F780404262000268E2400278EF3
:10751000019D053C3018A524D878400F7804042636
:107520006E78400F780404262800268E2C00278EC3
:10753000019D053C4018A524D878400F7804042606
:107540006E78400F780404263800268E3C00278E83
:10755000019D053C5818A524D878400F78040426CE
:107560006E78400F780404264400278E4000268E53
:10757000019D053C6C18A524D878400F780404269A
:107580006E78400F780404264800268E019D053C45
:107590008418A524D878400F780404266E78400F0C
:1075A000780404265000268E5400278E019D053C49
:1075B000A418A524D878400F780404266E78400FCC
:1075C000780404265800268E5C00278E019D053C19
:1075D000B818A524D878400F780404266E78400F98
:1075E000780404266400278E6000268E019D053CE9
:1075F000CC18A524D878400F780404266E78400F64
:10760000780404267000268E019D053CDC18A52414
:10761000D878400F780404266E78400F780404264A
:107620008000268E019D053CF018A524D878400FD7
:10763000780404266E78400F780404268400268E91
:10764000019D053C0019A524D878400F7804042634
:107650006E78400F78040426B400278EB000268E82
:10766000019D053C0C19A524D878400F7804042608
:107670006E78400F780404268800268E019D053C14
:107680001C19A524D878400F7804042686BF123C24
:107690006E78400F780404262001468E019D053C3B
:1076A0002819A5244003C67CD878400F7804042606
:1076B0006E78400F780404262002468E019D053C1A
:1076C0003819A524C003C67CD878400F7804042656
:1076D0006E78400F780404262003468E019D053CF9
:1076E0004819A5244001C67CD878400F78040426A8
:1076F0006E78400F780404268C00268E019D053C90
:107700005419A524D878400F780404266E78400FC9
:10771000780404269000268E019D053C7019A5244E
:10772000D878400F780404266E78400F7804042639
:107730009400268E019D053C8819A524D878400F19
:10774000780404266E78400F780404267800268E8C
:107750007C00278E019D053C9419A524D878400F04
:10776000780404266E78400F780404263000268EB4
:107770003400278E019D053CB019A524D878400F10
:10778000780404266E78400F78040426C000268E04
:10779000C400278E019D053CC819A524D878400F48
:1077A000780404266E78400F78040426B800268EEC
:1077B000BC00278E019D053CD819A524D878400F20
:1077C000780404266E78400F78040426C800268EBC
:1077D000CC00278E019D053CE819A524D878400FE0
:1077E000780404266E78400F78040426D400278E8F
:1077F000D000268E019D053CFC19A524D878400FA9
:10780000780404266E78400F780404260080063C35
:10781000019D053CB805C6240C1AA524D878400F54
:10782000780404266E78400F780404260080063C15
:10783000019D053CD805C624181AA524D878400F08
:10784000780404266E78400F780404269800268E6B
:10785000019D053C241AA524D878400F78040426FD
:107860006E78400F780404264C00268E019D053C5E
:10787000341AA524D878400F780404266E78400F77
:10788000780404266800268E6C00278E019D053C36
:10789000441AA524D878400F780404266E78400F47
:1078A000780404269C00228E15004014019D023CA1
:1078B000A400268E019D053C901AA524D878400F7F
:1078C000780404266E78400F78040426A000268EE3
:1078D000019D053C78040426D878400F5C1AA52445
:1078E000780404262400BF8F2000B38F1C00B28FC1
:1078F0001800B18F1400B08F6E78400B2800BD27A0
:10790000781A438C781A4224780412260400448C96
:10791000030043AA780403BA0800438C070044AA72
:10792000040044BA0C00448C0B0043AA080043BA7C
:107930001000438C0F0044AA140045900C0044BA78
:10794000130043AA100043BA140045A21500439047
:107950001600429025204002150043A26E78400F89
:10796000160042A2A400268E019D053C901AA52473
:10797000D878400F25204002D2FF00100000000000
:1079800040FFBD278400BFAF6400B1AF6000B0AF5F
:107990008000BEAF86BF103C7C00B7AF7800B6AFAA
:1079A0007400B5AF7000B4AF6C00B3AF6800B2AF95
:1079B000B000BEF7A800BCF7A000BAF79800B8F76F
:1079C0009000B6F7F279400F8800B4F7DD6D400FF4
:1079D000252000003001029601000324029D043C92
:1079E0000400627C300102A61001029625280000E6
:1079F00030DC84240400027C100102A6627A400F6D
:107A00000080113C547A400F00000000407A400F83
:107A100000000000019D043C21000524AD64400FDE
:107A2000543884245879400F00000000019D043C24
:107A300019000524AD64400F783884245C75400F2C
:107A400000000000019D043C1F000524AD64400FB0
:107A5000943884247E74400F00000000019D043C93
:107A600017000524AD64400FB43884248004400F0F
:107A7000000000005167400F00000000019D043C21
:107A800015000524AD64400FCC3884246F75400F79
:107A900000000000019D043C11000524AD64400F6E
:107AA000E4388424F279400F00000000E048400FE1
:107AB00000000000F279400F00000000019D043C2E
:107AC00015000524AD64400FF8388424006080441C
:107AD0000060E0447E72400F4800B1AFB078400FC4
:107AE00002000424C17A400F00000000019D043C04
:107AF0001C000524AD64400F103984249872400F97
:107B000000000000019D053C253040003039A524CF
:107B1000D878400F78042426855E400F7804242608
:107B200025284000AD64400F780424262001028EF1
:107B30000003427C96024050019D043CE472400FD9
:107B400000000000019D043C15000524AD64400FB9
:107B50005C398424019D043C1F000524AD64400F62
:107B6000A4398424415B400F019D113C7262400F97
:107B70000080133C4800B28F019D053C2530400039
:107B8000C439A524D878400F78044426855E400F78
:107B90007804442625284000AD64400F780444262C
:107BA0007262400FE0047326019D043C2800052406
:107BB000EC398424AD64400F25F04000019D043C65
:107BC0000C000524AD64400F183A84240B000524F2
:107BD000AD64400F283A2426019D043C040005248E
:107BE000AD64400F343A84245474400F0000000008
:107BF000019D043CA875400F3C3A8424019D043C3F
:107C0000A875400F4C3A8424A875400F283A2426C2
:107C1000019D043CA875400F543A8424019D043C06
:107C2000A875400F643A84244C00668E019D053C83
:107C3000743AA524D878400F78044426A875400FDC
:107C400078044426A400628E56024014019D043C30
:107C50005474400F00000000029D023C40E55CD4DB
:107C6000029D023C48E55AD4029D023C58E554D49A
:107C7000029D023C50E540D4019D023C4C00A2AF65
:107C8000019D023C5800A2AF1881828FA0829727E5
:107C90005000A0F786D5204606E62046108180AF2A
:107CA0002590000025A8000025B00000180040180D
:107CB0000800F7261881828F03004228FF00401039
:107CC000000000004278400F00000000667A400F7C
:107CD00025884000821002002B1022020B01401068
:107CE0001100022405004212010005242000A427EF
:107CF0002000A2A3AD64400F11001224080002244A
:107D0000340102AE1881828FEAFF401C000000009F
:107D100008000224380102AE1881828F1081838FFF
:107D20002A10430003004010000000001881828FD9
:107D3000108182AFF279400F000000001881828F1D
:107D4000088183978082868F0A004224188182AF3F
:107D50002004028EFFFF6324400042302D014014B6
:107D6000088183A73F74400F06C3204600F080447B
:107D70000481848F00F0E044010002243CF7204697
:107D800002000324188080F701101C002D018310CD
:107D9000248082AFEC79400F0200042400F84324D1
:107DA00000008344508282A72100804602003446AE
:107DB00006032046AE65400F088280F7B078400F7A
:107DC000020004248800638E01000224E500621092
:107DD0005080848FC77A400F6882848FE1004054BE
:107DE0005080848F2480828F030040102520000063
:107DF0005080848F2B2004004976400F0000000043
:107E00002480838F03006010251000005080828F33
:107E10002B100200300103960D000424608280AF15
:107E20000400437C2080828F300103A6648280AFEF
:107E30007000638ED800441008828CD7010004249F
:107E40002D0144142800ACF701000424D60064106E
:107E500060828CF78400638E2800ACF762016014A6
:107E60000000000002000424360144108000638EEC
:107E7000010004242D0164102C00A38F04000324AE
:107E8000020043142800A0D7608280F7A0829427C4
:107E90002800A0D70000868E2800ACD78C829127BE
:107EA000388280F73F74400F208280F70000268ED2
:107EB00020828CD7388280F73F74400F04009426CC
:107EC000040031260E009712208280F7388280D776
:107ED0000000868E040094262800A0F72800ACD766
:107EE0003F74400F04003126FCFF268E20828CD781
:107EF0003F74400F388280F7F4FF9716208280F796
:107F0000B081848F3882828F2B0180103C82838FD6
:107F10002080848F05000524F400851006000524C8
:107F200002008514208280D7608280F73000A2AFE3
:107F300000F0627C3400A2AF8482868F3F74400FD1
:107F40003000ACD72082828FA882868F488280F74B
:107F50003800A2AF2482828F00F0427C3C00A2AFA6
:107F60003F74400F3800ACD79400638E86032046E0
:107F700018016014308280F7108280AF148280AFC5
:107F80002080838F07000424D6006410488280D7A5
:107F9000080004240100645060828EF701002E4620
:107FA0008882868F000063440000024400F0647CF5
:107FB0004000A2AF4400A4AF4000ACD7188282AF0B
:107FC0003F74400F1C8283AF0C81828F05004018E4
:107FD000408280F72880828F2A10C2021801401048
:107FE0000100D6262080828F09000324BA004310A6
:107FF0000B000324B6004350108280D70C000324EA
:108000006F014314188280D7108282D70100224664
:10801000608280F72001028E1B77400F0000000075
:1080200020000224588280F7380102AE2001028E1F
:1080300000014230F2004014408280D7380061D6FF
:1080400010000224340102AE3C092046CE00044553
:108050006C80828F108282D7188280D701002246DE
:10806000001080440010E0443E1220460F010845F5
:108070002000022401000424380402AE6044400FB2
:1080800000000000C536400F000000002548400FEA
:1080900040828CD72080838F0A000224B4006210B3
:1080A00058828CD77E72400F60828CD71881828F65
:1080B0000300422803FF401400000000AB69400F9A
:1080C0000000000008818287640040180481828FCC
:1080D0003B0040101500023CA0034224F9FEC217E9
:1080E00000000000FD76400F000000004278400FC5
:1080F00000000000667A400F2588400082100200D0
:108100002B102202F7FE4014110002244278400F87
:1081100000000000667A400F2588400040180200E9
:1081200021106200821002002B105100F4FE40105A
:108130000800022413000224F1FE42520800022427
:10814000010005242000A427AD64400F2000A2A355
:108150000800022413001224340102AEE9FE0010CC
:10816000000000004976400F2B20040030010296E9
:108170005080838F0D000424608280AF0400627CF5
:10818000300102A62080828F648280AF7000638EEF
:108190002AFF441408828CD7188080D70100042459
:1081A0002CFF6414608280F73F74400FAC82868F8E
:1081B0002800A0F72080828F51000010088280F7ED
:1081C0004278400F00000000C3FF40101500023C41
:1081D00001000524AD6A400F2100A4272100A583DA
:1081E0001815400F252000009800628EE2004054D0
:1081F0002100A2934800B18F855E400F78042426A9
:1082000025284000AD64400F78042426B2FF0010FA
:108210001500023C3F74400F06B3204600F0804436
:108220000481848F00F0E044010002243CF72046E2
:1082300002000324188080F701101C00D5FE83146F
:10824000248082AF4278400F000000009D0040145F
:1082500001000524DBFE001008829EF77858400FCD
:1082600000000000E674400F00000000F671400FAF
:10827000000000005C56400F000000002001028E4C
:108280000002427C0E0055100481828F2001038E73
:10829000B081828F0002637CAD00401025A8600091
:1082A0000400A0160481828F4C8180AF488180AF8A
:1082B0000481828F01000324980043100000000015
:1082C000088183970A00632481FF0010088183A737
:1082D00050FF0010608280F7188280D74DFF001099
:1082E000608280F72DFF0010608280F7608282AF8D
:1082F0000EFF0010648283AFABFF6410000000002B
:1083000003000424D5FE44148400638E2800A0D703
:1083100035006014608280F78000648E01000324C1
:10832000DBFE8314A08294272C00A38F06E0204656
:108330000000632813D023462800A0F7CFFE0010CA
:10834000088280F72800A0D701000424CFFE64141F
:10835000608280F72C00A38F06E02046000063288F
:1083600013D023462800A0F7C4FE0010088280F72F
:10837000408080D7026320467E72400F60828CF777
:108380004AFF0010000000000100033CC0D4633429
:10839000FFFF42242B10430026004010200002243F
:1083A0005080828F2300401420000224340402AE47
:1083B00034FF001000000000006082448603204665
:1083C0003461400F0060E3443882828FD0FE001099
:1083D0003C82838FFE6B400F48828CD7108280F7DF
:1083E000E7FE001030828ED72B6C400F2800ACD7F0
:1083F0002800A0F72080828F9AFE0010088280F764
:108400006882848F20001124380411AEC77A400F8F
:1084100000000000390040105080828F330040106F
:1084200010000224380411AE380102AE15FF00100E
:1084300000000000380402AE12FF0010000000002F
:108440004800B18F4C00A28F1800A0F7308280D76F
:108450004882868F4C82878FA43A45241000A0F76B
:10846000D878400F78042426855E400F78042426AF
:1084700025284000AD64400F780424260C81968F97
:10848000FFFFD6263600C0120C8196AFD5FE001035
:1084900025B00000010005242000A427AD64400F92
:1084A0002000A2A386FF00100481828F25200000F7
:1084B000340402AE6044400F00000000F1FE0010E2
:1084C00000000000AD6A400F2100A4272100A29304
:1084D0005000A1D781FF4224000082442100804641
:1084E0000200214637FE0010088280F7340411AEE6
:1084F000380102AEE3FE0010000000002004048EEC
:10850000400084386044400F8001847C10000224C5
:10851000380102AEDBFE0010000000002001028ED8
:1085200000014230DBFF4050040002241C7A400F5F
:108530006882848F02000224010005242000A42701
:10854000AD64400F2000A2A35DFF00100481828F64
:108550005474400F0000000051FF001000000000A4
:108560005800A28F03000524AD64400FB43A4424A0
:108570009DFE00102080828F010005242000A4278A
:10858000AD64400F2000A2A31BFF00104800B18F74
:108590002E000524AD64400F743984246EFD001054
:1085A000019D043C1D000524AD64400F843A8424E1
:1085B000195A400F00000000A5FD00100000000047
:1085C0002001038E8C00648E0002637C25186400F9
:1085D00091FE60140A0003248FFE4314200002243D
:1085E000340102AE91FE00100000000088FDBD279E
:1085F0002C02B3AF2802B2AF2402B1AF2510A00005
:108600004402BFAF4002BEAF3C02B7AF3802B6AFC4
:108610003402B5AF3002B4AF2002B0AF6802BCF78D
:108620006002BAF75802B8F75002B6F74802B4F73A
:10863000258880002598C0002590E00025280000AE
:1086400030000324420043102E000324640043142E
:10865000251800003C00228E4C00238E2B1843006E
:1086600048006010010043243C0023AE000042900B
:1086700025A0000025A80000300003244600431078
:10868000010003241000A0AF25F0000025B8000071
:10869000253800002580000025B00000D0FF4424CC
:1086A0000A00882C510000552E0008242E000424B6
:1086B00050004410000000000AA0E3020AA8E300F2
:1086C0007F02A01020004334650004249E0264143D
:1086D000252020028C02A58F8D4B400F1002A7AFE2
:1086E0000E0040141002A78F0080043C0C0064545C
:1086F000211082028C02A38F7E02601025280000C8
:108700004C00248E05008010251800003C00238EAC
:10871000FFFF63243C0023AE251840002110820295
:108720002B20540021A8A30225A0400021A89500D9
:108730008802A0C71000A48F65008014210680461F
:10874000000080440000E0446E0200100200384641
:108750003C00228E4C00238E2B1843000500601035
:10876000010043243C0023AE00004290B4FF0010FF
:1087700001000524586C400F25202002B0FF001096
:108780000100052425202002586C400F1002A5AFDF
:10879000B7FF00101002A58F3C00228E4C00238EE4
:1087A0002B1843000A006010010043243C0023AE54
:1087B00000004290FFFF84262B189400FFFFB5268F
:1087C00025A0800021A87500ABFF00100100052442
:1087D000586C400F25202002F7FF0010FFFF842671
:1087E00025A00000A7FF001025A800000D004814D8
:1087F0000100E826340060140100032425A0E002F3
:1088000025A8E0003C00228E4C00248E2B20440042
:1088100024008010010044243C0024AE9FFF00107F
:10882000000042902B48170125B800017D00082A5E
:108830001500001121382701300042380BF0E20208
:108840000700C012801010001000A5272128A200E8
:108850000000A58C0A000824023005712120C40004
:108860001000A5272110A200000044AC0100D6266C
:1088700009000224E3FFC2160100052401001026AE
:10888000E0FF001025B0000030000424DDFF44109C
:108890000002A28F5C041E2401004234D9FF0010A4
:1088A0000002A2AF252020021802A7AF1402A3AF36
:1088B000586C400F1002A5AF1802A78F1402A38FA7
:1088C00076FF00101002A58F7DFF00102E000224FD
:1088D0001300F416C21712001200F51421105200F2
:1088E0000F00A01EC21712000300A0160A00822E5D
:1088F0000B004010C21712001F00622A0300401034
:108900000610640206004014C217120000008444DE
:10891000251800000000E3448BFF00102100A04652
:10892000211052004310020023100200C31F020056
:108930002A207500050080540080023C0900A3161F
:108940002B105400070040100080023C220003243A
:10895000A86C43AC029D023C18CD40D47AFF0010B5
:1089600002C6204696FF4226C31F02002A20A30209
:10897000050080540080023C080075142B10820210
:10898000060040100080023C22000324A86C43AC87
:10899000029D023CF1FF001020CD40D40800C0121F
:1089A000801010001000A327211062000A00042488
:1089B0000900C32A1E0060540000438C01001026E9
:1089C0000900C22B3700401025B880022AF09E0211
:1089D0003400C0171200822A32004010090002241D
:1089E000CAFF82121000A48F0900822A14004010CE
:1089F00000008444251800000000E344080002241D
:108A000023A054002100A046029D023C02003846EB
:108A10001CE2422480A0140021A082020000828E69
:108A200000088244210E8046B6010010030038463B
:108A30000100D62602186470DDFF0010000043AC70
:108A4000F7FF8226801802002310430021105300F4
:108A50001F00432803006010061044001200401459
:108A6000FFFF0326F6FF9426029D023C1CE24224EF
:108A700080A0140021A082020000828E2518000030
:108A800000008244A1008046000084440000E344CA
:108A90002100A046020038469A010010021020462C
:108AA00025806000FFFF0326801003001000A4272C
:108AB000211082000000428CF9FF401009001124AF
:108AC0001A009102F4012002108800001C002012FC
:108AD00089000B3C010082060900312608000224AF
:108AE00023105100029D033C1CE26324801002000D
:108AF000211043000000468C9A3B073C1000A5273C
:108B000025180000254000002520000000CAE73499
:108B1000530090540000A28C0500601080101000DB
:108B20001000A42721108200000043AC0100102691
:108B300023B8F1020900F7262588000189000B3CC3
:108B40009A3B143C9A3B0C3C25B0000012000D24CB
:108B50005F706B2500CA943625A8000001CA8C35C9
:108B60001200E22A51004014FFFF1E260700ED16F6
:108B7000801011001000A327211062000000428C19
:108B80002B104B004A0040147F00DE338900043C68
:108B90002F0F053C9A3B063C120008245F7084248A
:108BA000000AA524010007240900092400CAC634CC
:108BB000120030121000A327801011002110620053
:108BC0000000428C2B1844000C00601400000000D0
:108BD0000C004414010022267F00423007000212DC
:108BE000801002001000A327211062000000428CB8
:108BF0002B104500040040101C00E32A9300E812EB
:108C0000000000001C00E32A251020010B10E300E7
:108C1000047047002518400007784600FFFFCE2566
:108C200025102002255000006E0050548060020084
:108C300009004011010002267F0042307B005150A4
:108C4000FFFF0226808010001000AB2721807001FA
:108C500000000AAE25804000D5FF001021B0C302FD
:108C6000010089241B004600F401C000121000001E
:108C70002110430005008814105000000300401428
:108C8000000000007F002831F7FFF7261A00E600F9
:108C9000F401C0000000A2AC252020010400A5249E
:108CA000121000009AFF001002184A707F00DE3395
:108CB0002548000080501E001000A22721104A0005
:108CC0000000488CC21008004047080021700901CC
:108CD0002B40C80121400201030000152B10CC01DC
:108CE000240040142510C0012520C00125280001C2
:108CF000253080022538A0021C02AAAF1802AEAFB0
:108D0000473F400F1402A8AF1802AE8F1402A88F7D
:108D1000253080022538A0022520C0012528000129
:108D20003640400F1002A2AF8900033C1002A98F09
:108D30001C02AA8F5F706B349A3B033C12000D2417
:108D400001CA6C341000A32721506A00FFFF0326DC
:108D50007F00633009007E14000042AD0900D1534A
:108D6000251820020A80C203FFFFDE27D1FF001072
:108D70007F00DE33F3FF001025480000FBFFD157D2
:108D8000FFFFDE2776FF2051E3FFD626FFFF3126C7
:108D90007F0031320C001116FFFF62247F00423049
:108DA0001000A427801002008028030021108200F8
:108DB000212885000000A58C0000448C25806000DF
:108DC00025208500000044AC801011001000A3276E
:108DD000211062000900F726000049AC60FF001076
:108DE000E3FFD6261000AB2721586C0100006B8DE5
:108DF00006686B002150AA010500511401004D24A2
:108E0000040040551000A2277F00B131F7FFF7267C
:108E10001000A22721604C0000008AAD2450CB0135
:108E200002504F7180FF00107F00A2317F0042305E
:108E30001000AA27801002002110420100004A8C75
:108E400001004A3584FF001000004AAC07003016CC
:108E5000010024267F009030FFFF022680100200D0
:108E60001000A32721106200000040AC1000A227D0
:108E700080281100212845000000A28C2518000040
:108E800000B080440000824400B0E0440000E344AD
:108E90007F0082302105A0460800021600A5364654
:108EA000010010267F001032FFFF03268018030008
:108EB0001000A42721188300000060AC801002007D
:108EC0001000A327211062000000448C2528000018
:108ED000029D023C0000844428CD42D40000E544B9
:108EE0003500D5262100A04621A5024C23A0B202C0
:108EF0002A1093026300401002C5344664008006C5
:108F000001001E2425B8800200D080443500E22AEA
:108F100000D0E0441500401006D72046029D023CD8
:108F200030CD5CD4690006242330D7009D6F400FFC
:108F300006E3204606032046CA79400F86A3204652
:108F400006E32046350006242330D7009D6F400FEE
:108F50008606204686032046D879400F06A3204681
:108F600001A520460607204600D5344602002226E9
:108F70007F0042301D0050101000A3278010020017
:108F8000211062000000438CCD1D023C006542248C
:108F90002B206200400080100000000004006014DC
:108FA000030031267F0031320500301235000224E3
:108FB000029D023C38CD40D421C7804F35000224A9
:108FC000231057000200422808004014029D023C72
:108FD00030CD58D406E32046D879400F86C32046CA
:108FE000320036460100034500E738462390120060
:108FF00000A53C4623985302FFFF622600F0B57E91
:109000002AA8A2021A00A01681A63A46D179400FDA
:1090100006D32046029D023C50CD42D43E1120464C
:10902000090004453400C2260200C01326A097029E
:109030002BF01400029D023C48CD40D40100D626FE
:1090400082D620463400C226030073262A98530095
:10905000050060520080023C0500C01332E2364633
:10906000030009450080023C22000324A86C43ACA5
:1090700006D32046DF79400F2530C00222000010C1
:109080004402BF8F25B860029FFF001025F000004A
:10909000A2FF001025B80000040062500300312632
:1090A000029D023CC4FF001040CD40D47F0031320D
:1090B000FBFF3016029D023CBFFF001048CD40D49C
:1090C000090040040080023C4C00228E0400401045
:1090D000000000003C00228EFFFF42243C0022AE34
:1090E00093FDA0140080023C16000324A86C43AC3E
:1090F000252800008F78400F2520200200008044A2
:109100000000E0444402BF8F4002BE8F3C02B78F94
:109110003802B68F3402B58F3002B48F2C02B38F71
:109120002802B28F2402B18F2002B08F6802BCD710
:109130006002BAD75802B8D75002B6D74802B4D79F
:109140000800E0037802BD27DFFF41048802A0C7C2
:1091500079FD00101000A48F000080440300A22CB1
:10916000750240100000E044029D023C18E24224D7
:1091700080FFBD272110A2005400B7AF0000578028
:10918000029D023C4028050010E242242128A20052
:109190004800B4AF0000B4844400B3AF3800B0AFAF
:1091A0005C00BFAF5800BEAF5000B6AF4C00B5AFCB
:1091B0004000B2AF3C00B1AF7000B8F76800B6F73E
:1091C0006000B4F72598C000258080003C00028E26
:1091D0004C00038E2B18430036006010010043241E
:1091E0003C0003AE0000569020000224F7FFC2129C
:1091F000F7FFC2260500422CF4FF40142B00022486
:109200000500C212251000002D0002240B00C2161A
:1092100001001224020002240100122423904202C1
:109220004C00038E3C00028E2B184300250060107A
:10923000010043243C0003AE00005690029D153C03
:109240002588000018EAB5262118B10200006380C5
:109250002000C2361F004310030002240500221222
:109260000400222E4000401400000000E400605280
:109270004C00028E4C00038E0400601000000000C1
:109280003C00028EFFFF42243C0002AE1F00601231
:10929000030004241E002412FFFF0224FDFF6010BF
:1092A000FFFF31263C00028EFFFF4224F9FF001031
:1092B0003C0002AE586C400F25200002CAFF00108F
:1092C00025B04000586C400F25200002DBFF001045
:1092D00025B0400007000224090022520100312677
:1092E0003C00028E4C00038E2B1843001A006010C5
:1092F000010043243C0003AE0000569001003126DB
:1093000008000224D1FF22162118B102FFFF022417
:10931000FE014212029D023C68CD40D45C00BF8F2A
:109320005800BE8F5400B78F5000B68F4C00B58FD9
:109330004800B48F4400B38F4000B28F3C00B18F1F
:109340003800B08F7000B8D76800B6D76000B4D7C7
:109350000800E0038000BD27586C400F2520000264
:10936000E6FF001025B04000A4002016029D153C29
:1093700024EAB5262118B102000063802000C2361D
:1093800040004310020002249C00201630000224FA
:10939000D501C21625A8E0023C00028E4C00038EC7
:1093A0002B1843009C0060100000000001004324C3
:1093B0003C0003AE000042902000423478000424B8
:1093C000C40144144C00038E3C00028E2B18430051
:1093D00095006010010043243C0003AE0000429061
:1093E0002540000030000324930043102E00032486
:1093F0009E00431025F000002530000025380000B5
:1094000000B08044029D163C00B0E04430CDD8D678
:1094100006B5204625180000252800002548000034
:10942000D0FF4A240A00442DB600801420004434A2
:109430009FFF84240600842CB20080142E00042494
:10944000B300441000000000FB0000550AF0670064
:109450004C00028EB001401000000000EF006012CE
:109460003C00028E0200E054FDFF4224FEFF422435
:109470003C0002AE0000924421008046A7FF00108D
:109480000200344609002252010031263C00028EBF
:109490004C00038E2B184300100060100100432481
:1094A0003C0003AE00005690010031260300022468
:1094B000B1FF22162118B1023C00038E4C00028E2F
:1094C0002B1062000900405401006224586C400FC8
:1094D000252000020800001028004238586C400F78
:1094E00025200002F0FF001025B040003C0002AE35
:1094F00000006290280042382B1002000A00401041
:10950000010011244C00028E040040543C00028EE5
:10951000029D023C81FF001060CD40D4FFFF422439
:10952000FBFF00103C0002AE3C00028E4C00038E9C
:109530002B184300110060100000000001004324BC
:109540003C0003AE00004290D0FF43240A00632C8D
:1095500008006014251840004429037CBFFF6324E1
:109560001A00632C030060145F00032407004314F7
:1095700029000324ECFF001001003126586C400F35
:1095800025200002F1FF0010D0FF4324E1FF43102B
:10959000029D023C4C00038E04006010000000009D
:1095A0003C00028EFFFF42243C0002AE0F0060161A
:1095B000000000000080023C16000324A86C43ACAD
:1095C000252800008F78400F2520000200008044ED
:1095D00052FF00100000E04404006010FFFF31263D
:1095E0003C00028EFFFF42243C0002AEFAFF201630
:1095F000029D023C49FF001060CD40D44C00028E19
:10960000EDFF40100080023C3C00028EFFFF422430
:10961000E8FF00103C0002AE586C400F252000020D
:1096200066FF001020004234586C400F25200002D5
:109630006CFF0010254000003C00028E4C00038EA1
:109640002B18430005006010010043243C0003AECA
:109650000000429063FF001001000824586C400F86
:10966000252000025FFF0010010008243C00028E4C
:109670004C00038E2B1843000A00601001004324A5
:109680003C0003AE0000429025F0000025300000B1
:1096900030000324080043100100072459FF001084
:1096A00000B0804425200002586C400F1800A8AF7D
:1096B000F5FF00101800A88F3C00028E4C00038EAE
:1096C0002B1843000A006010010043243C0003AE45
:1096D00000004290FFFFC4272B189E00FFFFC62406
:1096E00025F0800021306600E9FF00100100082409
:1096F00025200002586C400F1800A6AFF5FF00109F
:109700001800A68F2E000424110044143A004428A7
:109710000501E014255060002558A0000100072431
:109720003C00028E4C00048E2B2044002A00801046
:10973000010044243C0004AE0000429025F060008B
:109740002530A0002518400135FF001025286001B4
:109750000200801420004234A9FF4A241600A01CF5
:10976000000000000300A0140800622C0A00401052
:109770000E00622C008911002188510101006A2429
:109780002B18430121586500010008242518C00347
:10979000E3FF00102528C00007004010029D023C96
:1097A00070CD40D402C6204600008A442100804685
:1097B000F2FF0010A105D84EF1FF401101006A240C
:1097C000EFFF2015029D023C48CD40D40100092442
:1097D000EBFF0010A1C5C04E252000023000ABAF4A
:1097E0002C00AAAF2800A5AF2400A3AF2000A8AF8B
:1097F0001C00A9AF586C400F1800A7AF3000AB8F0A
:109800002C00AA8F2800A58F2400A38F2000A88FEA
:109810001C00A98FC9FF00101800A78FFFFF42246A
:109820003C0002AE252800008F78400F2520000262
:1098300011FF0010000092440A30A7000600A05C4F
:10984000200042341600A0140800642C1500801477
:109850000100642420004234700003243A004314C1
:1098600025286002252000028D4B400F1800A6AF6E
:10987000140040141800A68F0080043C11006414EA
:10988000000000004FFF6012252800004C00038EEE
:10989000090060543C00038E0900001025100000F0
:1098A000010064242B3883000089110025188000F2
:1098B000E2FF00102128E500FFFF63243C0003AE17
:1098C00025180000EBFE2012F8FFC4272BF09E00A5
:1098D000FFFFC62421F0C603822F040080F01E0083
:1098E0008020040025F0BE00211082002B204400BF
:1098F0002118C3032328140021188300C32705005F
:109900002A388300258040000500E01425306000DF
:10991000140064142B28A2001300A01096FF8426C4
:109920000080023C22000324A86C43AC029D023C50
:109930000000924418CD42D4210080460200224605
:1099400076FE0010020022464C00028EDCFF4050E2
:10995000251000003C00028EFFFF4224CEFF0010C5
:109960003C0002AE96FF8426C32F04002A3865000F
:109970000500E0540080023C5200A3142B20440058
:10998000500080100080023C22000324000092441A
:10999000A86C43AC029D023C21008046E7FF00100A
:1099A00020CD42D43E003646440000454088110098
:1099B00001B122460100312680B52446FFFF04266E
:1099C0002B109000FFFFC32425808000213043002E
:1099D000F4FF2106200004262B10900021184600D9
:1099E00023289400C3171400231062002B20850045
:1099F000C33F170023104400000092442A18470078
:109A000005006014210680460700E2142BB8B70059
:109A10000600E0520000804423A014022000952696
:109A20000500A20625A80000000080443500A22AF7
:109A3000120040100000E04430CDCCD65400062483
:109A40009D6F400F2330D5000603204686C3204675
:109A5000CA79400F2000B52A0800A01232B134465E
:109A6000060005450100223205004014000891441B
:109A700000B080440100312600B0E0440008914469
:109A8000251800000008E344210BA0462163184C70
:109A900021C3964D016320463262344603000845D7
:109AA0000080023C22000324A86C43ACDF79400F05
:109AB000253000021AFE00105C00BF8FBFFF0010AF
:109AC00080B53646029D023C48CD40D4C0FF001010
:109AD00030CDC2D6050060501400B3AF3C00028EFA
:109AE000FFFF42243C0002AE1400B3AF1000B2AF3F
:109AF000253880022530E0022528C0027B21400F56
:109B00002520000206FE00105C00BF8F029D023C73
:109B100002FE001058CD40D457FE6056000092441B
:109B200041FF00102528000044FF00152E000224EC
:109B300048FE00104C00028E0800E0030000000008
:109B4000A8FFBD276000AEF72C00B2AF6400B28F53
:109B50006000A48F3800B5AF00F0557E2510A40238
:109B60004400BFAF4000B7AF3C00B6AF3400B4AF65
:109B70003000B3AF2800B1AF2400B0AF4800B4F755
:109B8000170240105800ACF75C00B68FF03F023C63
:109B90005800B78F2600C21600F0D37E1102E012E3
:109BA000029D023CF07F033C010062242A10A202C5
:109BB000280040105800A0D70300A3166000B08F03
:109BC000250080146000A1D76400B18F3800C10661
:109BD0005800B4D74043023C2A10A202540040105F
:109BE000F03F023C2A10A2020002401403151500A7
:109BF00001FC4324150062281A004014340002249A
:109C000023104300061844000410430004004414C9
:109C100025A00000010063300200142423A0830269
:109C20001B008010F03F023C5700001000000000B5
:109C3000F07F033C010062242A10620205004010FC
:109C40005800A0D7D9FF631601006224D8FFE05264
:109C50002A10A2026000A1D70000214627000010B0
:109C60001000A0F7470080141400022423104300C2
:109C700007185500041043000400A21625A0000098
:109C8000010063300200142423A08302F03F023C51
:109C90003000A2160040023C180041061000B4F744
:109CA000029D023CB09740D4ECFF00100300344604
:109CB00025A0000034008014F07F023CF3FFA216C0
:109CC00010C0023C2110620225105700C401401050
:109CD000F03F023C2A986202170060561000A0AFC5
:109CE00000008044000890440000E0440008F14473
:109CF0000000522A530032461000A1F74400BF8FE3
:109D00001000A0D74000B78F3C00B68F3800B58F49
:109D10003400B48F3000B38F2C00B28F2800B18F85
:109D20002400B08F4800B4D70800E0035800BD27D6
:109D3000E0FF001002001424F0FF41061400A0AF61
:109D40000080023C261051001000B0AFEBFF001065
:109D50001400A2AF03004216E03F023CBFFF001018
:109D600002A0344608004216000000000600C006AB
:109D7000000000006F50400F06A32046DFFF0010D8
:109D80001000A0F725A00000347A400F06A320465B
:109D90002200E0161000A0F70400601200E8C27E66
:109DA000F03F033C1D004314000000000500410685
:109DB000029D023C1000A1D7B09740D40300214679
:109DC0001000A0F7CDFFC10610C0023C219862022E
:109DD00025987402070060161000A0D70080023C8E
:109DE0002100032401002046A86C43AC9BFF001017
:109DF0000300204601000224C0FF82161000A28F3B
:109E00001400A38F1800A2AF0080023C261043006C
:109E10001C00A2AF91FF00101800A0D72000C106BF
:109E2000029D023C060080160080023C01A53446DB
:109E300021000324A86C43AC88FF001003A0344623
:109E40000100022415008216029D023CB89754D4EA
:109E5000E041033C010063242A18A302BC00601403
:109E6000F07F023CF043023C010042242A10A2028F
:109E700011004014F03F023C2A9862020A0060126E
:109E8000000000000A004106029D023C029D023CC7
:109E9000C09740D471FF001002002046029D023C92
:109EA000EBFF0010B09754D4F8FF401E029D023C17
:109EB000F8FF0010C89740D4EF3F023CFFFF423448
:109EC0002A18620208006010020042240C004106B9
:109ED000029D023C029D023CC09740D402A5204650
:109EE0005EFF0010020034462A98620206006016E7
:109EF000029D023CF8FF401E029D023C029D023C76
:109F0000F6FF0010C89740D4B09740D41000A1D7F6
:109F1000029D023CD09746D401082046029D023C97
:109F2000E09744D4029D023CE89742D402012446C3
:109F3000029D023C8201264601112446F09742D43C
:109F4000029D023C02212046811024460201204647
:109F500082102446F89744D4029D023C8210244685
:109F6000D89744D4251000002900444C0020824496
:109F700040302046000865440020E5448121264603
:109F80000100264600089044251000000008F14416
:109F900000308244020021460030F2449040023CEE
:109FA000810826462110044C022126464000244602
:109FB00000086544000804442A18A200F300601455
:109FC0002538A0002310A20025104400C1FF401432
:109FD000029D023C00088444589842D40008E5449D
:109FE00080002246810924463C302246BAFF0145C2
:109FF000029D023CE03F033C00F0E27C0100632450
:10A000002A184300180060142530000003150200D0
:10A010001000053C02FC42240710450021104700B7
:10A020000055437C0098467C01FC64242518C5003B
:10A03000140006242330C4000200E1040730C300EA
:10A04000233006000F00033CFFFF63340718830032
:10A0500025200000271803000008844424286200FB
:10A060000008E544012121464020204625800000CB
:10A0700000309044029D023C00086344609842D442
:10A080000030E344029D023C0131244682302246E6
:10A090000025060001002446709844D4029D023C2D
:10A0A00082312446689844D4029D023C2100C44C6D
:10A0B00000112046822124468120224601002246AA
:10A0C000789842D4029D023C809848D4029D023C7C
:10A0D0002120004CA930024D889848D4029D023CB2
:10A0E000A110064D909848D4029D023CA910064D3F
:10A0F000989848D4029D023CA110064DA09848D4DF
:10A10000029D023C82102646812022468221224660
:10A11000811028468330224681102046B09740D4D3
:10A1200081102446010022461000A0F71400A28FDF
:10A130002120820003150400A600401C1000A58FFA
:10A140009D6F400F06032046C4FE001002003446F7
:10A1500024B0C2020800C01625100000029D023C77
:10A16000009840D41000A1D7CBFF0224020820465B
:10A170001000A0F71400B38F0325130001FC842402
:10A18000212082000300023C0098737E8F984234A5
:10A19000F03F063C2A106202253066020A00401495
:10A1A000253800000B00023C7AB642342A9862023D
:10A1B0000500601601000724F0FF023C0100842422
:10A1C0002130C200253800001000A58F029D023CFE
:10A1D000C8E0422400608544C02807008101A24CE9
:10A1E0000060E644029D023C00302C46B09748D403
:10A1F0008162264625400000034220464330060087
:10A20000803C0700025028460000634400000244DE
:10A21000000088440020083C2530C8000800083CA5
:10A220002130C80025400000002088442148C70094
:10A230000000E3440020E9440008824482002446F0
:10A24000012126460008E344029D063C0898C6D436
:10A2500001612446029D063C81522246022120468D
:10A260001098C2D4029D063C015124460222284681
:10A2700002092146A121464C1898C2D4029D063CF1
:10A28000A131444C2098C2D4029D063CA131444CDB
:10A290002898C2D4029D063CA131444C3098C2D4C7
:10A2A000029D063CA131444C8008204602212446F0
:10A2B000821028462131444C820020463898C6D46A
:10A2C0002530000080122646405024460050864427
:10A2D00000086944000882440050E9440008E3444F
:10A2E0008151264602002A46251000008130224670
:10A2F0000121224682402A46A120414C002082446E
:10A30000029D023C409846D4029D023C40002246F9
:10A3100000086744000884440020E744029D043C90
:10A320000120204682212646B8E084240102A44C64
:10A3300081102046509840D4029D023C2520000008
:10A3400002202046489844D4029D023CA8E04224C2
:10A350002110044C8100A24C00002246A108804636
:10A360000031204600212846402022460020844417
:10A37000000863440020E3448120224681102846DF
:10A3800081102646FFFE00100100224600F0A37C4B
:10A3900000CC42342A10620016FF40146F3F023C8A
:10A3A000003442242110A20025104400D4FE4014A1
:10A3B000029D023C000884440008E54481082446CC
:10A3C0003E0122460CFF0445E03F033CC3FE001063
:10A3D000C89740D400008544C1FE00100000E4444A
:10A3E000029D023C1DFE0010B09740D40CFE0010F0
:10A3F00025A0000068FDBD27ECFFC2287002BEAF9B
:10A400007402BFAF6C02B7AF6802B6AF6402B5AFFB
:10A410006002B4AF5C02B3AF5802B2AF5402B1AF46
:10A420005002B0AF8802B8F78002B6F77802B4F7EE
:10A4300025F0A0000600401425180000FDFFC324ED
:10A44000180002241A006200F401400012180000F3
:10A45000A802A28F019D083C887F08258010020079
:10A46000211048000000558CFFFFE824236068009D
:10A47000019D0B3C2168A8025001A92725108001ED
:10A48000807E6B2523504C002A50AA018700401182
:10A490001000B627C04807005001A22721484900F4
:10A4A0002560C002255800002A50AB0298004011D8
:10A4B00001007124E8FF09240210297280B81500F8
:10A4C0002598A00221884600029D063CE8E0D4D4ED
:10A4D000029D063CF0E0D6D4F001A22721B8570037
:10A4E000C03013000103D64C029D063CD8E0C2D414
:10A4F000029D063CE0E0C4D4F001B02725500002E4
:10A50000254860028700201D25302002A402A7AF45
:10A510009802A4AF4802A8AF9D6F400F4002A3AFBE
:10A5200002033446856C400F06062046020036467C
:10A530004002A38F4802A88F9802A48FA402A78F7D
:10A5400001C620460DC0204600001444210080466C
:10A550008100201A01C62046FFFF662680300600D3
:10A560002130C602E001D28C1800092423503101A9
:10A570000748520121A08902044849012390490259
:10A58000E001D2AC170006242330D1000790D2009E
:10A590002200405A00008044FF000B3C010094263A
:10A5A0002550000025480000FFFF6B3500010C3CE2
:10A5B0002A3053017600C014000000000500201A64
:10A5C00001000624810026120200062486002612BD
:10A5D000FFFF6626020006240F004616029D063C79
:10A5E00000E1CCD40C002011016638462530200251
:10A5F000A402A7AF9802A4AF4802A8AF9D6F400F76
:10A600004002A3AF01C62046A402A78F9802A48FE0
:10A610004802A88F4002A38F000080440000E0445D
:10A6200032C12046A6000445FFFF702625300002F7
:10A63000254800002A50D500700040518050060087
:10A64000950020512530E00280181000F001A2276B
:10A65000211843000000638C97006010E8FF31264A
:10A66000029D033C00E16CD49D6F400F2530200219
:10A67000029D043CD8E084D425180002AD0061049A
:10A6800025200002019D093CC5008004C030040063
:10A6900000008044407E28252130D6000000E044A0
:10A6A00025380000B4000010231804020000804484
:10A6B000060040040000E0448050020021506A017E
:10A6C00000004A8D00008A4421008046000020F5E9
:10A6D000010042246BFF001008002925C0700A0009
:10A6E0008100C44D0000A1D501004A252110014C74
:10A6F0002A700A01F9FFC011F8FFAD25000080F5AE
:10A7000001006B2508008C2567FF00100800292533
:10A7100000008044256820010000E044F4FF0010A0
:10A720002550000002602246FFFF2925C0300900A5
:10A7300004004A250D00204621008046820124465F
:10A74000016326464D6020460103D64CFCFF41E5DF
:10A750006CFF001000032C4606002016FFFF662643
:10A76000803006002130C602E001D28C88FF001044
:10A77000C3951200029D063CF8E0C0D43E00384666
:10A78000A5FF00452590000083FF00100200122461
:10A790000A0020150000068E0500C05001004A2561
:10A7A00023308601000006AE0100062401004A2580
:10A7B000040010267EFF00102548C00023306601EB
:10A7C000000006AEF9FF001025302001FFFF6626CD
:10A7D000803006002130C602E001CA8C00B04A7DFC
:10A7E0007CFF0010E001CAAC803006002130C602B8
:10A7F000E001CA8CFAFF001000A84A7DF001A227F0
:10A8000021504A0000004A8DFFFFC62489FF001036
:10A8100025482A0101004A25FCFFC6240000C98CF6
:10A82000FCFF20115001A22721306702C030060032
:10A83000019D0B3C010069262130460021986A02E7
:10A84000807E6B252A50690225FF40152150690042
:10A8500080500A0021506A0100004A8D2560C00026
:10A8600000008A4425500000210080460000C0F40A
:10A87000000080440000E0442A680A010800A0119A
:10A88000C0680A00C05009000900564D0100292582
:10A89000ECFF00100800C624DFFF001001000A24AE
:10A8A000000081D58100A44D01004A25F8FF8C25C8
:10A8B000F1FF00102110014C63FF0010FFFF102674
:10A8C00006C320469D6F400F23301100029D033CBC
:10A8D000E0E064D43E2220461100084580181300B1
:10A8E000029D043CD8E082D4010070262120C302DE
:10A8F00082002246801810002118C3021800312659
:10A900004D102046A10880468210244601002246B0
:10A910000D002046E00180E451FF0010E00161E4F9
:10A920002120C3020D002046E00180E44CFF00100E
:10A930002580600280200300F001A227212044002E
:10A940000000848CC0300300FFFF632400088444AF
:10A95000A1088046821020460200244647FF0010CE
:10A960000910D64C0000C1D40100E72408000825D6
:10A970002110014C0800C6242A50A70203004015EC
:10A980002A506700F7FF4051000002D5C0180300AD
:10A990002118C302A00060F43BFF0010FFFF8424D5
:10A9A000A802A28F0300422815004010A802A28F1F
:10A9B0006A00405C25100002420040504002A0AFF7
:10A9C0007402BF8F070082327002BE8F6C02B78F95
:10A9D0006802B68F6402B58F6002B48F5C02B38FD9
:10A9E0005802B28F5402B18F5002B08F8802B8D78C
:10A9F0008002B6D77802B4D70800E0039802BD27DA
:10AA0000A802A38F03000224EDFF6214B000A82760
:10AA1000C01010002110020125184000252000025E
:10AA20005A00801CF8FF63242518000202006428E5
:10AA30005F008010F8FF4224253000002538000018
:10AA40000200022A63004010B000A48FB400A58F5A
:10AA5000B800A88FBC00A98F670040160000C4AFE3
:10AA60000400C5AF0800C8AF0C00C9AF1000C6AFE6
:10AA7000D3FF00101400C7AF4002A1D70100434C20
:10AA8000FFFF1026000820464002A0F7FAFF01064B
:10AA9000C0101000080040124002A28F4402A38F91
:10AAA0004802A2AF0080023C261043004C02A2AF35
:10AAB0004802A0D74002A0F74002A0D7C0FF001074
:10AAC0000000C0F74402A0AFF0FF0010B000A327C1
:10AAD0004002A1D70100644CFFFF42240008204639
:10AAE0004002A0F7FAFF4304C01802004002A28F00
:10AAF000050040124402A38F4402A58F4002A28F9A
:10AB00000080063C2618C500B000A0D74002A1D79F
:10AB10000000C2AF0400C3AF0100214601000624BB
:10AB200000000844000069442A3806020F00E010C3
:10AB300008008424060040120080023C26104900D0
:10AB40004002A8AF4402A2AF4002A88F4402A98FDE
:10AB50000800C8AF9AFF00100C00C9AF4002A0AFB8
:10AB60004402A0AFDFFF0010B000A4270008884413
:10AB7000000080D40008E9440100C62400082046F3
:10AB800000000844E8FF001000006944000060D4A1
:10AB9000080061D4FFFF8424800021460100224682
:10ABA000000062F4000021469DFF0010080060F4E0
:10ABB000000040D4080041D4FFFF632480002146F8
:10ABC00001002246000042F40000214697FF0010D9
:10ABD000080040F4C0101000000886440100484CF2
:10ABE0000008E744FFFF1026000820460000064446
:10ABF00093FF0010000067440080023C26184500C7
:10AC00000400C3AF26184900261047000800C8AF4B
:10AC10000C00C3AF1000C6AF69FF00101400C2AF34
:10AC200068FFBD27A400A7AF0000C0D41000A28C0D
:10AC30007800BEAF1800A0F7000080441800A1D72C
:10AC40000000E0446400B3AF3C0820466000B2AFAF
:10AC50005C00B1AF5800B0AF7C00BFAF7400B7AFBD
:10AC60007000B6AF6C00B5AF6800B4AF8800B6F73F
:10AC70008000B4F79800A4AF2588A0000000B28C33
:10AC80000400BE8C0800B38C4000A2AF0800014550
:10AC90000C00B08C040042323900401408005432D9
:10ACA0000F00801225B060020A000010200002246C
:10ACB0001800A28F1C00A38F2000A2AF0080023CCE
:10ACC000261043002400A2AF2000A1D72D000224AB
:10ACD0001800A1F7000002A2FFFF7626010014244D
:10ACE0001C00A28F1800A48F2118140200F0427CCF
:10ACF000270080142800A3AFF07F033C25004314F5
:10AD0000F07F053CA400A28FBFFF51241A00312E12
:10AD10001D002012029D053C029D053C38EAA52439
:10AD20004A59400F2800A48F855E400F252000025D
:10AD30009800A48F1000B2AF2538600225280002C9
:10AD40002E65400F253040007C00BF8F7800BE8FFD
:10AD50007400B78F7000B68F6C00B58F6800B48F29
:10AD60006400B38F6000B28F5C00B18F5800B08F69
:10AD70008800B6D78000B4D70800E0039800BD274C
:10AD8000D4FF00102B000224E5FF00103CEAA524AC
:10AD9000F07F053C0100A3242B1843000500605000
:10ADA000A400A28F0C0045141800A1D70A0080103F
:10ADB000A400A28FBFFF51241A00312E040020529C
:10ADC000029D053C029D053CD5FF001040EAA524EC
:10ADD000D3FF001044EAA524029D053C029D023CDD
:10ADE000320920462C00A2AF20E6B4D41F0004454F
:10ADF00025A80000A400A48FC379400F2000A5AFB0
:10AE00002014027C2000A58F3401C00767000424B1
:10AE10002900441425B840000100C05301001E243D
:10AE2000FCFFA42A030080142A20BE0225018014FE
:10AE3000000000002A0000106500172406052046C7
:10AE40000100B52602A022461800A1D73C0A2046E0
:10AE5000FAFF08452C00A38F029D043C251000003A
:10AE600030E680D40F00001028E662D4F5FF001011
:10AE700028E642D4D4FEA42A0800805003A5224626
:10AE8000050040141800A1D702A5204601000224A5
:10AE9000420820461800A1F703A52246FFFFB52669
:10AEA0001800A1D73C0B3446F2FF0D45A400A48F37
:10AEB000D1FF001000000000660004240800E41622
:10AEC0000100DE270300A1066700042420E6B4D4B5
:10AED00025A80000020044106600172421F0D503C5
:10AEE0001800A0D786A52046252800002000A0F73E
:10AEF0002000A0D74C00A5AF4800A2AF856C400F42
:10AF0000030336462000A28F0080073C4D002046F8
:10AF10003000A2AF2400A28F4400A1E786B32046F0
:10AF20002610E2003400A2AF3000A1D7060320466D
:10AF3000BB2C400F1000A1F700006D440080073CBF
:10AF40002610ED002400A2AF2C00A28F4C00A58F8C
:10AF500000000C4428E640D40100A5242000ACAF3A
:10AF600083B52046E2FFC5174800A28F029D043C2E
:10AF700038E68ED42000A0D782B32E463C042E465D
:10AF80005E00114532052E46050014454400A38F8E
:10AF9000000080440000E044010064309203244635
:10AFA0002C00A38F1800A0D728E676D400002E46E8
:10AFB00082A53646000004443EB62046520018459D
:10AFC00000006544660007245000E7160100B5261E
:10AFD0000100DE272548A00223183E011800A3AF78
:10AFE00025F0800225600000257800001800A38F5E
:10AFF000060069102568C00310002A8EFBFF4A2551
:10B000002B50CA0346004055000084440600E0155A
:10B01000100042320400401021680D022E0002246C
:10B020000100DE270000A2A121201E0265000224EB
:10B030002200E216000080A00300A10625280000DF
:10B0400023A81500010005244000A28FFEFFCC2696
:10B050000A000B24FFFF422421480202000020A125
:10B06000020009248600A016213089018400201DD9
:10B070002B0003242D0009240B182501252860002E
:10B0800021180202FFFF65A0A400A38FFEFF422447
:10B0900021280202BFFF71241A00312E450003242B
:10B0A0000BB871002A38C2030000B7A00300E010FB
:10B0B000FEFFD6244A59400F000000000300423230
:10B0C0000200032418FF43140000000016FFC01AFA
:10B0D00000000000855E400F252000022A18540061
:10B0E000710060102530C0022800A48FEC78400F5A
:10B0F000300005240CFF00102598000000708044EB
:10B10000A7FF00100070E04486A520466500E93ADC
:10B110002518A0020A180900AFFF0010254860009A
:10B120005000A2AF0000E5444C00ACAF030336462C
:10B130004800AFAF4400A9AF3000ADAF2000A4AFCE
:10B14000856C400F2400A5AF4D00204600080A443E
:10B1500009000E240A0058290A50D80110004E3266
:10B160002570CA012000A48F2400A58F3000AD8F68
:10B170004400A98F4800AF8F4C00AC8F0B00C01566
:10B180005000A28F67000E2408004E14000000003B
:10B190001D00200501008E252568C00321C01E0268
:10B1A000257080010F00001030001924FBFFE055CE
:10B1B0002568C003F9FF23052568C00321680D0237
:10B1C0002E000E240100DE27FFFFD6260000AEA1D0
:10B1D000F1FF001001000F24000019A3FFFFCE258E
:10B1E00001001827FCFFC015FFFFC62621680D02CD
:10B1F0000100C7272168AC0130004A2523B0CC00EC
:10B2000021F0EC000000AAA100800A3C4C00A2AF93
:10B21000261045013800A4AF3C00A2AF3800A1D7EA
:10B2200086B32046060320461000A1F74800AEAFC3
:10B230004400AFAF3000A9AF2000A4AFBB2C400F3B
:10B240002400A5AF2C00A28F00000C4400006D4428
:10B250003000A98F28E640D44800AE8F00800A3C19
:10B260002520800126284D0183B52046FFFF292592
:10B270002560C0014C00A28F5CFF00104400AF8F1E
:10B280001A00AB02F4016001FFFF422421300202E8
:10B29000FFFF29251050000030004A250000CAA0F9
:10B2A00070FF001012A80000211802020000648044
:10B2B0002118C20221180302000064A087FF0010B9
:10B2C000FFFF422403FFA10667000424FAFE0010DA
:10B2D00066001724D2FE001006001E24D0FE441083
:10B2E00006001E24F4FE001025B8400068FFBD27AC
:10B2F00000600644006067443000A4279800ACF763
:10B300008400BFAF6000B0AF8800B4F7A000AEF714
:10B31000A800B4D78000BEAF7C00B7AF7800B6AF4E
:10B320007400B5AF7000B4AF6C00B3AF6800B2AFDB
:10B330007A6F400F6400B1AFA000AED72000A42701
:10B34000007006447A6F400F0070674400A0064406
:10B3500000A067447A6F400F1000A4273800B08F18
:10B36000A000AED7CB03022A050040109800ACD74E
:10B370002800A68FCB03C228030040141800A28F18
:10B380000600001021658E4ECB0343281100601487
:10B39000CB0303240100435421658E4E8400BF8FEC
:10B3A00006A020468000BE8F7C00B78F7800B68F45
:10B3B0007400B58F7000B48F6C00B38F6800B28FCB
:10B3C0006400B18F6000B08F8800B4D70800E0033C
:10B3D0009800BD273000A88F2000AA8F2400A48FDA
:10B3E0003400AC8F19000A0121800602239050001E
:10B3F000127000004000AEAF4000B78F1078000020
:10B400004400AFAF4400A38F1900040112400000B4
:10B410001048000019008A011250000021B00A01F2
:10B420002B28C8021058000021502B012128AA0007
:10B43000190084012158C3022B206301126000000F
:10B44000212885012120A400106800002B50AC00A9
:10B4500021504D012B18850025888000A500401A39
:10B4600021506A004000432A1000A98F6D0060102F
:10B470001400A88F25202001252800012530400236
:10B480005400AAAF5000ABAFA000AEF79800ACF7E5
:10B490004C00A9AF7577400F4800A8AF4C00A98FAA
:10B4A0004800A88F400006242520200125280001FF
:10B4B0002330D200259840006677400F4000A3AFAC
:10B4C0004000A78F9800ACD7A000AED75000AB8F3C
:10B4D0005400AA8F25484000254060002C00A28F10
:10B4E0003C00B28F269042021C00A28FAC00521486
:10B4F00021F077022B18D30321B0EB0021B07600A6
:10B500002B10C70207004014010005240500F65463
:10B51000252800002B98D3030300601621A03101D9
:10B520002528000021A031012B10890221180A01D1
:10B5300021A0B400211843002B28850221A8A300D4
:10B54000252080024972400F2528A002FFFF5124C8
:10B55000400006242330D1002520C0036677400F29
:10B560002528C00225302002252080022528A0029F
:10B5700025B840007577400F2598600025302002DF
:10B580002520C0032528C00225B8E2027577400FA8
:10B5900025986302251043002B100200400010265E
:10B5A0002510E202252040000600401225286002F6
:10B5B000233002002B180600233813002520C0007A
:10B5C0002328E30000008444233011020000E544F6
:10B5D000C4FBC328CE0060102103A046C3FB032494
:10B5E000CF00C354802D1300AC004012029D033CD9
:10B5F00048E662D432102C46AB000045401D0200E4
:10B60000029D023C50E640D4029D023C58E654D4D0
:10B610000263204620632046216300465FFF00103E
:10B6200002653446C0FF5226C0FF50242598000012
:10B63000AAFF4012253800004000422A5000401066
:10B640005800AAAF4000A48F4000152423A8B202DE
:10B65000252860012530A0025400A7AF5000A8AFF4
:10B660004C00A9AFA000AEF79800ACF77577400F7B
:10B670004800ABAF4800AB8F4000A48F253040029C
:10B68000252860016677400F25B843005800AA8F2F
:10B69000252020022530A002252840012BB81700C4
:10B6A00025B0600025B8E2027577400F4800AAAFC8
:10B6B0004800AA8F2558C3022520200225284001D2
:10B6C000253040024000ABAF6677400F25B8E2025C
:10B6D00025884000255060004000AB8F9800ACD713
:10B6E000A000AED74C00A98F5000A88F7BFF0010A0
:10B6F0005400A78F23900202050040161000B38F5C
:10B700001400A78F2548000074FF0010254000009A
:10B710004000422A1F0040101000B48F1400B58F63
:10B72000400006242330D200252080022528A002D4
:10B730004800AAAF4000ABAFA000AEF77577400F4E
:10B740009800ACF7251043002530400225208002E8
:10B750002528A0026677400F2B98020025986202E8
:10B760002538600025480000254000009800ACD72F
:10B77000A000AED74000AB8F58FF00104800AA8F42
:10B7800001001724255800002588000053FF0010F1
:10B790002550000001001324DAFF001025380000B6
:10B7A00023F0F3022B18FE0223B0670123B0C3027B
:10B7B0002B107601010005240600401425300000FE
:10B7C0000400CB56252800000300601423602902E2
:10B7D00025280000236029022BA82C0223184801E9
:10B7E0002318750023A085012B609401231866009F
:10B7F00023A86C001200A1062320310123F0770258
:10B800002B987E0223B0EB0023B0D3022B1024012F
:10B8100023180A0125A0D60321A885002318620059
:10B820002BA014002B20A4022118660023A0B40230
:10B83000211883002BA8B40223A875000100522E02
:10B84000251095023EFF40142510D603D3FE40502C
:10B8500021658E4E2520C0034972400F2528C00265
:10B86000FFFF512407002106C01F160042101E00D2
:10B87000251062000100DE3325105E0049FF001034
:10B8800042981600253020022520C0037577400F0E
:10B890002528C00243FF001025986000029D033C4C
:10B8A00054FF001040E662D419006010C01F13005E
:10B8B000422002002520640001004230429813001B
:10B8C000254082000040023C0600401225485300FB
:10B8D000231008002B1802002320090025404000F7
:10B8E0002348830000008844029D023C0000E94494
:10B8F00058E64CD42100A046000020460100224614
:10B9000002032C468100204602632C462163024C30
:10B910009D6F400F00000000A0FE001006052046AD
:10B9200080250200821202002B2004002510A200B4
:10B9300025108200823D02000448137C2528F30074
:10B940000600401280220200231004002B1802007F
:10B9500023380500252040002328E300000084440C
:10B960000000E544EAFF00102103A0462518E0008E
:10B970000400C78C0000C68C70FFBD278000BAF79A
:10B980000000864400D080440000E74400D0E0443A
:10B990001000A28C3C003A464C00B3AF4800B2AF56
:10B9A0004400B1AF4000B0AF6400BFAF6000BEAFB5
:10B9B0005C00B7AF5800B6AF5400B5AF5000B4AF9D
:10B9C0007800B8F77000B6F76800B4F79000A4AF3D
:10B9D0000000B28C0400B18C0800B38C2000A2AF30
:10B9E000080001450C00B08C0400423237004014BE
:10B9F000080057320D00E01225F060020800001028
:10BA0000200002240080023C261047001C00A2AF48
:10BA10001800A6AF1800A68F1C00A78F2D000224C7
:10BA2000000002A2FFFF7E2601001724BFFF65244D
:10BA30002548C00000F0E27C2800C0141A00A52CA4
:10BA4000F07F033C26004314F07F0A3C21201702BC
:10BA50002000A010029D113C029D053C28EAA5246F
:10BA60004A59400F000000002CEA2426855E400F52
:10BA7000000000009000A48F1000B2AF25386002D3
:10BA8000252800022E65400F253040006400BF8F3E
:10BA90006000BE8F5C00B78F5800B68F5400B58F22
:10BAA0005000B48F4C00B38F4800B28F4400B18F68
:10BAB0004000B08F8000BAD77800B8D77000B6D7F2
:10BAC0006800B4D70800E0039000BD27D4FF001041
:10BAD0002B000224E2FF00102CEA2526F07F0A3C0E
:10BAE000010043252B184300050060102120170298
:10BAF0000D004A54000086440B002051000086448B
:10BB00000700A010029D113C029D053C30EAA524CF
:10BB10004A59400F00000000D4FF001034EA2426E8
:10BB2000FBFF001034EA2526300002240000E74421
:10BB3000000082A032013A46580003247800022413
:10BB4000029D093C0B10650025A80000A9000445D2
:10BB500000E434D500C086440000342A18000924CB
:10BB60000A48340286A5204600C0E744010082A0AE
:10BB7000010034252510000003C336463000A5AF70
:10BB80002400A2AF1800A6AF1C00A7AF856C400F21
:10BB9000029D163C820036462400A28F2800B6AFD4
:10BBA0001800A68F010042241C00A78F3000A58F2B
:10BBB00001C6224618E4C2D60400210682B52246F8
:10BBC00032C53A4603001545029D043CEAFF821641
:10BBD000029D043C20E482D482B022463CC6224628
:10BBE000A000194532C7224608001E4500008644C1
:10BBF0000D00204600000444000080440100843011
:10BC00000000E04492002446000086440200F7262B
:10BC10000000E744000022461800A0F71C00A38F94
:10BC20001800A48F0400801400F0667CF07F043CB0
:10BC300087FFC4102120170223100200FEFFC62731
:10BC40002400A2AF25F0E0022510000025A000008E
:10BC500025B000002000A38FFBFF64242B20C40329
:10BC60001C0080102538C0031800A0D73C00A5AFE9
:10BC70003800A6AF030334462C00A2AF856C400FFA
:10BC80003000A7AF4D002046000804443000A78FC5
:10BC90002C00A28F3800A68F750080143C00A58F61
:10BCA0007C00C0522BA01400010042240200344644
:10BCB0001800A1D72800A38FFFFFD6260108204631
:10BCC0001800A0F718E460D42400A38FE1FF7614D5
:10BCD00002A520461400801621201E02A600405016
:10BCE00010004232A300201A01004732A100E014E4
:10BCF0002E000724000087A021385E0021380702AB
:10BD000030000924010089A001008424FEFF87542B
:10BD1000010089A021F05E00271002000100DE274B
:10BD20002130460021201E02000080A00300A10651
:10BD30002510000023A81500010002242000A38F75
:10BD4000FFFFC62401000B24FFFF712421381102DC
:10BD50000000E0A00A000A24010007247400A016D5
:10BD600021A0C7007200EB102B0003242D00062435
:10BD70000B18C2002510600021181102FFFF62A0FD
:10BD8000FEFF312650000724700002240A384500C7
:10BD9000212811022A88D103030020120000A7A045
:10BDA0004A59400F00000000030042320200032401
:10BDB0000C004314FEFF91262CFF201A25200002C0
:10BDC000855E400F252000022A185700620060108F
:10BDD0002530200230000524EC78400F2120170286
:10BDE0002598000021FF00102520000206052046AE
:10BDF0000100B52600A03446000886440008E74448
:10BE00003C0A2046F9FF0845029D093C08E420D57C
:10BE1000029D093C10E422D5060120460008864414
:10BE20000008E7443C0C34464BFF124500C08644F2
:10BE300082A1204632333A4608000E4502A5244628
:10BE40000008864402A522460008E744420822462C
:10BE5000000806440008674402A52446EFFF0010CE
:10BE6000FFFFB5260010804467FF00100010E0447B
:10BE7000090080162558C0030700C0122E000924AF
:10BE8000213807020100DE27FFFFC6240000E9A0D9
:10BE9000010014242558C00321601E0225384000EB
:10BEA0000300001030000D24FFFFE72401008C2563
:10BEB000FDFFE05400008DA121584B00FFFFC62478
:10BEC0000100DE270A0087282330C20021F0C203C8
:10BED00021580B020200E010570082243000822417
:10BEE0001100A050000062A1200047349FFFE7240A
:10BEF0001A00E72C0C00E050000062A12520400051
:10BF00003C00A5AF3800ABAF2C00A6AFA779400F1F
:10BF10003000A0F73C00A58F3800AB8F2C00A68F17
:10BF20003000A0D7000062A160FF001025100000C3
:10BF30001A00AA02F4014001FFFF3126216011021C
:10BF4000FFFFE7241048000030002925000089A1E8
:10BF500082FF001012A80000211802020000648075
:10BF60002118820221180302FEFF64A096FF001030
:10BF7000FFFF4224100042326BFF405021201E027E
:10BF80002E0002240100DE2766FF0010000082A0C0
:10BF90008C81868FE8FFBD271400BFAF1000C01052
:10BFA0001000B0AFA881838F28006014AC81828F0D
:10BFB0002130C2005B00C00404000324F000C3145D
:10BFC00006000224B081838FAC8182AF0300601031
:10BFD0008C8180AFA366400F000000008C8180AF91
:10BFE000748282937880838F8001427C1400431096
:10BFF0001400BF8F11004014788082AFAC81828F13
:10C000000700432C0D00601080180200019D023CC7
:10C0100020C042240A10437C0800400000000000B9
:10C02000ECC2009D88C2009D30C2009DD8C1009D19
:10C030003CC0009D3CC0009DB8C1009D1400BF8F56
:10C040001000B08F0800E0031800BD270100032492
:10C05000B8004310020043282100601402000324AA
:10C060003D00431003000324DCFF431486BF023C61
:10C070002001428C029D033C00008644F8DA62D421
:10C08000210080464003427CE60040140200224624
:10C090000080023CE0044224C00041D4029D033CE5
:10C0A00018DB62D4000021463C0022460000064412
:10C0B0002D0100450000674400100644001067444D
:10C0C000C00042F40080103C019D053C90E1A52495
:10C0D000D878400F780404263100001000000000DA
:10C0E000BEFF4014019D043C0020022486BF103C8A
:10C0F00048E184243C0102AEA875400F0000000016
:10C100002001028E4003427CDA004054019D043C31
:10C11000019D043CA875400F00E08424B0FF00108E
:10C120008C8180AF060006244992023C932442246D
:10C130001800C200C31F06001010000021104600A6
:10C140008310020023104300C01802002310620075
:10C150009CFF00102310C20086BF023C2001428CCD
:10C16000000086444003427CA0004010210080462D
:10C170000080023CE0044224180041D40080103CBE
:10C18000019D053C0000214678E1A52478040426A1
:10C190000000064400006744D878400F180040F4BF
:10C1A000A875400F780404269251400F000000004B
:10C1B0008BFF00108C8180AF1400BF8F1000B08FF8
:10C1C00001000224B08182AF1800BD2706000224BE
:10C1D000A366400BAC8182AFA881828F7D004010A6
:10C1E000019D043C019D043C2CE28424A875400F71
:10C1F000A88180AF86BF023C2001428C4003427C74
:10C20000C50040140080023C0080023CA005468C22
:10C21000A405478C0080103C019D053C40E2A5240C
:10C22000D878400F780404262C00001078040426E7
:10C23000A881828F61004010019D043C019D043C57
:10C2400004E28424A875400FA88180AF86BF023C19
:10C250002001428C4003427CA60040140080023C36
:10C260000080023CE804468CEC04478C0080103CC3
:10C27000019D053CE8E1A524D878400F7804042608
:10C280001600001078040426A881828F4500401013
:10C29000019D043C019D043CD4E18424A875400F19
:10C2A000A88180AF86BF023C2001428C4003427CC3
:10C2B000870040140080023C0080023CE004468C71
:10C2C000E404478C0080103C019D053CE8E1A52476
:10C2D000D878400F78040426780404261400BF8F11
:10C2E0001000B08FA875400B1800BD27A881828F61
:10C2F00028004010019D043C019D043CACE18424D5
:10C30000A88180AFA875400F0000000086BF023CE6
:10C310002001428C4003427C680040141400BF8F0F
:10C320001000B08F019D043C00E08424A875400BF0
:10C330001800BD2786BF023C2001428C00008644C5
:10C340004003427C4F004014210080460080023CA4
:10C35000E00442D40080103C019D053C00002246D0
:10C3600060E1A52478040426000006440000674428
:10C37000D878400FE00440F489FF0010000000006E
:10C38000050003240FFFC3100400022467FF001000
:10C390004992023C0100022448E18424D9FF0010A4
:10C3A000A88182AF01000224C0E18424A875400F57
:10C3B000A88182AFBCFF001086BF023C01000224AE
:10C3C000F0E18424A875400FA88182AFA0FF00107F
:10C3D00086BF023C0100022418E28424A875400FA5
:10C3E000A88182AF84FF001086BF023C0080023C1F
:10C3F000E0044224080041D40080103C019D053C2B
:10C400000000214678E1A5247804042600000644B3
:10C4100000006744D878400F080040F460FF001027
:10C42000000000000080023CE0044224B80041D437
:10C43000029D033C18DB62D4000021463C022246E8
:10C44000000006443D000845000067440010064413
:10C4500000106744B80042F40080103C019D053C88
:10C4600090E1A524D878400F780404264CFF0010F2
:10C4700000000000A875400F5CE18424D8FE001085
:10C480008C8180AF0080023CE0044224100041D443
:10C490000080103C019D053C0000214660E1A52480
:10C4A000780404260000064400006744D878400F52
:10C4B000100040F43AFF0010000000001000B08FA0
:10C4C000019D043C5CE18424A875400B1800BD2745
:10C4D000F004468CF404478C0080103C019D053C20
:10C4E000E8E1A524D878400F780404267BFF0010EB
:10C4F00078040426F804468CFC04478C0080103C29
:10C50000019D053CE8E1A524D878400F7804042675
:10C5100072FF0010780404269805468C9C05478C11
:10C520000080103C019D053C40E2A524D878400FD6
:10C530007804042669FF001078040426029D033C59
:10C540000008864420DB60D40008E7443C03214611
:10C5500010000E45B80046AC0000064400006744D9
:10C56000BDFF0010B80040F4029D033C0008864463
:10C5700020DB60D40008E7443C0121460700064563
:10C58000C00046AC0000064400006744CDFE001029
:10C59000C00040F4B0FF0010BC0047ACC9FE001062
:10C5A000C40047AC000000000000000000000000D4
:10C5B0000000000000000000080808080808080043
:10C5C00008080000000022222222000000000000D3
:10C5D00000000000000000001212127E24247E4899
:10C5E0004848000000000000083E4948380E09494C
:10C5F0003E08000000000000314A4A3408081629AD
:10C6000029460000000000001C2222221C3945425D
:10C61000463900000000080808080000000000007B
:10C620000000000000000004080810101010101096
:10C630000808040000000020101008080808080876
:10C640001010200000000000000008492A1C2A49A0
:10C65000080000000000000000000808087F08082B
:10C6600008000000000000000000000000000000C2
:10C67000180808100000000000000000007E000004
:10C6800000000000000000000000000000000000AA
:10C690001818000000000000020204080810102012
:10C6A0004040000000000000182442424242424242
:10C6B00024180000000000000818280808080808CE
:10C6C000083E0000000000003C4242020C102040E6
:10C6D000407E0000000000003C4242021C02024278
:10C6E000423C000000000000040C142444447E047A
:10C6F00004040000000000007E4040407C02020272
:10C70000423C0000000000001C2040407C424242AD
:10C71000423C0000000000007E02020404040808FD
:10C7200008080000000000003C4242423C424242F5
:10C73000423C0000000000003C4242423E02020235
:10C740000438000000000000000018180000001865
:10C750001800000000000000000018180000001879
:10C760000808100000000000000204081020100853
:10C7700004020000000000000000007E0000007EB7
:10C780000000000000000000004020100804081015
:10C7900020400000000000003C4242020408080063
:10C7A00008080000000000001C224A565252524E57
:10C7B000201E00000000000018242442427E424255
:10C7C00042420000000000007C4242427C42424261
:10C7D000427C0000000000003C4242404040404299
:10C7E000423C000000000000784442424242424283
:10C7F00044780000000000007E4040407C40404003
:10C80000407E0000000000007E4040407C404040F0
:10C8100040400000000000003C424240404E424286
:10C82000463A000000000000424242427E4242423C
:10C8300042420000000000003E08080808080808FE
:10C84000083E0000000000001F0404040404044427
:10C8500044380000000000004244485060605048E6
:10C860004442000000000000404040404040404042
:10C87000407E000000000000424266665A5A424272
:10C88000424200000000000042626252524A4A46A0
:10C8900046420000000000003C4242424242424206
:10C8A000423C0000000000007C4242427C4040408C
:10C8B00040400000000000003C4242424242425AD6
:10C8C000663C0300000000007C4242427C48444435
:10C8D00042420000000000003C424240300C024254
:10C8E000423C0000000000007F0808080808080813
:10C8F0000808000000000000424242424242424218
:10C90000423C000000000000414141222222141458
:10C910000808000000000000424242425A5A66667F
:10C92000424200000000000042422424181824243F
:10C930004242000000000000414122221408080881
:10C9400008080000000000007E02020408102040D9
:10C95000407E00000000000E0808080808080808CB
:10C9600008080E00000000004040201010080804D5
:10C9700002020000000000701010101010101010C3
:10C980001010700000001824420000000000000099
:10C990000000000000000000000000000000000097
:10C9A00000007F00002010080000000000000000D0
:10C9B000000000000000000000003C42023E424235
:10C9C000463A00000000004040405C624242424261
:10C9D000625C00000000000000003C42404040401B
:10C9E000423C00000000000202023A46424242423B
:10C9F000463A00000000000000003C42427E4040F9
:10CA0000423C00000000000C1010107C10101010B0
:10CA1000101000000000000000023A444444382096
:10CA20003C42423C0000004040405C624242424284
:10CA30004242000000000008080018080808080822
:10CA4000083E00000000000404000C040404040478
:10CA50000404483000000000404044485060504802
:10CA600044420000000000001808080808080808F0
:10CA7000083E00000000000000007649494949498D
:10CA8000494900000000000000005C62424242424E
:10CA9000424200000000000000003C42424242428C
:10CAA000423C00000000000000005C624242424242
:10CAB000625C40400000000000003A4642424242B0
:10CAC000463A02020000000000005C624240404022
:10CAD000404000000000000000003C4240300C02DA
:10CAE000423C00000000000010107C1010101010DC
:10CAF000100C00000000000000004242424242428E
:10CB0000463A000000000000000042424224242473
:10CB10001818000000000000000041494949494937
:10CB2000493600000000000000004242241818248A
:10CB30004242000000000000000042424242422601
:10CB40001A02023C0000000000007E0204081020CF
:10CB5000407E00000000000C1010080810100808AB
:10CB600010100C0000000808080808080808080849
:10CB70000808080800000030080810100808101005
:10CB800008083000000000314946000000000000A5
:10CB90000000000018FFBD27DC00B4AFD800B3AF21
:10CBA000D400B2AFD000B1AFE400BFAFE000B5AF8A
:10CBB000CC00B0AF259080002588C000B800A5AF9C
:10CBC00025980000029D143CB800A58F0000A280AB
:10CBD000E4004010FFFF02249C00A2AF1800A2272F
:10CBE000A400A2AF800002249800A0AFA000A0AFD4
:10CBF000A800A2AF25800000250003242110B0006A
:10CC0000000042800300401000000000FBFF43547E
:10CC1000010010260600001225300002576F400F59
:10CC200025204002B800A28F21105000B800A2AF0A
:10CC3000B800B58F250002240000A382C200621450
:10CC40000100B526B800B5AF2B0005242D00062441
:10CC5000300003242000072423000824B800A48FF8
:10CC6000000082801B0045509800A28F2C004928AC
:10CC70001E00201100000000180047509800A28FED
:10CC8000180048509800A28F2A0003241E00435029
:10CC90000000228E2571400F00000000A000A2AF0E
:10CCA000B800A38F00006280D0FF42240A00422C0B
:10CCB0002100401001006324F9FF0010B800A3AF69
:10CCC00001004234010084249800A2AFE3FF001069
:10CCD000B800A4AFFBFF001004004234F9FF0010BD
:10CCE00008004234F7FF001010004234F4FF4650B1
:10CCF0009800A28FE5FF43542A0003249800A28FD6
:10CD0000F0FF00100200423401008424B800A4AFF8
:10CD1000040043240000428C000023AE06004104BE
:10CD2000A000A2AF9800A38F23100200A000A2AF22
:10CD3000010063389800A3AF9800A28F0100433030
:10CD4000020060104408027C9800A2AFB800A28FD5
:10CD50002E000324000044800D00831401004424AD
:10CD60009C00A0AFB800A4AF010045802A000324B6
:10CD70002300A31402004224B800A2AF0000228EB8
:10CD8000040043240000428C000023AE9C00A2AFAC
:10CD90001474400FB800A427C000A2AFB800A28F3F
:10CDA000C379400F000044806900032477004310DA
:10CDB000C000A58F6A0043282F0060106300032481
:10CDC000BE004310640043281800601025000324AF
:10CDD000CB004310610003244F0043502530200254
:10CDE000FFFF0224B800B5AF9800A0AFA000A0AF2D
:10CDF0009C00A2AF1000A0AFC900001025380000B1
:10CE00002571400F000000009C00A2AFB800A38F66
:10CE100000006280D0FF42240A00422CDCFF401058
:10CE200001006324F9FF0010B800A3AF64000324DD
:10CE30005600431068004228EAFF4010FFFF02241A
:10CE4000253020020476400FB000A4279700401040
:10CE5000B800A28FB000A6279800A52701004324A0
:10CE6000B800A3AF00004780082B400F25204002E8
:10CE70003500001021800202700003246E00431070
:10CE800071004328130060106E00032483004310D8
:10CE90006F000324D3FF4314FFFF02242538200230
:10CEA00025300000DF5A400FB000A4277F0040105B
:10CEB000B800A28FB000A6279800A5270100422441
:10CEC000252040022A66400FB800A2AF1E000010C5
:10CED00021800202750003243A00431078000324E5
:10CEE0004600431073000324BDFF43148000022456
:10CEF0006E00A214B800A28F253800000100422461
:10CF0000B800A2AF0000228E04004324000023AE2C
:10CF1000760000100000468C0476400FB000A42775
:10CF200062004010B800A28FB000A6279800A52785
:10CF300001004324B800A3AF000047805B2E400FE0
:10CF40002520400221800202218070022A981302CB
:10CF5000770060120080023C4F000324A86C43ACB1
:10CF6000FFFF1324E400BF8F25106002E000B58F9F
:10CF7000DC00B48FD800B38FD400B28FD000B18F53
:10CF8000CC00B08F0800E003E800BD272538200260
:10CF900001000624DF5A400FB000A42743004010D0
:10CFA000B800A28FB000A6279800A5270100422450
:10CFB000252040023B60400FB800A2AFE2FF001006
:10CFC000218002022538200225300000DF5A400F60
:10CFD000B000A42735004010B800A28FB000A627EB
:10CFE0009800A5270100422425204002CF6B400F66
:10CFF000B800A2AFD4FF0010218002022538200221
:10D0000025300000DF5A400FB000A4272700401051
:10D01000B800A28F01004324B800A3AF00004780EE
:10D02000B000A6279800A527A352400F2520400254
:10D03000C5FF0010218002022538200225300000A3
:10D04000F0000524DF5A400FB000A427170040105D
:10D05000B800A28FB400A38F01004224B800A2AF91
:10D06000B000A28F25104300EDFF40147800072484
:10D07000855E400FA0EA84269800A38FA000A78FAA
:10D08000253040001000A3AFA0EA85262E65400F92
:10D0900025204002ACFF001021800202253820022A
:10D0A000213070028A67400FB000A427B800A28F19
:10D0B00001004224A4FF0010B800A2AF80000224A7
:10D0C000FAFFA214B800A28F01000724B000A6271F
:10D0D00001004224B800A2AF0000228E04004324C5
:10D0E0000000428C000023AEB000A2A39800A52748
:10D0F000B46D400F2520400293FF001021800202F2
:10D1000080000224E9FFA214B800A28FA000A78F1C
:10D1100001004224B800A2AF9800A28F1000A2AF75
:10D12000029D053C01000624D8FF0010A8EAA524B2
:10D13000A5FE001025980002A880829390FFBD27CD
:10D140006C00BFAFFF0042306800BEAF6400B7AFF5
:10D150006000B6AF5C00B5AF5800B4AF5400B3AFD9
:10D160005000B2AF4C00B1AFED0040144800B0AF7A
:10D17000019D023C4000A2AF019D023C3400A2AFE1
:10D18000019D023C3C00A2AF019D023C3800A2AFD1
:10D19000019D023C029D133C019D163C3000A2AF54
:10D1A000019D023C019D123C019D113C50DA732609
:10D1B000019D173C019D1E3C7840D6262C00A2AF55
:10D1C000029D153C019D143CC4808293FF004230B7
:10D1D0006A00401025100000C4808293FFFF4224A3
:10D1E000FF004230C48082A36870400F000000003E
:10D1F0008E004014350206242000A527B57A400F82
:10D2000070100424A50040142F0206242000A28FD1
:10D21000010042308F00401029020624BB7A400FE3
:10D22000252000002000A28F701004240400027C3E
:10D2300025284000B77A400F2000A2AF69004014B3
:10D240002000B08FC58080A38058107EEF000012B0
:10D250001800A52784100424B57A400F1800A0AF49
:10D2600052004014040006241800A48F4169400FA6
:10D270001C00A5271E00A397FFFF63301E00A3A775
:10D28000A0004014703F44261E00A2970600021220
:10D29000000000001E00A297231002020500422891
:10D2A000B2004010E90106241C00A29301000324EF
:10D2B00088006210C080828F1C00A29302000324A9
:10D2C00080006210BC80828F1C00A29304000324A3
:10D2D000BB006210B880828F1C00A293060003245A
:10D2E0009E006210AC80828F1C00A2930700032472
:10D2F000B7006214B480828F080040100000000064
:10D300001D00A4931E00A5971800A68FF8FFA52462
:10D310000800C62409F84000FFFFA530A8808293CA
:10D32000FF0042307100401400000000C58082936D
:10D33000FF0042304F0040141A02062425286002E4
:10D34000FA77400F703F44263400A28FFA77400FDF
:10D3500040404424FA77400FA43F2426CE75400F66
:10D3600000000000B26C400F00000000A880839312
:10D37000FF00633045006010258040006C00BF8FC7
:10D380006800BE8F6400B78F6000B68F5C00B58FF9
:10D390005800B48F5400B38F5000B28F4C00B18F3F
:10D3A0004800B08F0800E0037000BD27703F44269E
:10D3B000D801062425286002FA77400F2800A2AF82
:10D3C0002C00A28FA83F4424FA77400F00000000F1
:10D3D000FA77400FA43F2426BB7A400F01000424B3
:10D3E0002800A28FA8808393FF006330E3FF6014BE
:10D3F000258040005E020624703F4426FA77400FE5
:10D4000058DAA52625280002FA77400FD84084264E
:10D41000FA77400FA43F24266870400F00000000F8
:10D4200076FF40102000A52735020624252860023B
:10D43000703F4426FA77400F2800A2AFFA77400FDA
:10D44000B840E426FA77400FA43F2426E5FF0010F9
:10D450002800A28F25286002FA77400F703F4426EB
:10D460002000A58FFA77400F2520C002FA77400FE1
:10D47000A43F2426B26C400F00000000A8808393D4
:10D48000FF006330BDFF601425804000DAFF4014C8
:10D490005E0206244CFF00100000000025286002F8
:10D4A000703F4426FA77400F2800A2AFFA77400F6A
:10D4B0009440C427FA77400FA43F2426C9FF0010E8
:10D4C0002800A28F8EFF40140000000093FF001080
:10D4D000000000008AFF401400000000A880829332
:10D4E000FF00423091FF401000000000A8808293AE
:10D4F000FF00423034FF401025100000A0FF001054
:10D500006C00BF8FE001062425286002FA77400FE7
:10D510002800A2AF3000A28FABFF0010D03F442400
:10D52000765D400F000000006C00BF8F25100000EA
:10D530006800BE8F6400B78F6000B68F5C00B58F47
:10D540005800B48F5400B38F5000B28F4C00B18F8D
:10D550004800B08F0800E0037000BD2768FF40144A
:10D56000000000006DFF0010000000002528600290
:10D57000FA77400F703F44261E00A6973800A38F0D
:10D580001C00A7931D00A293E83F642425280002F5
:10D59000FA77400F1000A2AFFA77400FA43F24267D
:10D5A000BB7A400F01000424A8808293FF00423020
:10D5B00072FF4014FAFF02248EFF0010FAFF1024BD
:10D5C0004FFF40140000000054FF00100000000056
:10D5D0000C02062425286002FA77400F703F44268B
:10D5E0003C00A28FFA77400F28404424FA77400F7E
:10D5F000A43F2426A8808293FF0042307DFF401084
:10D60000FAFF10245DFF0010FAFF02242202062414
:10D6100025286002FA77400F703F44264000A28F11
:10D62000FA77400F64404424FA77400FA43F242641
:10D63000A8808293FF0042306EFF4010FEFF10244E
:10D640004EFF0010FEFF0224284150502928455269
:10D6500052295B25735D5B25645D00005B6E6D691F
:10D66000207370695D3A204661696C656420636D62
:10D670006420726573706F6E736520726561642CCF
:10D6800020627573206572726F722E2E2E0A000052
:10D690000D0000005B6E6D69207370695D3A204675
:10D6A00061696C6564206461746120726573706F78
:10D6B0006E736520726561642C20627573206572DB
:10D6C000726F722E2E2E0A005B6E6D692073706968
:10D6D0005D3A204661696C65642064617461207202
:10D6E0006573706F6E736520726561642E2E2E28CF
:10D6F00025303278290A00005B6E6D6920737069ED
:10D700005D3A204661696C656420646174612062E1
:10D710006C6F636B20726561642C20627573206589
:10D7200072726F722E2E2E0A000000005B6E6D6901
:10D73000207370695D3A204661696C65642064619C
:10D74000746120626C6F636B206372632072656129
:10D75000642C20627573206572726F722E2E2E0AF1
:10D76000000000005B6E6D69207370695D3A2046B1
:10D7700061696C656420636D642077726974652CDF
:10D7800020627573206572726F722E2E2E0A000051
:10D790005B6E6D69207370695D3A204661696C65E6
:10D7A0006420636D642C207265616420726567205B
:10D7B0002825303878292E2E2E0A00005B6E6D69E0
:10D7C000207370695D3A204661696C656420636D01
:10D7D0006420726573706F6E73652C20726561646E
:10D7E00020726567202825303878292E2E2E0A00D1
:10D7F0005B6E6D69207370695D3A204661696C6586
:10D8000064206461746120726561642E2E2E0A00AA
:10D810005B6E6D69207370695D3A204661696C6565
:10D820006420636D642C207772697465207265676B
:10D83000202825303878292E2E2E0A005B6E6D693F
:10D84000207370695D3A204661696C656420636D80
:10D850006420726573706F6E73652C2077726974C3
:10D860006520726567202825303878292E2E2E0AEB
:10D87000000000005B6E6D69207370695D3A2046A0
:10D8800061696C656420696E7465726E616C20728A
:10D890006561642070726F746F636F6C2077697458
:10D8A0006820435243206F6E2C2072657479726930
:10D8B0006E67207769746820435243206F66662E36
:10D8C0002E2E0A005B6E6D69207370695D3A2046EA
:10D8D00061696C656420696E7465726E616C20723A
:10D8E0006561642070726F746F636F6C2E2E2E0AE8
:10D8F000000000005B6E6D69207370695D3A204620
:10D9000061696C656420696E7465726E616C207704
:10D91000726974652070726F746F636F6C207265CA
:10D92000672E2E2E0A0000005B6E6D6920737069F1
:10D930005D3A204661696C20636D642072656164A4
:10D9400020636869702069642E2E2E0A0000000092
:10D950005B6E6D69207370695D3A204661696C6524
:10D960006420636D642C207265616420626C6F6357
:10D970006B202825303878292E2E2E0A0000000032
:10D980005B6E6D69207370695D3A204661696C65F4
:10D990006420636D6420726573706F6E73652C20F4
:10D9A0007265616420626C6F636B20282530387863
:10D9B000292E2E2E0A0000005B6E6D69207370699F
:10D9C0005D3A204661696C656420626C6F636B2010
:10D9D0006461746120726561642E2E2E0A0000005D
:10D9E0005B6E6D69207370695D3A204661696C6594
:10D9F0006420636D642C20777269746520626C6F9B
:10DA0000636B202825303878292E2E2E0A0000003E
:10DA10005B6E6D6920737069205D3A204661696CA8
:10DA2000656420636D6420726573706F6E73652C1E
:10DA300020777269746520626C6F636B20282530D3
:10DA40003878292E2E2E0A005B6E6D69207370695E
:10DA50005D3A204661696C6564206461746120628E
:10DA60006C6F636B20636D642077726974652C2022
:10DA7000627573206572726F722E2E2E0A0000007E
:10DA80005B6E6D69207370695D3A204661696C65F3
:10DA900064206461746120626C6F636B20777269CB
:10DAA00074652C20627573206572726F722E2E2E33
:10DAB0000A0000005B6E6D69207370695D3A204654
:10DAC00061696C6564206461746120626C6F636B72
:10DAD000206372632077726974652C2062757320ED
:10DAE0006572726F722E2E2E0A0000005B6E6D69D9
:10DAF000207370695D3A204661696C656420626CD0
:10DB00006F636B20646174612077726974652E2E77
:10DB10002E0A00000481838FE0FFBD27010002244C
:10DB2000280062141C00BFAF2C81828F210040149A
:10DB3000FFFF42242881828FC80003248E004310F7
:10DB4000C90043282F006014CC0003249000431028
:10DB5000CD00442822008014CA000424CE000324EF
:10DB600092004310CE0044289D00805401000224FE
:10DB70002C0103249F0043102D010324A300431410
:10DB80002481838F1C8180AF40100300211043004B
:10DB90008010020021104300010003244210020003
:10DBA000508083AF64000324288183AF02000010FB
:10DBB0002C8182AF2C8182AF1C00BF8F0800E00354
:10DBC0002000BD27C77A400F6882848FD7FF40545A
:10DBD0002C81828F1C00BF8F0800E0032000BD272E
:10DBE000C7004410CB004228CC00401001000224A2
:10DBF000508082AF2481828F288184AFEEFF001095
:10DC00002C8182AF670003243D0043106800442844
:10DC10001200805069000324650004244E00441063
:10DC200066004428460080502081829364000324CB
:10DC30007600431420818393040002240100625083
:10DC40001C8180AF65000224288182AF2481828FED
:10DC5000508080AFD8FF00102C8182AF300043107D
:10DC60006900442820008054208182936A000324A4
:10DC700066004314208183930100042408000224D9
:10DC800008006210508084AF2481838F288180AF88
:10DC9000401003002110430042100200C6FF001094
:10DCA0002C8182AF0080023CE0044224A000438C1F
:10DCB000F6FF60102481838F9800428CBD004014D1
:10DCC0000000000080100300211043000200032424
:10DCD00040100200208183A364000324288183AFC5
:10DCE000B5FF00102C8182AF288183AF080042303D
:10DCF000508082AF2481828FAFFF00102C8182AFD1
:10DD00002081829304004230508082AF6800022458
:10DD1000288182AF2481828FA7FF00102C8182AFDF
:10DD20002081829310004230508082AF6A0002242A
:10DD3000288182AF2481828F9FFF00102C8182AFC7
:10DD4000288183AF02004230508082AF2481828FCD
:10DD500099FF00102C8182AF208182930100423014
:10DD6000508082AF66000224288182AF2481828F96
:10DD700091FF00102C8182AFC9000224288182AF5C
:10DD80002481828F508080AF8BFF00102C8182AF66
:10DD900001000224508082AFCD000224288182AF8E
:10DDA0002481828F84FF00102C8182AF2481838F95
:10DDB00001000424508084AF401003002110430070
:10DDC000801002002110430042100200640003246E
:10DDD0001C8184AF288183AF77FF00102C8182AF34
:10DDE000508082AF2481828F288183AF72FF001020
:10DDF0002C8182AF2D010224288182AF2481828F61
:10DE0000508080AF6CFF00102C8182AF4278400FB1
:10DE10001000A0A34600401001000524AD6A400F89
:10DE20001000A4270080023C7805428C2E0040148C
:10DE3000000000001000A29360FF40101C00BF8F84
:10DE40002024027C2000032486BF023C380443AC1B
:10DE5000556E400F000000000080023C000544D4D5
:10DE6000029D023C38E842D4029D023C30E840D496
:10DE7000030024463E102046490003450100224687
:10DE80000D002046000002441000A393248182AFBD
:10DE90006100622C2F0040145B00622CE0FF6324C1
:10DEA000FF0063305B00622C44FF40101C00BF8FFA
:10DEB000029D023C38CE42248A19437C3EFF60100A
:10DEC000208183A3201C037C3E0060041C81828F80
:10DED00001000324080043102C01022464000224E2
:10DEE00035FF0010288182AF1C79400F1000A483F9
:10DEF000D1FF00101000A2932FFF0010288182AFE5
:10DF000001000224508082AFCB000224288182AF1E
:10DF10002481828F28FF00102C8182AF2481828F80
:10DF2000508080AF288183AF23FF00102C8182AF07
:10DF3000C77A400F6882848FBFFF40501000A293C1
:10DF40009575400F6882848FFF004230BAFF001041
:10DF50001000A2A319FF40101C00BF8F1B00022459
:10DF6000D4FF6214029D023C03000010048180AFC4
:10DF7000AD6A400F000000004278400F0000000032
:10DF800001000524FAFF40141000A427029D043C60
:10DF90006E78400F08A9842408FF00101C00BF8F72
:10DFA0000080033C0D00204600000244B6FF001034
:10DFB000251043001C79400F0A00042441FF001083
:10DFC0002481838FC6FF401464000224C800022409
:10DFD000F9FE0010288182AF0C0F00000E00000C2B
:10DFE0000F00000C0D0A00000C0A0A0A0A0A0F4C66
:10DFF000696D6974657220456E61626C65200E0002
:10E000004E000000590000000C0A0A0A0A0A0E4CD1
:10E01000696D6974657220456E61626C65200F00E0
:10E020000C0A0A0F42617564205261746520200E4B
:10E0300025352E31660000000C0A0A0A0A0F4454E6
:10E0400043202020202020202020200E000000003F
:10E050004F666600204F4E000C0A0A0A0A0A0F4C4F
:10E060006F6F702020202020202020200E00000034
:10E0700059455300204E6F000C0A0A0E4261756428
:10E08000205261746520200F25352E316600000076
:10E090000C0A0A0A0A0E4454432020202020202083
:10E0A0002020200F000000000C0A0A0A0A0A0E4C69
:10E0B0006F6F702020202020202020200F000000E3
:10E0C0000C0A0F5468726573686F6C6420200E250B
:10E0D0002E3366000C0A0E5468726573686F6C64A8
:10E0E00020200F252E3366000C0A0A0F476F6F643D
:10E0F000204368617273202020200E2532640000C6
:10E100000C0A0A0A0F486F6C64205365636F6E64D3
:10E110007320200E253264000C0A0A0E476F6F64CC
:10E12000204368617273202020200F253264000094
:10E130000C0A0A0A0E486F6C64205365636F6E64A4
:10E140007320200F253264000C0A0F576964652F75
:10E150004E6172726F77202020200E005700000061
:10E160000C0A0A0F43656E74657220487A202020DD
:10E170000E252E30660000000C0A0A0A0F5368694B
:10E18000667420487A20202020200E252E3066003C
:10E190000C0A0A0A0A0F484620426F6F7374200E59
:10E1A00025202E3166206442000000000C0A0E5724
:10E1B0006964652F4E6172726F77202020200F00F6
:10E1C0000C0A0A0F43656E74657220487A2020207D
:10E1D0000E0000000C0A0A0E43656E74657220483A
:10E1E0007A2020200F000000252E3066000000005D
:10E1F0000C0A0A0A0F536869667420487A202020A6
:10E2000020200E000C0A0A0A0E5368696674204822
:10E210007A20202020200F000C0A0A0A0A0F484604
:10E2200020426F6F7374200E000000000C0A0A0A6F
:10E230000A0E484620426F6F7374200F00000000E2
:10E2400025202E3166206442000000000C0A0F4594
:10E250006E61626C65202020202020200E000000CE
:10E260004E6F2000596573000C0A0A0F42572F5356
:10E270006869667420202020200E25332E31660028
:10E280000C0A0E456E61626C652020202020202043
:10E29000000000004E6F00000C0A0A0E42572F5378
:10E2A0006869667420202020200F25332E316600F7
:10E2B0000C0A0A0F546172676574204C766C200E4C
:10E2C000252E3366000000000C0A0A0A0F4D617803
:10E2D000204761696E2020200E25352E3166000012
:10E2E0000C0A0A0A0A0F46696C74657220487A2083
:10E2F000200E25352E3166000C0A0A0E5461726715
:10E300006574204C766C200F252E336600000000CB
:10E310000C0A0A0A0E4D6178204761696E202020A0
:10E320000F25352E316600000C0A0A0A0A0E4669CE
:10E330006C74657220487A20200F25352E316600D6
:10E340000C0A0F546F6E652042504620202020207A
:10E350000E25332E316600000C0A0A0F44617461E9
:10E36000204C504620202020200E25332E316600E0
:10E370000C0A0E546F6E652042504620202020204B
:10E380000F25332E316600000C0A0A0E44617461B9
:10E39000204C504620202020200F25332E316600AF
:10E3A0000C0A0A0A0A0A436F6E666967205361768F
:10E3B000656400000C0A0A0A0A0A436F6E66696700
:10E3C000204C6F61646564000C0A0A0A0A0A4465FD
:10E3D0006661756C74204C6F6164656400000000B8
:10E3E0000C0A0A0A0A00000025332E316625252072
:10E3F000000000000C0A0F417564696F204F7574AE
:10E4000020202020202020000A0A0A0E0000000000
:10E410000C0A0E417564696F204F7574202020200E
:10E42000202020000A0A0A0F000000000C0A0A53EC
:10E43000616D706C652052617465205472696D0A5B
:10E440000A00000025332E31662525000C0A0A003B
:10E4500053616D706C652052617465205472696DF2
:10E46000000000000A0A00000C0F4D61726B20488A
:10E470006F6C640D0A5468726573686F6C64202059
:10E480000E252E336600000080FFBD2741000224C8
:10E490007000B0AF7C00BFAF7800B2AF7400B1AF16
:10E4A0004F0082102580C000420002247F008210AD
:10E4B000430002248F008210440002242B008210AB
:10E4C0004B000224290082104A000224B900821065
:10E4D00046000224540082102588A000480002242F
:10E4E000DF0082104D0002244F00821045000224FC
:10E4F000C000821047000224E90082104C00022470
:10E50000BC00821052000224130082147C00BF8FD2
:10E5100001000724140006241800A527CD56400F3B
:10E52000252000020C0040147C00BF8F1C00A28F2D
:10E53000E48182AFE481828F070040107C00BF8FAE
:10E54000E481828F2800A6932000A58F09F840005F
:10E550001800A48F7C00BF8F7800B28F7400B18F39
:10E560007000B08F0800E0038000BD272538000050
:10E57000040006241800A527CD56400F25200002D0
:10E58000F5FF40147C00BF8F1800A4831900A283FC
:10E590005C00A4A3090040145D00A2A31A00A39785
:10E5A0000080053C00110400F8FF6324A403A524A7
:10E5B000FFFF633021104500080043A4DC81828FF7
:10E5C000E5FF40507C00BF8FDC81828F5C00A62776
:10E5D00009F8400005000524DFFF00107C00BF8F14
:10E5E00025380000040006241800A527CD56400F4A
:10E5F00025200002D8FF40147C00BF8F1900A39390
:10E60000DC81828FD3FF40105C00A3A3DC81828F6A
:10E610001800A4835C00A62709F840000100052427
:10E62000CDFF00107C00BF8F0600122425380000AB
:10E63000100006245C00A527CD56400F25200002BF
:10E64000C5FF40147C00BF8F6800A4830080023C9B
:10E650005E00A69700190400A40342242110430081
:10E660000C0040A0060043942200A6A76A00A597CC
:10E670006000A68F6400A2876600A7977A00A310A7
:10E680002400A6AF1100312EB3FF20567C00BF8FAF
:10E69000010007242530000025280000CD56400F3A
:10E6A00025200000ACFF00107C00BF8F2538000043
:10E6B000040006241800A527CD56400F252000028F
:10E6C000A5FF40147C00BF8F1900A393DC81828FCB
:10E6D000A0FF40105C00A3A3DC81828F1800A483FC
:10E6E0005C00A62709F84000020005249AFF0010EC
:10E6F0007C00BF8F253800000C0006245C00A52795
:10E70000CD56400F2520000293FF40147C00BF8FA0
:10E710006500A383170060040080023CA403422428
:10E720000029030021204500010006240B0080A0E1
:10E730000A0086A0EA80849701008424FFFF8430C9
:10E74000EA8084A7EA808497FFFF84300500801464
:10E7500000000000EA80849701008424FFFF8430D9
:10E76000EA8084A7EA80849721104500FFFF843067
:10E77000060044A41800A3A3020003241C00A3A7BE
:10E780005E00A397DC81828F1E00A3A76000A38F89
:10E7900070FF40102000A3AFDC81828F6400A4834F
:10E7A0001800A62709F84000040005246AFF00109D
:10E7B0007C00BF8F25380000440006241800A527E0
:10E7C000CD56400F2520000263FF40147C00BF8F10
:10E7D000D481828F61FF40107800B28FD481828F04
:10E7E0005800A58F09F840001800A4275AFF001010
:10E7F0007C00BF8F07001124253800000800062484
:10E800001800A527CD56400F2520000252FF4014C6
:10E810007C00BF8F1800A4830080023CA403422424
:10E8200000190400211043001A00A5971C00A397AB
:10E830000600429447FF62145C00A5A7DC81828F2A
:10E8400045FF40507C00BF8FDC81828F5C00A62793
:10E8500009F84000252820023FFF00107C00BF8FF0
:10E8600072FF001009001224030040182A8851008A
:10E870000D002056FFFF4230DC81838F1C00A2A7D1
:10E8800034FF60101800A0AFDC81828F1800A6272B
:10E8900009F84000252840022FFF00107C00BF8FA0
:10E8A000D5FF0010080011241000A2AF2138F0009D
:10E8B000253040020F58400F1800A52726FF0010F2
:10E8C0007C00BF8FB0FFBD275000ACF75400A28F73
:10E8D0000F40033C7B6A632400F0457C2B18A300A7
:10E8E0004800B1AF4C00BFAF4400B0AF5000A78F9D
:10E8F0003B006010C28F02000900033C0098427C7C
:10E90000FB2163247B0043100240023C7DD942344A
:10E910002B28A2001B00A010029D033C029D023C7C
:10E920000E00201680C660D40160204688C642D4FE
:10E930000100022401012246010024460000C4F423
:10E94000010022460800C0F44C00BF8F4800B18F80
:10E950004400B08F0800E0035000BD275000A1D74D
:10E9600088C642D4FFFF0224000820460001224648
:10E97000010024460000C4F400002246F2FF00100B
:10E980000800C0F4029D033C029D023C90C660D486
:10E990000A0020165000A1D70108204698C642D48C
:10E9A0000200022401012246010024460000C4F4B2
:10E9B00001002246E4FF00100800C0F400082046D1
:10E9C00098C642D4FEFF02240001224601002446DC
:10E9D0000000C4F400002246DBFF00100800C0F471
:10E9E0001C40033C3C4663242B18A3003D006050B0
:10E9F0003941033C1540023CBDFD42342B10A200BE
:10EA00001E0040101240023C7CD942343900A21052
:10EA1000029D023C88C640D4029D023CA0C644D45C
:10EA2000029D023C0B00201602012446A8C642D4D7
:10EA30005000A0D703000224810022460110244682
:10EA4000811020460000C0F481102446BEFF001053
:10EA50000800C2F4A8C640D45000A1D7FDFF02248C
:10EA60000008204680202046010022460000C2F413
:10EA700000002446B4FF00100800C0F41940023C16
:10EA8000FB2142241B00A210029D033C029D023C7C
:10EA9000B0C660D40A0020165000A1D70108204655
:10EAA000B8C642D4040002240101224601002446D3
:10EAB0000000C4F401002246A3FF00100800C0F4C7
:10EAC00000082046B8C642D4FCFF022400012246BA
:10EAD000010024460000C4F4000022469AFF001002
:10EAE0000800C0F4FB2163242B18A3004000601031
:10EAF000F07F033C029D023CC8C640D4029D023C0C
:10EB00005000A1D7C0C642D4029D023C022D050090
:10EB1000A108024C8110204680C640D4029D023CD0
:10EB200088C644D40210204602112446010820461B
:10EB300041002446000869440055227D2310A200AC
:10EB4000110042280A004010000808440000C8AC28
:10EB50000400C9AC4D102046000802440000C1D496
:10EB6000010021460100244677FF00100800C0F490
:10EB7000029D023CD0C644D4029D023C02112446B0
:10EB8000810124460100264601012446D8C640D40E
:10EB90002911804C01302446000063440055647CF8
:10EBA0002328A4003200A5280500A010000002447C
:10EBB0000000C2AC0400C3ACE6FF001006302046E3
:10EBC000029D023CE0C644D4029D023C0211244650
:10EBD000013024468131204681312446E8C644D4A0
:10EBE0002911C44C81012446DAFF00100000C6F44C
:10EBF0002B18A300060060145000A0D725100000B9
:10EC0000010020460800C0F44FFF00100000C0F4CF
:10EC10000098447C2510E000001082446041073CCD
:10EC20002518E4000010E344029D023C0D1020462C
:10EC3000210080461800A0F701102046F0C644D4F9
:10EC40001800A227020007240200244625204000C5
:10EC50004D002046A1088046010022462000A2F770
:10EC6000020024462800A0F7000080440000E04491
:10EC7000F8FF4224180041D432082046160001450E
:10EC80002580C00001000224023505001000A2AF5B
:10EC90000100E724EAFBC624FD28400F3000A52729
:10ECA0000F0020123400A48F3000A38F0080053C99
:10ECB000000003AE3800A38F26208500040004AEB8
:10ECC000080003AE3C00A38F231002002618650045
:10ECD0001DFF00100C0003AEE5FF0010FFFFE7244E
:10ECE0003000A0D7000000F63800A0D716FF0010B3
:10ECF000080000F670FFBD272C0002248800B1AF89
:10ED00008C00BFAF8400B0AF2E0082102588C000F9
:10ED10001B000224390082100600022445008210E4
:10ED20000E00022422008210320002244F008210C2
:10ED30002F0002245B008210340002246B0082103A
:10ED4000110002249400821013000224A5008210F6
:10ED500004000224B200821065000224BE0082106A
:10ED600009000224DF0082102A0002247C008210A5
:10ED700020000224C600821025808000029D053CF0
:10ED8000019D043C290106241C088424FA77400FC5
:10ED9000709AA524019D043C30088424FA77400F22
:10EDA00025280002019D043CFA77400F18088424AE
:10EDB0008C00BF8F8800B18F8400B08F0800E00303
:10EDC0009000BD2725380000040006241800A52760
:10EDD000CD56400F25202002F6FF40148C00BF8F37
:10EDE000C880828FF3FF40101800A52709F8400063
:10EDF0002C000424EFFF00108C00BF8F253800008A
:10EE0000080006241800A527CD56400F2520200213
:10EE1000E8FF40148C00BF8FC880828FE5FF401050
:10EE20001800A52709F840001B000424E1FF00108A
:10EE30008C00BF8F01000724300006241800A5278E
:10EE4000CD56400F25202002DAFF40148C00BF8FE2
:10EE5000C880828FD7FF40101800A52709F840000E
:10EE600006000424D3FF00108C00BF8F253800005B
:10EE7000100006241800A527CD56400F252020029B
:10EE8000CCFF40148C00BF8FC880828FC9FF401018
:10EE90001800A52709F8400032000424C5FF00101F
:10EEA0008C00BF8F64000624252800004779400F9E
:10EEB0001800A42725380000640006241800A527A0
:10EEC000CD56400F25202002BAFF40148C00BF8F82
:10EED000C880828FB7FF40101800A52709F84000AE
:10EEE0002F000424B3FF00108C00BF8F25380000D2
:10EEF000040006241800A527CD56400F2520200227
:10EF0000ACFF40148C00BF8F019D043CFA77400F8A
:10EF1000EC0784241800A58F019D043CF807842485
:10EF200002160500003CA77C003AA67C1000A2AFA8
:10EF3000FA77400FFF00A530019D043CFA77400F9F
:10EF400018088424C880828F99FF4010252800006B
:10EF500009F840003400042496FF00108C00BF8F95
:10EF600001000724040006241800A527CD56400FF1
:10EF7000252020028FFF40148C00BF8FC880828F15
:10EF80008CFF40101800A52709F840002A0004242F
:10EF900088FF00108C00BF8F1800B02725380000B4
:10EFA000040006242528000225202002CC8080A30E
:10EFB000CD56400F000000007EFF40148C00BF8F34
:10EFC0001800A393C880828FCD8083A378FF401060
:10EFD0002528000209F840001100042475FF0010E4
:10EFE0008C00BF8F1800B027253800002C000624A5
:10EFF00025280002CD56400F252020026DFF401429
:10F000008C00BF8FC880828F6AFF401025280002C5
:10F0100009F840001300042466FF00108C00BF8F25
:10F0200025380000040006241800A527CD56400FFF
:10F03000252020025FFF40148C00BF8FC880828F84
:10F040005CFF40101800A52709F8400004000424C4
:10F0500058FF00108C00BF8F2538000004000624E4
:10F060001800A527CD56400F2520200251FF40143F
:10F070008C00BF8FC880828F4EFF40101800A527DC
:10F0800009F84000650004244AFF00108C00BF8F7F
:10F0900025380000080006241800A527CD56400F8B
:10F0A0002520200243FF40148C00BF8F1C00A69730
:10F0B0001800A58F01000724CD56400F0800242614
:10F0C0003CFF40148C00BF8FC880828F39FF4010F6
:10F0D0001800A52709F840002000042435FF00107F
:10F0E0008C00BF8F01000724640006241800A527A8
:10F0F000CD56400F252020022EFF40148C00BF8FDC
:10F10000C880828F2BFF40101800A52709F8400007
:10F110000900042427FF00108C00BF8F8C81828F90
:10F12000E8FFBD271400BFAF0F0040101000B0AFC4
:10F13000A881848F27008014AC81838F2110430025
:10F140005500400404000424CD00441406000324A8
:10F15000B081828FAC8183AF030040108C8180AF7F
:10F16000A366400F00000000748282937880838F32
:10F170008001427C140043101400BF8F1100401422
:10F18000788082AFAC81828F0700432C0D00601025
:10F1900080180200019D023CA8F142240A10437C21
:10F1A0000800400000000000ECF3009DACF3009D5F
:10F1B00074F3009D3CF3009DC4F1009DC4F1009DDB
:10F1C0001CF3009D1400BF8F1000B08F0800E003F7
:10F1D0001800BD2701000424950064500080033C02
:10F1E000020064281A0080140200042437006450CE
:10F1F0000080033C03000424DBFF64140080033C14
:10F20000E004632400008244029D023C600061D45B
:10F21000F8DA42D4210080460080103C2100224CC4
:10F22000019D053C78040426E0E2A5248C8180AF92
:10F230000000064400006744D878400F600060F486
:10F24000A875400F78040426C8FF001074828293CA
:10F25000C5FF6014019D043C0080103CE0041026B2
:10F260008400028E4CE284240100422C840002AE11
:10F27000A875400F8C8180AF8400028EA700405497
:10F28000019D043C019D043CA875400F60E284246C
:10F29000B6FF001074828293060002244992033C58
:10F2A0009324632418004300C327020010180000B1
:10F2B000211862008318030023186400C020030093
:10F2C00023188300A2FF001023184300E0046324E6
:10F2D00000008244029D023CB00061D4F8DA42D4BE
:10F2E000210080460080103C2100224C019D053CFD
:10F2F00078040426C8E2A5248C8180AF000006446F
:10F3000000006744D878400FB00060F4A875400F43
:10F310007804042695FF0010748282931400BF8F36
:10F320001000B08F02000224B08182AF1800BD2708
:10F3300006000224A366400BAC8182AFA881828FB5
:10F340000080033C4005668C4405678C6C004014CB
:10F350000080103C019D053CE0E2A52478040426D1
:10F3600001000224D878400FA88182AF1B00001052
:10F3700078040426A881828F0080033C9005668C67
:10F380009405678C570040140080103C019D053C9B
:10F39000C8E2A5247804042601000224D878400F8E
:10F3A000A88182AF0D00001078040426A881828F06
:10F3B0000080033C3805668C3C05678C410040109A
:10F3C0000080103C019D053CF8E2A5247804042649
:10F3D000D878400FA88180AF780404261400BF8F2E
:10F3E0001000B08FA875400B1800BD27A881828F30
:10F3F00028004014019D043C019D043C01000224AE
:10F400004CE28424A875400FA88182AF0080023CA2
:10F410006405428C450040141400BF8F1000B08F6B
:10F42000019D043C60E28424A875400B1800BD27B0
:10F43000E004632400008244029D023C580061D431
:10F4400010DB42D4210080460080103C2100224C79
:10F45000019D053C78040426B0E2A5248C8180AF90
:10F460000000064400006744D878400F580060F45C
:10F47000A875400F780404263CFF00107482829324
:10F480000500042432FF44100300032484FF00100D
:10F490004992033C80E28424A875400FA88180AF84
:10F4A0000080023C6405428C200040141400BF8F91
:10F4B0001000B08F019D043C94E28424A875400B99
:10F4C0001800BD27019D053CB0E2A5247804042660
:10F4D00001000224D878400FA88182AFBFFF00103E
:10F4E00078040426019D053C10E3A5247804042635
:10F4F000D878400FA88180AFB8FF001078040426A8
:10F50000019D053C28E3A52478040426D878400F03
:10F51000A88180AFB1FF001078040426A875400FC1
:10F5200064E2842411FF0010748282931000B08F73
:10F53000019D043C64E28424A875400B1800BD279B
:10F54000FCFF8224FF0042303100432CFD0060109C
:10F55000019D033C8010020074F563240A10627C54
:10F56000D8FFBD272000B0AF2400BFAF0800400087
:10F570002580A00050F6009D10F9009D68F6009DC2
:10F5800010F9009DB4F6009DCCF6009D10F9009D89
:10F5900010F9009D10F9009D10F9009D10F9009DD3
:10F5A00010F9009D10F9009DE4F6009D10F9009DF2
:10F5B0001CF7009D10F9009D10F9009D10F9009DA9
:10F5C00010F9009D10F9009D10F9009D10F9009DA3
:10F5D00060F7009D10F9009D10F9009D10F9009D45
:10F5E00010F9009D10F9009D10F9009D10F9009D83
:10F5F00010F9009D10F9009D10F9009D10F9009D73
:10F6000010F9009D10F9009DECF7009D10F9009D88
:10F6100010F9009D04F8009D10F9009D10F9009D5F
:10F6200024F8009D10F9009D10F9009D3CF8009D04
:10F6300010F9009D38F6009D2400BF8F2000B08F88
:10F64000019D043CE43B8424FA77400B2800BD274D
:10F6500001000224F98082A32400BF8F2000B08F14
:10F660000800E0032800BD272500A2902400A390F5
:10F670002300A49000120200211043000012020097
:10F680002200A39021104400001202000080043CDC
:10F6900021104300540484244A59400FF48182AF5E
:10F6A0002C00029201000324F58083A3EAFF0010DE
:10F6B000F88182A3019D043CFA77400FB83C842472
:10F6C00001000224E4FF0010F68082A3019D043CA7
:10F6D000FA77400F603C842401000224DEFF001012
:10F6E000F88082A30000A290019D043C0C3C84247D
:10F6F00025284000F08182A3FA77400FF48080A390
:10F70000F0818293D5FF40102400BF8F2000B08F7E
:10F71000252000008477400B2800BD270100A6802B
:10F72000F4808593019D043C383C8424FA77400F93
:10F730000A000726F4808493F081829301008424D8
:10F74000FF0084302B10820078004010F48084A3E6
:10F750002400BF8F2000B08F8477400B2800BD2786
:10F760000000A294BDFF40102400BF8F019D043C07
:10F77000FA77400FB83A8424019D043CFA77400F91
:10F78000DC3A8424060004920400029205000392ED
:10F790000300079202000692000005961800A4AF2D
:10F7A000019D043C1000A2AF1400A3AFFA77400FF4
:10F7B000F03A842400000296D107422CA6FF4014A0
:10F7C000010004240300038A0700028A0000039A50
:10F7D0000400029AC88184A3BB8283ABB88283BB36
:10F7E000BF8282AB9CFF0010BC8282BB2400BF8F13
:10F7F0002000B08F019D043C8C3C8424FA77400BA0
:10F800002800BD270000A2900100032492FF4314AA
:10F81000F08082AF2400BF8F2000B08FAD7A400B04
:10F820002800BD27019D043CFA77400FC43B842487
:10F830000100022488FF0010F78082A30C00028ED2
:10F840000000A68C0400038E0800A58C019D043CDA
:10F85000143B8424008282AF01000224FC8183AF28
:10F86000F48186AFEC8185AFFA77400FFA8082A3EE
:10F87000F481858F019D043C443B842402160500DD
:10F88000003CA77C003AA67C1000A2AFFA77400F9C
:10F89000FF00A5300082858F019D043C643B8424D9
:10F8A00002160500003CA77C003AA67C1000A2AF1F
:10F8B000FA77400FFF00A530FC81858F019D043C45
:10F8C000843B842402160500003CA77C003AA67CF9
:10F8D0001000A2AFFA77400FFF00A530EC81858FB2
:10F8E000019D043CA43B8424021605001000A2AF35
:10F8F000003CA77C003AA67CFA77400FFF00A530B9
:10F900002400BF8F2000B08FBC77400B2800BD279C
:10F910002400BF8F2000B08F25288000019D043C6B
:10F92000D83C8424FA77400B2800BD272400BF8FE1
:10F930002000B08F019D043C5C3C8424FA77400B8E
:10F940002800BD2725288000019D043CFA77400B44
:10F95000D83C84248C81828FE8FFBD271400BFAF80
:10F96000160040101000B0AFA881848F2E008014C4
:10F97000AC81838F211043000C0040040600032457
:10F980004992033C9324632418004300C3270200D8
:10F990001018000021186200831803002318640067
:10F9A000C02003002318830023184300B081828FF6
:10F9B00037004014AC8183AF8C8180AF7482829316
:10F9C0007880838F8001427C140043101400BF8F25
:10F9D00011004014788082AFAC81828F0700432CE5
:10F9E0000D00601080180200019D023CFCF94224C9
:10F9F0000A10437C080040000000000078FB009DD6
:10FA000090FB009DD4FB009D3CFC009DF0FB009D05
:10FA100034FC009D58FB009D1400BF8F1000B08F78
:10FA20000800E0031800BD27030004242C00641024
:10FA3000040004241A00641001000424DFFF64544D
:10FA40008C8180AF0080103C00008244E0041026CE
:10FA5000029D023CF8DA42D4200001D62100804603
:10FA6000029D023C2100224C00DB42D43C00224695
:10FA70002B000145029D023C08DB42D43C1120468C
:10FA800028000745200002F626000010200000F69E
:10FA9000A366400F00000000C8FF00108C8180AFFB
:10FAA0000080103CE00410268800028E019D043C7A
:10FAB00058E084240100422CA875400F880002AE53
:10FAC0008800028E72004054019D043C019D043C5C
:10FAD000A875400F70E08424B8FF00108C8180AFBF
:10FAE0000080103CE00410269400028E019D043C2E
:10FAF00038E084240100422CA875400F940002AE27
:10FB00009400028E5E004054019D043C019D043C23
:10FB1000A875400F50E08424A8FF00108C8180AFAE
:10FB2000200002F69251400F000000002000068ED7
:10FB30002400078E019D053C0080103C78040426BB
:10FB4000D878400F20E0A524A875400F780404263B
:10FB50009AFF00108C8180AF1400BF8F1000B08F0F
:10FB600001000224B08182AF1800BD2706000224E4
:10FB7000A366400BAC8182AF1400BF8F1000B08F22
:10FB8000070002241800BD27A366400BB08182AF96
:10FB9000A881828F0080033C0005668C0405678C79
:10FBA0003F0040140080103C019D053C01000224F0
:10FBB00020E0A52478040426D878400FA88182AFDD
:10FBC000780404261400BF8F1000B08FA875400B76
:10FBD0001800BD27080002241400BF8F1000B08F4A
:10FBE0001800BD27B08182AFA366400BAC8180AF07
:10FBF000A881828F31004014019D043C019D043C8A
:10FC00000100022458E08424A875400FA88182AF27
:10FC10000080023C6805428C2F0040141400BF8F06
:10FC20001000B08F019D043C70E08424A875400B47
:10FC30001800BD27E8FF001009000224A881828F68
:10FC40002A004014019D043C019D043C0100022453
:10FC500038E08424A875400FA88182AF0080023C60
:10FC60007405428C280040141400BF8F1000B08F20
:10FC7000019D043C50E08424A875400B1800BD276A
:10FC8000A875400F54E084244CFF00108C8180AF95
:10FC9000A875400F74E0842448FF00108C8180AF69
:10FCA000019D053C78E0A52478040426D878400F0F
:10FCB000A88180AFC3FF001078040426A8E0842444
:10FCC000A875400FA88180AF0080023C6805428C77
:10FCD000D3FF40101400BF8F1000B08F019D043C73
:10FCE00074E08424A875400B1800BD2790E084249C
:10FCF000A875400FA88180AF0080023C7405428C3B
:10FD0000DAFF40101400BF8F1000B08F019D043C3B
:10FD100054E08424A875400B1800BD272540C0007E
:10FD20002518E000255080009800E0142510A00060
:10FD30002B30A6003500C0100000000020280571FF
:10FD40000600A0102320050006208A000410A2004F
:10FD50000440A800251082000450AA0002340800C4
:10FD60001B004600F401C000FFFF053102240A0019
:10FD7000123800001010000000140200252044007A
:10FD80000248A7702B5889000A0060112510E00076
:10FD9000212088002B58880006006015FFFFE22410
:10FDA0002B5889000400605123208900FEFFE224C3
:10FDB00021208800232089001B008600F401C00058
:10FDC0001030000000340600122000000238A47039
:10FDD000FFFF45312528C5002B48A700080020114A
:10FDE00025308000212805012B40A80004000015C3
:10FDF000FFFF86242B28A7000100A054FEFF8624C5
:10FE0000001402000800E00325104600040000155D
:10FE1000010002241B004800F40100011240000010
:10FE200020580B7123006015200007242328A80008
:10FE300001000324023408001B00A600F401C000E6
:10FE4000FFFF073102240A001228000010100000F2
:10FE500000140200252044000248E5702B58890058
:10FE60000A0060112510A000212088002B5888006E
:10FE700006006015FFFFA2242B5889000400605182
:10FE800023208900FEFFA22421208800232089004E
:10FE90001B008600F401C000FFFF4A31102800005B
:10FEA000002C05002528AA0012200000CAFF00101F
:10FEB0000238E4702338EB00044068010648E4008F
:10FEC000023408000638E5001B00E600F401C0001B
:10FED0000410650125482201FFFF0231021C0900C0
:10FEE0001228000010380000003C07002538E3000D
:10FEF000025045702B60EA000A0080112518A0000E
:10FF00002138E8002B60E80006008015FFFFA324DD
:10FF10002B60EA00040080512338EA00FEFFA3248E
:10FF20002138E8002338EA001B00E600F401C00095
:10FF3000FFFF25311230000010380000003C0700A0
:10FF40002528E500021046702B48A2000A00201167
:10FF50002538C0002128A8002B48A800060020153D
:10FF6000FFFFC7242B48A20004002051001C0300FF
:10FF7000FEFFC7242128A800001C030004506401D0
:10FF80002328A200ABFF0010251867002B40A70014
:10FF9000251800004E000015251000002050EA70C2
:10FFA00007004015200009242B28E5004800A01474
:10FFB000010002242B1086000800E00301004238F3
:10FFC00023482A0106102601043847012538470036
:10FFD0000418450102440700062825011B00A8005B
:10FFE000F4010001FFFFEB3006102401251043004F
:10FFF000021C02001228000010480000004C0900FA
:020000041D01DC
:1000000025482301026065712B682C010A00A011AC
:100010002518A000214827012B6827010600A015FC
:10002000FFFFA3242B682C010400A05123482C01BE
:10003000FEFFA3242148270123482C011B0028018F
:10004000F4010001FFFF453012400000104800009D
:10005000004C090025282501025868712B10AB00BF
:100060000A004010254800012128A7002B10A700F6
:1000700006004014FFFF09252B10AB0004004010C0
:1000800000140300FEFF09252128A7000014030027
:1000900004304601251049001900C2002328AB0096
:1000A000103800002B18A700070060141230000061
:1000B0000700A71425180000042044012B20860007
:1000C0000300801000000000FFFF422425180000FC
:1000D0000800E003000000002548C0002510800053
:1000E0008B00E0142518A0002B30A6003300C010B0
:1000F00020502A7108004011025C090004184501D3
:1001000023280A000628A400044849012518A30052
:1001100004104401025C09001B006B00F401600143
:10012000FFFF243112180000102800000230647014
:10013000001C0500022C0200251865002B28660013
:100140000800A05023186600211869002B286900B8
:100150000300A0142B2866000100A0542118690098
:10016000231866001B006B00F4016001FFFF4230A2
:10017000103000001218000002586470001C0600C5
:10018000251062002B184B000900605023104B0013
:10019000211049002B1849000500605423104B0022
:1001A0002B184B00010060542110490023104B0014
:1001B000061042010800E003251800000400201585
:1001C000010003241B006900F40120011248000013
:1001D00020502A711F004015200007242328A90061
:1001E000025C09001B00AB00F4016001FFFF243139
:1001F00012280000101800000230A470002C030028
:10020000021C02002528A3002B18A600080060503D
:100210002330A6002128A9002B18A9000300601490
:100220002B18A600010060542128A9002330A60045
:100230001B00CB00F4016001FFFF423010280000DA
:10024000123000000258C47000340500CDFF0010C9
:100250002510C2002338EA00044849010618E400CA
:10026000023409000638E5001B00E600F401C00076
:1002700004104501FFFF283125186200022C0300FD
:1002800012380000106000000210E870003C0C0002
:100290002538E5002B28E2000800A0502338E200B2
:1002A0002138E9002B28E9000300A0142B28E200E4
:1002B0000100A0542138E9002338E2001B00E600C9
:1002C000F401C000FFFF653012300000103800005C
:1002D000003C07002528E5000230C8702B10A6005E
:1002E00009004010041044012128A9002B10A90086
:1002F00005004014041044012B10A60001004054D6
:100300002128A90004104401B5FF00102328A600ED
:100310002B40A7005C0000152070EE700A00C0158D
:100320002B40E500030000152B4086005600001509
:1003300000000000231086002328A7002B1882004D
:100340000800E0032318A30020000B2423586E01AB
:10035000066066010438C701253887010440C501DD
:10036000024C0700062865011B00A900F4012001CA
:100370000610640125104800FFFFE8300264020007
:10038000122800001050000000540A0025504C01B3
:10039000021805712B6043010A0080112568A00036
:1003A000215047012B60470106008015FFFFAD2457
:1003B0002B6043010400805123504301FEFFAD2414
:1003C00021504701235043011B004901F401200142
:1003D000124800001050000000540A000228097161
:1003E000FFFF4830254048012B1005010A0040104E
:1003F00025502001214007012B1007010600401461
:10040000FFFF2A252B1005010400401000640D0099
:10041000FEFF2A252140070100640D000410C601DB
:1004200025608A0119008201234005010418C401D6
:10043000106800002B200D012528A001126000008B
:10044000050080141230000007000D152B206C00F1
:100450000600801023306600233082012338A70174
:100460002B6086012328EC00233066002B186600E1
:100470002340050123180301041063010630C6015F
:10048000251046000618C3010800E0030000000024
:10049000029D023C0000864428E04CD4029D023CB0
:1004A00020E04ED40000E744A8FFBD2783032E467A
:1004B0002C00BFAF2800B1AF2400B0AF258880006A
:1004C0002580A0004800BAF74000B8F73800B6F71A
:1004D0003000B4F7D026400F7800B8D7029D023C18
:1004E00030E056D4060520466800A0D700C638463E
:1004F000820536467000A0D783B520469B63400F27
:1005000006B3204606B320466E65400F8606204699
:100510000700052E80A23446AC00A01043D0384618
:10052000019D053C808010004005A5240A28B07C70
:1005300000080244000863440800A00084502046DC
:100540007006019DBC06019D1007019D5807019D85
:100550008C07019D5C05019D0C06019D029D023CDE
:1005600018E044D482D02246029D023C81A1244658
:1005700000A12446023220460220204601232846BC
:100580008133204600212846003020460062224662
:1005900042702A460163224640E046D40242344675
:1005A0008012244602002646812022461800A1F728
:1005B000426034461000A1F71800A1D703422A4632
:1005C00003002A4683092A461000A1D783102A4631
:1005D0002C00BF8F03092A462400B08F4800BAD7E9
:1005E0004000B8D73800B6D73000B4D7000028F69E
:1005F000180020F6080026F6200022F6100024F647
:100600002800B18F0800E0035800BD27029D023C7E
:1006100018E044D4029D023C40E04CD481A1244621
:1006200000A1244602A32C4682D022460232204654
:100630000220204680222846803320460130204672
:10064000012128468151224642602E460052224610
:100650000000204680122446812022460242344671
:100660001800A1F742303446D3FF00101000A1F764
:10067000029D043C18E082D4029D043C38E088D4FA
:1006800041102046029D043C40E086D41800A1F7AA
:10069000000882440008E344800A224641102046B4
:1006A00002002646020A2846000882440008E34465
:1006B00081102146C0FF00101000A8F7029D043CE5
:1006C00018E082D4029D063C38E0C8D4400022469F
:1006D0000080043C020A28460008694400080844D7
:1006E000262024011C00A4AF00088244029D043C83
:1006F00040E086D40008E3441800A8AF800A2246F0
:100700000200264681102146ABFF00101000A8F71A
:10071000029D043C18E082D40080043C2620640042
:100720001400A4AF00088244029D043C40E086D43B
:100730000008E34400408244800A22461000A2AF31
:1007400002002646811021460040E3441800A0AF75
:1007500099FF00101C00A0AF029D043C18E082D459
:10076000029D043C40E086D4000882441000A2F7B9
:10077000020026460008E3441000A8D7800A22465B
:10078000811021468CFF00101800A0F70008824459
:10079000029D023C0008E34440E046D4830834460E
:1007A00002A5214602002646029D023C18E044D4E0
:1007B0004120344600A224461800A0F71000A1F7FB
:1007C000801224467CFF0010812022461000A0AF3A
:1007D0001400A0AF1000A0D71800A0F70602204612
:1007E0008600204674FF00108602204628415050A3
:1007F0002928494E464F2900436F6E666C69637421
:10080000656420495020222025752E25752E2575DA
:100810002E25752022200A000D00000C2841505082
:100820002928455252295B25735D5B25645D0000D4
:10083000524551204E6F7420646566696E65642070
:1008400025640A00494E56414C494420504F494EB8
:100850005445520A00000000494E56414C4944207C
:10086000535349440A000000494E56414C49442024
:1008700043480A00494E56414C494420444843509D
:10088000205345525645522049500A00494E564180
:100890004C4944204B455920494E4445580A0000D4
:1008A000494E56414C4944204B45592053495A45DD
:1008B0000A000000494E56414C49442057455020FB
:1008C0004B45590A00000000494E56414C4944200E
:1008D00041555448454E5449434154494F4E204D8B
:1008E0004F44450A000000004669726D77617265E9
:1008F000207665722020203A2025752E25752E251C
:10090000750A00004D696E20647269766572207602
:100910006572203A2025752E25752E25750A000052
:100920004375727220647269766572207665723AD8
:100930002025752E25752E25750A00004D69736DCD
:1009400061746368204669726D61777265205665CF
:100950007273696F6E0A00004B6579206973206EAF
:100960006F742076616C69640A000000496E7661DC
:100970006C6964204B65790A0000000053534944B8
:10098000204C454E20494E56414C49440A00000037
:10099000434820494E56414C49440A00496E76610D
:1009A0006C696420576570206B657920696E646599
:1009B000782025640A000000496E76616C69642025
:1009C000576570206B6579206C656E6774682025AB
:1009D000640A0000496E636F72726563742050533D
:1009E0004B206B6579206C656E6774680A000000A7
:1009F000756E646566696E656420736563207479DD
:100A000070650A00494E56414C4944204E6F206F94
:100A100066207363616E20736C6F7473210A00002B
:100A2000494E56414C4944207363616E20736C6F8C
:100A3000742074696D65210A00000000494E56411A
:100A40004C4944204E6F206F662070726F626520A3
:100A5000726571756573747320706572207363615C
:100A60006E20736C6F740A00494E56414C49442005
:100A700052535349207468726573686F6C64202503
:100A800064200A005F50535F5345525645525F2021
:100A90006973206E6F7420646566696E65640A0010
:100AA0004C697374656E206368616E6E656C20734B
:100AB000686F756C64206F6E6C7920626520312CD4
:100AC0002036206F722031310A000000504F574508
:100AD0005220534156452025640A0000494E564194
:100AE0004C494420444F4D41494E204E414D450A0A
:100AF0000000000050524E47204275666665722025
:100B00006578636565646564206D6178696D756D90
:100B10002073697A65202564206F72204E554C4CF5
:100B2000204275666665720A0000000058FFBD2706
:100B300001000224A000B4AF9C00B3AF9800B2AF94
:100B40009400B1AF9000B0AFA400BFAF2580C0004B
:100B500025A080002588A0002598E0000600C2108E
:100B6000B800B297AC00E050029D053C02000224A0
:100B70005C00C21000000000FFFF22262000422C73
:100B80008B004010029D053C0E00422E03004014D5
:100B9000FF0002247F004216019D043C2530200204
:100BA00025288002BA78400F6600A4272000A227DB
:100BB00021885100BC00A29303000324460020A218
:100BC0002B1002006400B2A78700A2A31800031232
:100BD0006100B0A3020002243600021204000224C5
:100BE000660002120100022479000216029D053CF3
:100BF0001800A0AF1400A0AF1000A0AF6C00072435
:100C00002000A62728000524AA46400F010004243E
:100C1000A400BF8FA000B48F9C00B38F9800B28F48
:100C20009400B18F9000B08F0800E003A800BD27AA
:100C3000000062920400432C6D0060102000A2A30B
:100C4000010066920A000224EF00C3301100621016
:100C50002100A6A3029D053C019D043C5C9AA524AD
:100C60001C088424FA77400F580206242100A5931B
:100C7000019D043CB8098424FA77400F000000006D
:100C8000019D043CFA77400F18088424E0FF00100F
:100C9000F4FF022402006526BA78400F2200A42740
:100CA000010062922000A32721106200D0FF0010F3
:100CB000020040A0C977400F25206002FFFF4324B7
:100CC000FFFF63304000632C5B006010010046248E
:100CD00025286002BA78400F2000A427C5FF001025
:100CE0001800A0AFC977400F2520E0004000032482
:100CF000A2FF4354FFFF22262518600207000010C0
:100D0000400066260F00A014029D053C0E00401412
:100D1000019D043C99FF6650FFFF2226000062906F
:100D200001006324D0FF4424C6FF45243700842CEF
:100D3000B9FF42240700A52CF2FF80141A00422CB0
:100D4000029D053C019D043C1C08842427020624C6
:100D5000FA77400F5C9AA524019D043C6C09842419
:100D6000FA77400F00000000019D043CFA77400F25
:100D700018088424A6FF0010F4FF02243E00062475
:100D800025286002BA78400F2000A42799FF0010A0
:100D90001800A0AF1C0884243A020624FA77400FFA
:100DA0005C9AA524019D043CEDFF00109009842469
:100DB000019D043C1C08842431020624FA77400F6C
:100DC0005C9AA524019D043CE5FF00107C09842465
:100DD000019D043C1C08842477020624FA77400F06
:100DE0005C9AA524019D043CDDFF0010F0098424D9
:100DF000029D053C019D043C5C9AA5241C088424AA
:100E0000FA77400F51020624019D043C2000A5936F
:100E100099FF00109C098424019D043C1C08842433
:100E20001B020624FA77400F5C9AA524019D043C1E
:100E3000CBFF001058098424029D053C019D043C11
:100E40001C08842467020624FA77400F5C9AA524C4
:100E5000019D043CC2FF0010D40984248C81828F40
:100E6000E8FFBD271400BFAF100040101000B0AF66
:100E7000A881848F20008014AC81838F21104300CF
:100E80005100400402000424990044140600032485
:100E9000B081828FAC8183AF030040108C8180AF22
:100EA000A366400F000000008C8180AF74828293A3
:100EB0007880838F8001427C0C0043101400BF8F28
:100EC00009004014788082AFAC81828F0100032436
:100ED0006700431006000424600044101400BF8F14
:100EE00025004010A881828F1400BF8F1000B08FA2
:100EF0000800E0031800BD27400060100100042432
:100F0000EAFF64548C8180AF0080103C0000824472
:100F1000E0041026029D023CF8DA42D4C80001D653
:100F200021008046029D023C2100224C28DB42D455
:100F30003C10204673000045029D023CC80002F6AA
:100F4000019D043CA875400FE0E38424C800068E90
:100F5000CC00078E019D053C0080103C78040426DF
:100F6000D878400FE8E3A524A875400F780404263C
:100F7000CEFF00108C8180AF68004010019D043CC2
:100F8000019D043C10E48424A875400FA88180AF23
:100F9000019D043C24E48424A875400F0000000057
:100FA0002080848F1400BF8F1000B08F00110400C8
:100FB000211044000080043C903D842421208200C4
:100FC000A875400B1800BD27060002244992033C77
:100FD0009324632418004300C32702001018000064
:100FE000211862008318030023186400C020030046
:100FF00023188300A6FF0010231843002080838F4E
:1010000007006054211043000500410421104300F3
:101010000D000224208082AFA4FF00108C8180AFDD
:101020000E00432C019D043C0A100300E0E38424DD
:10103000A875400F208082AF2080848F00110400AB
:10104000211044000080043C903D8424A875400F8A
:101050002120820095FF00108C8180AF1000B08F9E
:10106000090002241800BD27A366400BB08182AF9F
:10107000A881838F2F006050019D043C019D043C9A
:101080004CE48424A875400FA88180AF019D043CE6
:10109000A875400FDCDF8424019D043CA875400F37
:1010A00050E48424019D043CA875400FE0DF8424B3
:1010B000019D043CA875400F64E484240080023C38
:1010C000A805468CAC05478C0080103C019D053C72
:1010D00078040426D878400FE8E3A5247804042691
:1010E0001400BF8F1000B08FA875400B1800BD27EB
:1010F0000500042466FF441001000324B4FF00101F
:101100004992033C30DB42D43C0122468CFF074528
:10111000C80002F68AFF0010C80000F6F4E3842439
:10112000A875400FA88183AF019D043C9AFF001071
:1011300008E48424E0DF8424A875400FA88182AFEE
:10114000019D043CA875400F2CE48424019D043CBF
:10115000A875400FDCDF84240080023CA805468C83
:10116000AC05478C0080103C019D053C78040426AA
:10117000D878400F44E4A524D9FF00107804042651
:101180003881828FE0FFBD271C00BFAF08004010F0
:101190001800B0AFFFFF4224388182AF2510000055
:1011A0001C00BF8F1800B08F0800E0032000BD278F
:1011B0003481858F0900A22C77004010019D033CEB
:1011C00080100500D41163240A10627C08004000DE
:1011D000000000009813019DF012019D6C13019D09
:1011E0009812019D4013019DC412019D1413019D8D
:1011F0000C12019DF811019DE9FF801025100000DF
:10120000348180AFE6FF00102510000086BF103C3F
:101210002001028E0002427C0C0040143181829336
:101220004C81828F010042248E0080144C8182AF59
:101230004881828F3C8180AF01004224488182AF87
:1012400008000224348182AF318182930400042497
:101250000481838F1F00423071004410318182A3CA
:101260000500442C530080141B0004246900441022
:101270001F0004245200441430818493308180A3E1
:10128000010002246C006210000000002510000024
:10129000C3FF0010348180AF050080500400022499
:1012A0003181829302004234318182A304000224FE
:1012B000348182AFB0000224388182AFB8FF0010C1
:1012C0002510000005008050060002243181829321
:1012D00008004234318182A306000224348182AFA7
:1012E000B0000224388182AFADFF0010251000004D
:1012F000C4FF8054348180AF02000224348182AF65
:10130000B0000224388182AF318180A3A4FF001095
:1013100025100000050080500700022431818293CF
:1013200010004234318182A307000224348182AF4D
:10133000B0000224388182AF99FF00102510000010
:10134000050080500500022431818293040042345C
:10135000318182A305000224348182AFB0000224CF
:10136000388182AF8EFF00102510000005008050EC
:10137000030002243181829301004234318182A32F
:1013800003000224348182AFB0000224388182AF8E
:1013900083FF00102510000081FF8014251000003D
:1013A0000100A52458000324348185AF7CFF001080
:1013B000388183AFB3FF4050010002243081849311
:1013C000180080100080043CE83E84242110820034
:1013D00000004280010004242A00641025204000FF
:1013E000ABFF4050251000002001038E0002637CFB
:1013F00020006014252040005200032412004314F2
:101400004481838F348180AF0100632464FF001026
:10141000448183AF0100022499FF0010308182A330
:10142000308180A30080043C0C3F84242110820082
:10143000E8FF0010000042801C79400F25200000CA
:1014400093FF0010251000005900032490FF43145F
:101450004081838F348180AF0100632450FF0010EE
:10146000408183AF3C81828F0100422476FF0010CF
:101470003C8182AF556E400F1000A2AFDEFF00101E
:101480001000A28F1C79400F1000A2AFD4FF0010F3
:101490001000A28F8C81868FE8FFBD271400BFAF9C
:1014A0000F00C0101000B0AFA881838F250060141A
:1014B000AC81828F2130C2005B00C0040300032492
:1014C0009700C31406000224B081838FAC8182AFE1
:1014D000030060108C8180AFA366400F0000000005
:1014E000748282937880838F8001427C1200431043
:1014F0001400BF8F0F004014788082AFAC81828FC0
:10150000010003247A0043100200442829008014BB
:10151000020004243500441006000424050044148D
:101520001400BF8F1000B08F1800BD27A366400BBA
:10153000B08183AF1400BF8F1000B08F0800E003AC
:101540001800BD27010003245500431002000324A6
:10155000420043500080023CE2FF40547482829378
:101560000080023CE0044224029D033C400041D440
:1015700010DB62D4000086440080103C21008046CD
:101580002100224C019D053C78040426C0E0A524DE
:101590008C8180AF0000064400006744D878400F7B
:1015A000400040F4A875400F78040426CDFF0010D9
:1015B00074828293DFFF4014A881828F0080043CF4
:1015C0002005868C2405878C610040140080103C27
:1015D000019D053CC0E0A52478040426D878400F7E
:1015E000A88183AF0C00001078040426A881828FA4
:1015F0000080043C2805868C5C0040100080103C74
:10160000019D053C30E1A52478040426D878400FDC
:10161000A88180AF780404261400BF8F1000B08F1B
:10162000A875400B1800BD27060006244992023C0D
:10163000932442241800C200C31F060010100000AB
:10164000211046008310020023104300C01802003E
:10165000231062009CFF00102310C200E00442240B
:101660004800438C2130C3006400C32C4600601046
:1016700063000324480046AC0080103C019D053CFB
:101680007804042600E1A524D878400F8C8180AF2F
:10169000A875400F7804042692FF0010748282938C
:1016A0000080023CE00442249000438C2130C300BF
:1016B0003800C0046400C3283900601463000324A8
:1016C000900043AC630006240080103C019D053C63
:1016D00078040426E8E0A524D878400F8C8180AFF8
:1016E000A875400F780404267EFF00107482829350
:1016F000A881838F0080043C7005868C0D006014E7
:101700000080103C019D053CE8E0A52478040426F7
:10171000D878400FA88182AFBFFF0010780404265C
:101720000500032468FFC31002000224C0FF00105C
:101730004992023C019D053C18E1A5247804042649
:10174000D878400FA88180AFB3FF0010780404263A
:10175000019D053CD4E0A52478040426D878400FE8
:10176000A88180AFACFF001078040426019D053CE1
:1017700000E1A52478040426D878400FA88183AF1F
:10178000A5FF001078040426480043ACBAFF0010FF
:1017900063000624900040ACCBFF00102530000011
:1017A000C9FF0010900046AC0D0A00000D0A3E0073
:1017B0000D0A536176656420636F6E6669677572A2
:1017C0006174696F6E206C6F616465640D0A00005E
:1017D0004E6172726F77536869667443656E7465A3
:1017E00072467265710925660D0A00004E617272BB
:1017F0006F775368696674487A0925660D0A000098
:1018000057696465536869667443656E74657246AA
:101810007265710925660D0A00000000576964654C
:101820005368696674487A0925660D0A000000004D
:1018300042617564526174650925660D0A000000F5
:10184000546F6E6546696C746572427742724D756D
:101850006C740925660D0A004D61726B486F6C64EB
:101860005468726573680925660D0A004175746FC6
:1018700073746172745468726573680925660D0A21
:10188000000000004175746F737461727453687561
:1018900074646F776E5365636F6E64730925640DAE
:1018A0000A0000004B6F7344726F705365636F6E74
:1018B00064730925660D0A004167635461726765A8
:1018C000744C6576656C0925660D0A004167634CAA
:1018D0007066460925660D0A0000000055736549CB
:1018E0006E7075744270660925640D0A0000000070
:1018F0005573654C696D697465720925640D0A003C
:101900005573654167630925640D0A004167634D9E
:1019100061784761696E0925660D0A004E6F4C6F4C
:101920006F700925640D0A0057696465536869661C
:10193000740925640D0A00004175746F7374617237
:10194000740925640D0A00004B4F530925640D0AE4
:10195000000000004166736B4F7574707574436FBF
:101960006E74696E756F75730925640D0A00000049
:101970004175746F7374617274476F6F644368610B
:1019800072730925640D0A004454430925640D0A45
:1019900000000000496E70757442706642775368AB
:1019A0006966744D756C740925660D0A00000000A7
:1019B000446174614C7066427742724D756C740973
:1019C00025660D0A000000004E6172726F7748664E
:1019D00045710925660D0A005769646548664571B9
:1019E0000925660D0A0000004672657141646A505F
:1019F000657263656E740925660D0A004C696E6533
:101A0000467265710925660D0A000000576653731A
:101A100069640925730D0A00576650770925730D0F
:101A20000A0000005573624563686F0925640D0A5A
:101A300000000000557362426175640925750D0A46
:101A4000000000004C6F6F7053656E73654C7066DC
:101A500042724D756C740925660D0A005573625407
:101A60006F426175646F74417070656E644C660995
:101A700025640D0A00000000426F6F74546F4D6FB3
:101A800064656D09310D0A6D6F64656D0D0A0000A6
:101A90005766436F6E6E6563744F6E426F6F740965
:101AA00025640D0A00000000B0FFBD277F00A230B2
:101AB0003000B0AF6000B08F1D00A2A30800022468
:101AC0001C00A4A31E00A2A74800B6AF4400B5AFF7
:101AD0004000B4AF3C00B3AF3800B2AF3400B1AF98
:101AE0004C00BFAF25A8A00025B0800025A0C000F5
:101AF0002598E0006400B2976800B1971E00A29795
:101B00009D0000522110E200211042022110220209
:101B1000FFFF42301E00A2A76870400F00000000C7
:101B20007E004014029D053C1400A0AF2000A0A739
:101B30001800A0AF1800A28F00AA15008C10042472
:101B400025B0C2021800B6AF1800A58F25A8A502BF
:101B50001800B5AF1E00A2971800A38F0014020052
:101B6000251043001800A2AF1800A58FB77A400FC8
:101B7000000000000B004010000000004C00BF8F70
:101B80004800B68F4400B58F4000B48F3C00B38F3F
:101B90003800B28F3400B18F3000B08F0800E003FE
:101BA0005000BD271800A0AF1800A28F78100424A1
:101BB000020042341800A2AF1800A58FB77A400F78
:101BC00000000000EEFF40144C00BF8F1400A0AFD7
:101BD0002000A0A72000A297E803422C0F00401489
:101BE0001800A52711000010000000001800A28FA7
:101BF00002004230640040101500043C2000A2970F
:101C000001004224FFFF42302000A2A72000A2973B
:101C1000E803422C050040101800A527B57A400FB4
:101C200078100424F1FF4010000000001400A28F7F
:101C3000D2FF4010FDFF02241400A28F08000624EA
:101C40001C00A5271000A2AF1E00A297FFFF423084
:101C50001E00A2A71000A48F7669400F00000000AC
:101C6000C7FF40144C00BF8F1000A28F0800422411
:101C70001000A2AF0A008012000000001000A48F24
:101C8000253060027669400F25288002BCFF401491
:101C90004C00BF8F1000A28F211062021000A2AF73
:101CA0000E000012000000001000A28F23883302F3
:101CB00025304002218822021000B1AF1000A48F0D
:101CC0007669400F25280002ADFF40144C00BF8FFD
:101CD0001000A28F219042021000B2AF1400A28F18
:101CE0006C100424801002001800A2AF1800A28F0C
:101CF000020042341800A2AF1800A58FB77A400F37
:101D0000000000009EFF40544C00BF8FB26C400F9B
:101D1000000000009AFF00104C00BF8F019D043CA2
:101D2000A601062468DAA524703F8424FA77400FC0
:101D30002800A2AF019D043CFA77400F843F842421
:101D4000019D043CFA77400FA43F84244C00BF8FD0
:101D50002800A28F4800B68F4400B58F4000B48F92
:101D60003C00B38F3800B28F3400B18F3000B08F99
:101D70000800E0035000BD27FFFF42301E00A2A76D
:101D800065FF0010000000001400A527B57A400F81
:101D900000048424A5FF40541400A0AFA3FF00104A
:101DA00000000000C0FFBD273400B3AF2C00B1AF6E
:101DB0002800B0AF2538C000258880002580C000ED
:101DC0002598A0001000A0AF252880002530000035
:101DD000C70004243000B2AF3C00BFAF784D400FC5
:101DE0003800B4AF259040000100022417004212D1
:101DF000019D043C019D053C1802062448D684241C
:101E0000FA77400F1870A524019D043C2528200274
:101E1000FA77400FE0D98424019D043CFA77400F03
:101E200090D68424FAFF12243C00BF8F2510400274
:101E30003800B48F3400B38F3000B28F2C00B18FD4
:101E40002800B08F0800E0034000BD272353400F57
:101E5000C700042428005254019D043C2400A0A77C
:101E60001D00001025A00000F30002242600A2A3FC
:101E70002600A2271800A527030004241800A2AFFB
:101E8000010002241C00A0AF2E72400F2000A2A768
:101E9000211874021800A5274A00401403000424E6
:101EA0001800A3AF1C00A0AF2E72400F2000B1A7F6
:101EB0006A00401425904000D48082932A0040108C
:101EC0002400A22723801102FFFF10322188340250
:101ED000D5FF001220A6117C0120022EE2FF405403
:101EE00025880002F2000224F10003240A10740085
:101EF000DEFF001000201124019D053C1E02062477
:101F000048D68424FA77400F1870A524019D043C1C
:101F100025282002FA77400F10DA8424019D043C22
:101F2000FA77400F90D684241000A0AF2538000027
:101F30002530000025280000784D400FCF000424F4
:101F40003C00BF8FFAFF1224251040023800B48FE6
:101F50003400B38F3000B28F2C00B18F2800B08FC7
:101F60000800E0034000BD271800A2AF1800A52715
:101F700002000224030004241C00A0AF2E72400FB4
:101F80002000A2A7D0FF405023801102019D113CE8
:101F9000019D053CC40106240870A524FA77400F72
:101FA00048D62426019D043CB4DA8424FA77400FF5
:101FB000019D103CFA77400F90D604260E000010C9
:101FC000019D053C019D113C019D053CB10106248C
:101FD0000870A524FA77400F48D62426019D043CBA
:101FE00048DA8424FA77400F019D103CFA77400FBD
:101FF00090D60426019D053C2F0206241870A524C6
:10200000FA77400F48D62426019D043CFA77400F0A
:10201000ECDA8424FA77400F90D604261000A0AFA3
:10202000253800002530000025280000784D400F9D
:10203000CF0004243C00BF8F2590000025104002F3
:102040003800B48F3400B38F3000B28F2C00B18FC2
:102050002800B08F0800E0034000BD27019D113C1F
:10206000019D053CBA0106240870A524FA77400FAB
:1020700048D62426019D043C80DA8424FA77400F58
:10208000019D103CFA77400F90D60426DAFF00102D
:10209000019D053CE0FFBD271400B0AF86BF103C9A
:1020A0002001028E1C00BFAF0002427C560040108F
:1020B0001800B1AF0080023C2805438C08000224C0
:1020C000380302AE401103002310430080100200C9
:1020D00021104300801102006C8082AF2003028E29
:1020E000C000427C6100401000040224340302AEB0
:1020F0002003028E4001427C170040100080113CFA
:10210000E00431268800228E1D00401000000000EF
:102110006C80828F0100033CC0D46334FFFF4224F3
:102120002B104300050040146880828F5080828FFE
:102130006F004010029D023C6880828F5500405025
:1021400000010224FFFF422451004010688082AF4A
:1021500000010224380102AE2001028E0002427CFE
:10216000450040101C00BF8F10000224380102AE51
:102170001800B18F1400B08F0800E0032000BD27C5
:102180002004028E2004038E4211020082190300F3
:102190002610430001004230DDFF4054988180AF9B
:1021A0009881828F411F432CD9FF6050688080AF97
:1021B000010042244006432C61006010988182AFE8
:1021C0005100422CD2FF4014029D023C00EA42D44E
:1021D000029D023C500021D6F8E940D40208204676
:1021E0003E1120465E0006450D00204601002246B5
:1021F0000080033C0D0020460000024425104300EF
:10220000C3FF0010688082AF2002028EC003427CB0
:10221000B2FF4010000000000080113CE0043126B5
:10222000400020D63C002C461D0001456C80828F6A
:102230003B004050C8818293FFFF42246C8082AFF4
:102240000100033CC0D463342B104300340040141D
:10225000C881829308000224380302AE2003028E54
:10226000C000427CA1FF401400040224380302AEE7
:102270009FFF00100000000010000224340102AE95
:102280001800B18F1400B08F0800E0032000BD27B4
:1022900000010224340102AEAFFF00100000000074
:1022A0009000238E3C81848F2B188300E0FF601404
:1022B00000000000070040544800238EC88182932C
:1022C000040040544800238EC97A400F00000000EB
:1022D0004800238E401103002310430080100200A9
:1022E0002110430080110200D5FF00106C8082AFE6
:1022F00000EA42D4029D023C500020D6F8E944D4C2
:10230000020024463E1220460F000B4501002246E3
:102310000D0020460000024488FF0010688082AF54
:1023200012004014000000006C80828FC9FF40142E
:1023300008000224340302AE68FF00100000000011
:1023400073FF0010688080AF0080033C0D002046C2
:10235000000002442510430078FF0010688082AF1F
:10236000000002446AFF0010688082AF486A400F94
:10237000000000006C80828FECFF0010C88180A3F9
:10238000E8FFBD27B80B04241400BFAFE075400F71
:102390001000B0AFA2004010848182AF7079400F6E
:1023A00086BF103C00400224253000002528000094
:1023B00025200000380202AED274400F0000000059
:1023C00020030224188182AF1881828FFEFF401CF7
:1023D00001000224340302AE02000224188182AFFD
:1023E0001881828FFEFF401C01000224380302AED8
:1023F000803E0224188182AF1881828FFEFF401C2C
:10240000000000002A77400FFD000424B1000624DC
:1024100025280000D274400F010004242A77400FC1
:10242000AE0004242A77400F150004242530000054
:1024300025280000D274400F010004247F000624E8
:1024400025280000D274400F010004242A77400F91
:10245000750004242530000025280000D274400FA8
:10246000010004247F00062425280000D274400FB8
:10247000010004242A77400FA000042477000624DA
:1024800025280000D274400F010004242A77400F51
:10249000A20004242530000025280000D274400F3B
:1024A000010004242A77400FA60004242A77400F55
:1024B000AB0004240100062425280000D274400F3C
:1024C000010004242A77400FAF0004242A77400F2C
:1024D000B10004243200062425280000D274400FE5
:1024E000010004242A77400FB3000424F1000624DD
:1024F00025280000D274400F010004242A77400FE1
:10250000B4000424A000062425280000D274400F43
:1025100001000424B500062425280000D274400FD1
:10252000010004245500062425280000D274400F21
:10253000010004242A77400FB50004240B00062470
:1025400025280000D274400F010004242A77400F90
:10255000B60004240100062425280000D274400F90
:10256000010004242A77400FBB000424170006242E
:1025700025280000D274400F010004242A77400F60
:10258000BE0004240500062425280000D274400F54
:10259000010004242A77400FC10004248800062487
:1025A00025280000D274400F010004247000062486
:1025B00025280000D274400F01000424880006245E
:1025C00025280000D274400F010004242A77400F10
:1025D000C70004240F00062425280000D274400FF1
:1025E000010004242A77400FCA0004247F00062437
:1025F00025280000D274400F010004242A77400FE0
:10260000AF0004241400BF8F1000B08F25300000ED
:102610002528000025200000D274400B1800BD279B
:10262000029D043C6E78400F94E484245BFF00100C
:10263000000000008C81828FE8FFBD271400BFAF2F
:102640000F0040101000B0AFA881848F1F008014CD
:10265000AC81838F21104300490040040200042410
:102660007900441406000324B081828FAC8183AFCB
:10267000030040108C8180AFA366400F0000000073
:10268000748282937880838F8001427C0C00431097
:102690001400BF8F09004014788082AFAC81828F14
:1026A0000100032458004310060004245200441083
:1026B0001400BF8F23004010A881828F1400BF8FA9
:1026C0001000B08F0800E0031800BD27390060102B
:1026D00001000424EBFF6454748282930080103C58
:1026E000E0041026029D033CF8DA62D4780001D69B
:1026F00000008244210080462100224C3C002246FA
:102700005A000245029D023C780002F69251400FA9
:10271000000000007800068E7C00078E019D053CBD
:102720000080103C7804042668E2A524D878400F85
:102730008C8180AFA875400F78040426D1FF00106B
:10274000748282934F004014019D043C019D043C1F
:102750004CE28424A875400FA88183AF0080023C1E
:102760005005428C5A0040141400BF8F1000B08FE7
:10277000019D043C60E28424A875400B1800BD272D
:10278000060002244992033C93246324180043006A
:10279000C3270200101800002118620083180300EC
:1027A00023186400C020030023188300AEFF00102C
:1027B000231843000080103CE00410267000028EB5
:1027C000019D043C4CE284240100422C700002AEC6
:1027D000A875400F8C8180AF7000028E1F0040549E
:1027E000019D043C019D043CA875400F60E28424D7
:1027F000A4FF0010748282931000B08F1800BD27D0
:10280000A366400BB08183AFA881838F0080043C16
:102810005805868C5C05878C260060100080103C73
:10282000019D053C98E2A52478040426D878400F41
:10283000A88180AF780404261400BF8F1000B08FE9
:10284000A875400B1800BD270500042486FF44101E
:1028500001000324CCFF00104992033CA875400FEF
:1028600064E2842487FF00107482829320DB42D4C8
:102870003C112046A5FF0745780002F6A3FF001093
:10288000780000F680E28424A875400FA88180AF0C
:102890000080023C5005428C0D0040141400BF8F94
:1028A0001000B08F019D043C94E28424A875400B75
:1028B0001800BD27019D053C68E2A5247804042684
:1028C000D878400FA88182AFDBFF0010780404267F
:1028D0001000B08F019D043C64E28424A875400B75
:1028E0001800BD270D0A2121212043524954494394
:1028F000414C204841524457415245204558434598
:102900005054494F4E202121210D00004341555381
:10291000453A2025732028436F64653A20257529A0
:102920000D0A00004144445245535320284550436A
:10293000293A203078253038580D0A00496E7465E0
:102940007272757074000000544C42204D6F6469BF
:102950006669656400000000544C42204D69737341
:1029600020284C6F61642F4665746368290000005D
:10297000544C42204D697373202853746F7265293B
:102980000000000041646472657373204572726FC9
:102990007220284C6F61642F4665746368290000BB
:1029A00041646472657373204572726F722028539C
:1029B000746F726529000000427573204572726F52
:1029C000722028496E737472756374696F6E204645
:1029D0006574636829000000427573204572726F48
:1029E00072202844617461204C6F61642F53746FAE
:1029F0007265290053797363616C6C004272656182
:102A00006B706F696E7400005265736572766564F1
:102A100020496E737472756374696F6E00000000F4
:102A2000436F70726F636573736F7220556E757349
:102A300061626C650000000041726974686D6574C4
:102A40006963204F766572666C6F770054726170AF
:102A5000000000004D534120466C6F6174696E6741
:102A600020506F696E740000496D706C656D656E05
:102A7000746174696F6E2053706563696669630081
:102A8000436F72457874656E6420556E757361622C
:102A90006C650000436F70726F636573736F7220B3
:102AA0003220457863657074696F6E005265736596
:102AB00072766564202831382900000052657365FC
:102AC000727665642028313929000000544C422078
:102AD0004578656375746520496E6869626974003C
:102AE00052657365727665642028323129000000D2
:102AF00052657365727665642028323229000000C1
:102B0000574154434820457863657074696F6E007F
:102B10004D616368696E6520436865636B00000002
:102B2000526573657276656420283235290000008D
:102B3000526573657276656420283236290000007C
:102B4000526573657276656420283237290000006B
:102B5000526573657276656420283238290000005A
:102B60005265736572766564202832392900000049
:102B70004361636865204572726F720052657365C8
:102B80007276656420283331290000008C81828FA1
:102B9000E8FFBD271400BFAF100040101000B0AF19
:102BA000A881848F20008014AC81838F2110430082
:102BB00049004004020004247F004414060003245A
:102BC000B081828FAC8183AF030040108C8180AFD5
:102BD000A366400F000000008C8180AF7482829356
:102BE0007880838F8001427C0C0043101400BF8FDB
:102BF00009004014788082AFAC81828F01000324E9
:102C00006000431006000424590044101400BF8FD4
:102C100022004010A881828F1400BF8F1000B08F57
:102C20000800E0031800BD273800601001000424EC
:102C3000EAFF64548C8180AF0080103CE0041026D1
:102C4000029D033CF8DA62D4300001D600008244D1
:102C5000210080462100224C3C02224661000845AA
:102C6000029D023C300002F69251400F000000002D
:102C70003000068E3400078E019D053C0080103C1C
:102C800078040426D878400F58E3A524A875400F8F
:102C900078040426D1FF00108C8180AF0080043CB2
:102CA0000805868C0C05878C540040100080103C71
:102CB000019D053C70E3A52478040426D878400FD4
:102CC000A88180AF780404261400BF8F1000B08F55
:102CD000A875400B1800BD27060002244992033C4A
:102CE0009324632418004300C32702001018000037
:102CF000211862008318030023186400C020030019
:102D000023188300AEFF0010231843000080103CFE
:102D1000E0041026029D033CF8DA62D4280001D6B4
:102D200000008244210080462100224C3C002246C3
:102D300026000045029D023C280002F69251400FF9
:102D4000000000002800068E2C00078E019D053C27
:102D50000080103C78040426D878400F40E3A52476
:102D6000A875400F780404269CFF00108C8180AF6A
:102D70001000B08F020002241800BD27A366400B8C
:102D8000B08182AFA881838F0080043C1005868CBF
:102D90001405878C200060140080103C019D053CC8
:102DA00058E3A52478040426D878400FA88182AF80
:102DB000C5FF0010780404260500042480FF441099
:102DC00001000324C6FF00104992033C20DB42D4DB
:102DD0003C112046D9FF0745280002F6D7FF001016
:102DE000280000F620DB42D43C1320469EFF0F450E
:102DF000300002F69CFF0010300000F6019D053CFB
:102E000040E3A52478040426D878400FA88183AF36
:102E1000ADFF001078040426019D053C88E3A5243D
:102E200078040426D878400FA88180AFA6FF001050
:102E3000780404263C00828C4C00838CD0FFBD2794
:102E40001400B1AF2B1843001000B0AF2C00BFAF7F
:102E50002800B6AF2400B5AF2000B4AF1C00B3AF5C
:102E60001800B2AF25808000330060102588A000D4
:102E7000010043243C0083AC00005290D5FF422661
:102E80004408027C1600401425A000003C00028E7D
:102E90004C00038E2D00523A2B1843002A0060107C
:102EA0000100542E010043243C0003AE0000529068
:102EB000D0FF42260A00422C0A004014D0FF4226CE
:102EC000090020120A00422C4C00028E050040101E
:102ED000D0FF42263C00028EFFFF42243C0002AE9F
:102EE000D0FF42260A00422C1B0040142598000007
:102EF0004C00028E040040100080153C3C00028E05
:102F0000FFFF42243C0002AE2C00BF8F2510600260
:102F10002518A0022800B68F2400B58F2000B48F9A
:102F20001C00B38F1800B28F1400B18F1000B08F47
:102F30000800E0033000BD27586C400F000000007F
:102F4000CEFF001025904000586C400F2520000255
:102F5000D7FF001025904000CC0C153CCCCCB536EA
:102F60003C00028E4C00038E2B1843001D006010A5
:102F7000010043243C0003AE000051900A000224EB
:102F800002186272D0FF22260A00422C2198720099
:102F900004004010D0FF73262A107502F0FF401481
:102FA000259020024701163CC3AF130015AED6365C
:102FB000D0FF22260A00422C120040142A10B6022A
:102FC0004C00028E400040543C00028ECEFF801226
:102FD00023881500239813002B101300CAFF00103C
:102FE00023A82202586C400F25200002E3FF0010A6
:102FF00025884000586C400F252000021200001068
:103000000A00032426004010FFFFC2260500A21676
:10301000E17A023CAE4742242B106202210040506C
:10302000D0FF31263C00028E4C00038E2B1843004B
:10303000F0FF601000000000010043243C0003AEDC
:10304000000042900A00032419007300129000004F
:10305000109800000220757021989300C32711007A
:10306000218851022B1832022120640221186400A9
:10307000D0FF33262B887102FFFF632421A823028F
:10308000CBFF0010258840004C00038E2B18430016
:1030900009006010010043243C0003AE0000519081
:1030A000D0FF31260A00312EF7FF20563C00028E59
:1030B000C4FF00104C00028E586C400F2520000207
:1030C000F7FF001025884000FFFF4224BFFF0010DB
:1030D0003C0002AED0FFBD273800AEF71C00B3AFF6
:1030E0001800B2AF3C00B38F3800B28F2C00BFAFD6
:1030F00040101300C21F1200251062004028120069
:103100002518A2002800B6AF2400B5AF2000B4AF48
:103110001400B1AF1000B0AF0F0060103000ACF77A
:10312000F07F043C00F0667E010083242B18C3006E
:103130000A0060103000A0D70300C4143400B48F1C
:10314000070040163800A1D7FF0703240055957EDD
:103150001100A3163000A48F3000A0D73800A1D7EB
:1031600002002146030020463000A0F72C00BF8F4C
:103170003000A0D72800B68F2400B58F2000B48F70
:103180001C00B38F1800B28F1400B18F1000B08FE5
:103190000800E0033000BD27C237040040181400C7
:1031A0002518C3002B3843000E00E0144030040003
:1031B000030062142B38A6000A00E014000000008F
:1031C000EBFFA6142C00BF8FEAFF43543000A0D7BA
:1031D000000080443000A1D70000E044E2FF00106E
:1031E000020820463A00A01602150400001B140035
:1031F00025184300001304002F0061040100062479
:103200002330D5007577400F2528800225804000A7
:10321000258860000055767E3800C016021D120019
:103220000013130025106200002312002D0041043A
:103230000100062425204002252860027577400FF2
:103240002330D600259860002590400023181202F4
:103250002B20030223103302231044002A20D5021E
:103260002A008014000000000400400425206200B1
:10327000D7FF8010258060002588400002151100CE
:103280002D004050C21710003000A05A0100062443
:10329000F0FF033C21882302001D15002518710052
:1032A0002528800204F0057C2538A3003000B0AF4B
:1032B000AEFF00103400A7AFC23702004028030061
:1032C000FFFFB5262518C500CBFF001040100200F7
:1032D0000098837E1000113C25808000CDFF0010F7
:1032E00025882302C22F040040180200FFFFD626C3
:1032F0002510A300CDFF0010402004000098737E2D
:103300001000033CD1FF0010259873000400400416
:1033100025206200AEFF80102580600025884000D7
:10332000C21710004088110025885100408010000D
:10333000C6FF0010FFFFB526408811002588510008
:1033400040801000CDFF0010FFFFB52625200002B1
:103350002330D5006677400F25282002D0FF0010CB
:1033600025804000C0FFBD27010004243C00BFAF02
:103370003400B5AF3800B6AF3000B4AF2C00B3AFF7
:103380002800B2AF2400B1AF9D76400F2000B0AF4F
:103390001400A527B57A400F0100042479004014D9
:1033A00025A8400025B00000029D143C029D133C5E
:1033B000029D123C029D113C1400A58F01000424C3
:1033C000B77A400F0200A5349D76400F0100042417
:1033D0001080848FB57A400F1000A5270300401499
:1033E0001000A28F17004014040042300100042492
:1033F0000E0002249D76400F108082AF1080848FD3
:10340000B57A400F1000A527030040141000A28FCA
:103410000C00401404004230010004241300022474
:103420009D76400F108082AF1080848FB57A400F58
:103430001000A5273A004054029D053C1000A28FC1
:103440000400423060D590260100D62620004014AA
:1034500002000424AAAA023CABAA42341900C20208
:1034600010100000421002004018020021106200FB
:103470002200C2161400A58F9D76400F00000000A8
:103480001080848FB57A400F1000A5271000A28FFE
:1034900004004230EDFF40540100D626AE00062461
:1034A00025280002FA77400F54876426FA77400FE8
:1034B000AC874426FA77400F888724261000A28F15
:1034C0000100D62604004230E2FF4010020004242E
:1034D0003C00BF8F2510A0023800B68F3400B58F96
:1034E0003000B48F2C00B38F2800B28F2400B18F2E
:1034F0002000B08F0800E0034000BD270100042435
:10350000B77A400F0200A5341000A28F04004230A9
:10351000AAFF40501400A58FEEFF00103C00BF8FA3
:10352000029D043C9A00062460D5A5245487842477
:10353000FA77400F1800A2AF029D043CFA77400FC3
:103540008C878424029D043CFA77400F888784246A
:103550001800A28F3C00BF8F3800B68F25A840000E
:103560002510A0023000B48F3400B58F2C00B38F2B
:103570002800B28F2400B18F2000B08F0800E00334
:103580004000BD27029D053C029D043C76000624B8
:1035900060D5A524FA77400F54878424029D043C0B
:1035A000FA77400F68878424029D043CFA77400F25
:1035B000888784243C00BF8F2510A0023800B68F76
:1035C0003400B58F3000B48F2C00B38F2800B28F39
:1035D0002400B18F2000B08F0800E0034000BD2719
:1035E0003F008224FF004230D0FFBD270F00432C54
:1035F0002C00BFAF4000A893790060101C00A4A36A
:10360000019D033C80100200183663240A10627C7E
:1036100008004000000000001037019D1037019D98
:103620003037019D6C37019D5436019D5436019D04
:103630009037019D9037019DBC37019DF836019D63
:10364000E037019DE037019DE037019DE037019DA6
:10365000E036019D1D00A0A31E00A0A705000724C1
:10366000D480829360004054FFFFE7241C00A82709
:10367000FFFFE924019D053C213009017F00022460
:1036800025180001020000108470A5240000649039
:10369000401002002610440001006324FBFF661462
:1036A0008A11A27C1000A5272148A9004010020021
:1036B000030004240C0022A11000A8AF1400A0AF46
:1036C0002E72400F1800A7A75100401401000324D8
:1036D0002C00BF8F251060000800E0033000BD27DC
:1036E000FFFF02241D00A2A3FFFF02241E00A2A7C9
:1036F000DBFF00100500072402140500A028057C4C
:103700001D00A2A31E00A5A7D5FF001005000724D9
:1037100002140500A038077CA028057C2000A7A77C
:103720001D00A2A31E00A5A7CDFF001007000724BF
:1037300003000011003AA27C80FF032425104300FF
:10374000023E06001D00A2A3021C06000212060093
:103750001F00A7A31E00A5A32000A3A32100A2A3CE
:103760002200A6A3BEFF00100800072403000011DA
:10377000003AA27C80FF0324251043001D00A2A371
:103780001E00A5A31F00A0A3B5FF0010050007247D
:1037900002340500021C070002120700A028057C65
:1037A0002200A7A31D00A6A31E00A5A72000A3A377
:1037B0002100A2A3AAFF001008000724A030067C65
:1037C0000214050002342600A028057C1D00A2A3D7
:1037D0001E00A5A72000A6AFA1FF00100900072426
:1037E000BBFF001025180000FF00E7301C00A827D1
:1037F0001000A527030004241000A8AF1400A0AFF8
:103800002E72400F1800A7A7B1FF4010010003243B
:10381000019D053C019D043C110106245470A52422
:10382000FA77400F48D68424019D043CFA77400F74
:1038300064D78424019D043CFA77400F90D68424F9
:103840002C00BF8F25180000251060000800E00341
:103850003000BD27110D0A0A50574D204146534BE9
:10386000206F757470757420696E697469616C6914
:103870007A65640D0A000000426175646F7420551A
:1038800041525420696E697469616C697A65640D8E
:103890000A00000044796E616D6963207468726586
:1038A00073686F6C6420696E697469616C697A65AC
:1038B000640D0A0044656661756C7420636F6E6602
:1038C0006967206C6F616465640D0A0046696C74F9
:1038D00065727320696E697469616C697A65640DDB
:1038E0000A00000041474320696E697469616C6990
:1038F0007A65640D0A000000446973706C61792078
:10390000696E697469616C697A65640D0A0000000A
:103910004146534B2067656E657261746F72206912
:103920006E697469616C697A65640D0A0000000053
:1039300045787465726E616C20666C6173682049AD
:1039400044203D2025782E2053686F756C642062DA
:1039500065206566333031330D0A000053617665AA
:103960006420636F6E666967206C6F616465640DC7
:103970000A000000536176656420636F6E666967B4
:10398000206E6F74206C6F616465642E20557369BE
:103990006E672064656661756C7420636F6E66691E
:1039A000672E00000D0A0A57696669206D6F6475FD
:1039B0006C6520696E697469616C697A6174696F9C
:1039C0006E0D0A00574946492043686970204944F2
:1039D0003A2025782E2053686F756C64206265202C
:1039E0003135303361300D0A000000000A44535075
:1039F0002054550D0A68747470733A2F2F77366906
:103A000077692E6F72672F727474752F44737054B8
:103A100055330D0A000000004275696C6420446152
:103A200074653A20000000004D6179203237203261
:103A3000303236000D0A0D0A000000000C573649DE
:103A40005749204453502054550D0A004275696C63
:103A5000640D0A000D0A77366977692E6F72672F39
:103A60000D0A0000727474792F4473705455330D2D
:103A70000A00000055534220426175643A202575C2
:103A80000D0A0000436F6E6E656374696E67207483
:103A90006F20636F6E666967757265642053534962
:103AA0004400000025662C2025662C2025660D0A82
:103AB000000000000D0A3E002020204556454E54CF
:103AC0003A204D324D5F574946495F5359535F5431
:103AD000494D455F4556454E540D0A0057694669A4
:103AE0002053797374656D2054696D653A20000028
:103AF00025752D25303268692D253032687554259D
:103B0000303268753A25303268753A25303268753A
:103B10000D0A3E000D0A284150502928494E464FB3
:103B20002920444843502049502041737369676EEF
:103B30006564205375636365737366756C6C792176
:103B40000D0A0000202020495020416464726573F2
:103B500073203A2025752E25752E25752E25750D79
:103B60000A00000C2020205375626E6574204D61A0
:103B7000736B3A2025752E25752E25752E25750D0E
:103B80000A00000C202020476174657761792020AD
:103B900020203A2025752E25752E25752E25750D8C
:103BA0000A00000C202020444E5320536572766595
:103BB00072203A2025752E25752E25752E25750D1A
:103BC0000A0D0A002020204556454E543A204D3219
:103BD0004D5F574946495F5750535F4556454E54D0
:103BE0000D0A00002020204556454E543A204D3203
:103BF0004D5F574946495F49505F434F4E464C49D8
:103C000043545F4556454E540D0A00000D0A57694E
:103C10002D4669205363616E20436F6D706C65742F
:103C2000652120466F756E64202564206E6574776B
:103C30006F726B732E0D0A0020205B2532645D20AD
:103C4000525353493A202533642064426D20205357
:103C50005349443A2025730D0A00000C3E0D0A001A
:103C60002020204556454E543A204D324D5F57494D
:103C700046495F50524F564953494F4E5F494E4651
:103C80004F5F4556454E540D0A00000C202020453C
:103C900056454E543A204D324D5F574946495F4490
:103CA000454641554C545F434F4E4E4E4543545F3D
:103CB0004556454E540D0A002020204556454E5489
:103CC0003A204D324D5F574946495F50524E475F4B
:103CD0004556454E540D0A002121212120556E6B79
:103CE0006E6F776E2057692D4669206576656E7414
:103CF00020282564290D0D0A000000002020200A3C
:103D00004552524F52204556454E543A20256C7527
:103D10000D0A00008C81828FE8FFBD271400BFAF21
:103D2000160040101000B0AFA881848F2E008014C0
:103D3000AC81838F211043000C0040040600032453
:103D40004992033C9324632418004300C3270200D4
:103D50001018000021186200831803002318640063
:103D6000C02003002318830023184300B081828FF2
:103D7000AC8183AF330040148C8180AF7482829316
:103D80007880838F8001427C140043101400BF8F21
:103D900011004014788082AFAC81828F0700432CE1
:103DA0000D00601080180200019D023CBC3D4224C1
:103DB0000A10437C0800400000000000EC3E019D1A
:103DC000043F019D6C3E019D883E019D903E019DFA
:103DD000E43E019D543E019D1400BF8F1000B08F42
:103DE0000800E0031800BD2704000224E4FF621469
:103DF000748282930080103CE00410268000028EC2
:103E0000019D043CE8DF84240100422C800002AEC6
:103E1000A875400F8C8180AF8000028E3B0040501F
:103E2000019D043C019D043CA875400F04E08424DE
:103E3000019D043CA875400FE0DF8424D0FF0010F2
:103E400074828293A366400F00000000CCFF001034
:103E5000748282931400BF8F1000B08F1800BD27AA
:103E6000B08180AF5474400BAC8180AF0500022458
:103E70001400BF8F1000B08F1800BD27B08182AF33
:103E8000A366400BAC8180AFF9FF0010060002244E
:103E9000A881828F21004014019D043C019D043CB7
:103EA00001000224E8DF8424A875400FA88182AFB6
:103EB0000080023C6005428C24004054019D043C7B
:103EC000019D043CA875400F00E084241400BF8FBE
:103ED0001000B08F019D043CE0DF8424A875400BE6
:103EE0001800BD27E2FF0010020002241400BF8F5B
:103EF0001000B08F030002241800BD27A366400BFA
:103F0000B08182AFDAFF001004000224A875400FD0
:103F100000E08424C7FF0010019D043C08E08424D5
:103F2000A875400FA88180AF0080023C6005428CDC
:103F30000A0040141400BF8F1000B08F019D043C94
:103F400000E08424A875400B1800BD27A875400F19
:103F500004E08424DEFF00101400BF8F1000B08F37
:103F6000019D043C04E08424A875400B1800BD2783
:103F7000284150502928455252295B25735D5B2505
:103F8000645D000028484946294661696C20746FC9
:103F90002077616B75702074686520636869700AAA
:103FA000000000000D0000002868696629205749BC
:103FB00046495F484F53545F5243565F4354524CF7
:103FC0005F3120627573206661696C0A0000000031
:103FD000286869662920616464726573732062755C
:103FE00073206661696C0A00286869662920436F3E
:103FF00072727570746564207061636B65742053B0
:10400000697A65203D202575203C4C203D20257592
:104010002C2047203D2025752C204F50203D202569
:104020003032583E0A000000286869662920696E0F
:1040300076616C69642067726F75702049440A006C
:10404000286869662920686F737420617070206425
:1040500069646E27742073657420525820446F6E13
:10406000650A000028686966292057726F6E67200C
:1040700053697A650A00000028686966292046614C
:104080006C736520696E7465727275707420256C2E
:10409000780000002868696629204661696C2074F0
:1040A0006F205265616420696E74657272757074F8
:1040B000207265670A000000286869662920464169
:1040C000494C20746F2077616B657570207468654A
:1040D00020636869700A0000284849462920466123
:1040E000696C20746F2068616E646C6520696E7401
:1040F000657272757074202564207472792041672E
:1041000061696E2E2E0A0000206869665F72656321
:10411000656976653A20496E76616C6964206172E2
:1041200067756D656E740A00415050205265717557
:1041300065737465642053697A65206973206C61C6
:1041400072676572207468616E207468652072659C
:104150006369766564206275666665722073697A44
:1041600065203C25643E3C25643E0A0041505020B9
:10417000526571756573746564204164647265731A
:1041800073206265796F6E64207468652072656360
:104190006976656420627566666572206164647222
:1041A00065737320616E64206C656E6774680A00C5
:1041B000475270203F2025640A0000000000ACF741
:1041C0000400A38FF07F023C2420620005008214CB
:1041D0000000A58F21608C4D0000A0F70800E003CF
:1041E0000000A0D70E00601C2510A00000F0647C29
:1041F00025208500F9FF801000000000720060108B
:10420000252000000000A0D70080023C21000324EC
:1042100001002046A86C43ACEFFF001003002046CD
:10422000032503005D0080102528000001FC872481
:104230000098637C1000043C251864000100E43001
:1042400004008010C22702004018030021186400F7
:1042500040100200C227020040180300211883000A
:1042600040100200160008242000043C252800000D
:10427000253000002148C4002A506900050040553F
:10428000C24F020021302401231869002128A40014
:10429000C24F020040180300FFFF08252118230128
:1042A00040100200F3FF001542200400252000000A
:1042B00020000B240080093C2A60C3000500801503
:1042C000215028010F0066142B604A000E00805513
:1042D000C257020021404901030041052560C0008A
:1042E000010003050100CC24231866002B304A008E
:1042F0000100C054FFFF632423104A0021208900DD
:1043000025308001C257020040180300FFFF6B25D3
:104310002118430140100200E7FF601542480900E0
:10432000251862000C006010029D023C78EA40D41F
:10433000029D023C80EA42D4010122463E0024460E
:1043400005000045FFFF022424008254800022461D
:104350000100A524252000000100A2300300401028
:10436000422004000080023C2520820043280500F2
:10437000E03F023C433807002128A200003D07002F
:104380002118E5000000A4AF94FF00100400A3AFC3
:10439000C21A0200EBFFA52440150200FCFF6010CA
:1043A0001000073C243067000900C01023300400CF
:1043B0000630C200FFFF8724041082002518C300C6
:1043C0009AFF00102320A700F4FF0010252800000A
:1043D00040180300F3FF0010010084243C01224632
:1043E00005000445FEFF0224010082500100A524BF
:1043F000D9FF00100200842401008424D6FF00109D
:104400000400047C82BF033C400002240A2804000C
:10441000141262AC8600C010000000001012628C02
:1044200020004230060040142B58A7002012628C56
:104430001012628C20004230FCFF40102B58A70065
:104440002310E5000A100B00255840000012628C72
:10445000000842306A004010000000008238070067
:104460008228050082580B001012628C080042302E
:10447000FDFF4010254000002548000025500000A9
:104480001B004511000000000012628C0008423041
:104490004000401001004C2580500A000A108A7C20
:1044A00025508001201262AC160027110000000088
:1044B0001012628C20004230FDFF40142B102701A7
:1044C00020126C8CEEFF4010000000000012628C85
:1044D000000842303A00401001002D2580480900B4
:1044E0002148C90000002CADE7FF45152548A00173
:1044F0001300601100000000201260ACECFF2715D3
:10450000FFFF6B251012628C08004230FDFF401047
:10451000000000001012628C20004230D8FF4014CE
:10452000000000002012628C1012628C20004230C9
:10453000FCFF401001000825D1FF00100000000022
:104540001012628C80004230FDFF40102B10E500FD
:104550000E0040102328A7000C00051100000000E9
:104560001012628C20004230FBFF4014000000005B
:104570002012628C1012628C20004230FCFF40102E
:1045800001000825F6FF0515000000000800E00303
:10459000010002240012628C0004423011004050DD
:1045A0008A118A7C40500A0021508A0000004295FE
:1045B00025508001201262ACBBFF001000000000FB
:1045C0000012628C000442300A0040502148C900A9
:1045D000401009002110C20000004CA4A8FF0010E8
:1045E0002548A00125508001201262ACAEFF0010CA
:1045F0000000000000002CA1A1FF00102548A00130
:104600000012628C0004423097FF4010000000004E
:104610001012628C42380700422805000800423020
:1046200091FF401042580B0093FF001025400000FE
:104630001012678C2000E7307CFFE0102558000046
:1046400082FF00102538000086BF033C2001628CE9
:1046500098FFBD273C00BFAFC001427C3800B3AF1C
:104660003400B2AF3000B1AF2C00B0AF5800BAF791
:104670005000B8F74800B6F77F0040144000B4F788
:10468000029D023CF0DA44D42001628C4003427C5B
:104690006C0040100080023CE0045224029D023C69
:1046A000180042D6B8DA40D4100041D6801622460F
:1046B00002102046020024468108204600082046B9
:1046C000988282F7788280F7280041D6200054D65D
:1046D000029D023CC0DA44D4020D3446029D023CE5
:1046E000C8DA56D4A08293278C82902708007126BE
:1046F000031634460305344602C6244602A5244662
:104700000000648E1000A2F725300000253800005C
:10471000020005242000B8F72441400F1800B6F726
:10472000788280D70000048E2000B4F71800B6F716
:104730001000A0F7253000002538000002000524F5
:104740002441400F04007326030071120400102658
:10475000EBFF0010988282D7200041D6300040D66F
:10476000029D023CD0DA54D4020021468482848F18
:104770002000B4F71800B6F72530000025380000F7
:10478000252800002441400F1000A0F7200041D64A
:10479000300040D6A882848F2000B4F70200214662
:1047A0001800B6F725300000253800002528000045
:1047B0002441400F1000A0F7788282D7988280D7DA
:1047C000AC82848F1800B6F7020022462530000024
:1047D00025380000020005240400204683063A46DE
:1047E0001000A0F72441400F2000BAF7680040D61F
:1047F000200042D68082848F2000B4F70200224637
:104800001800B6F7253000002538000025280000E4
:104810002441400F1000A0F73C00BF8F3800B38F39
:104820003400B28F3000B18F2C00B08F5800BAD74F
:104830005000B8D74800B6D74000B4D7E260400B6C
:104840006800BD27E00440D4E0045224029D023CED
:10485000080041D6B8DA54D4800E2146020D344601
:1048600002A524468100344600003446988282F72F
:1048700095FF0010788280F7029D023C82FF0010B5
:10488000E8DA44D4C0FFBD273800B6AF3400B5AF76
:104890003000B4AF2C00B3AF3C00BFAF2800B2AFC4
:1048A0002400B1AF2000B0AF25A880002598A0005B
:1048B00025B0C00025A000000A0010240100122429
:1048C0001000A527030004241E00A2271000A0AF9B
:1048D0001400A2AF2E72400F1800B2A72588400026
:1048E000FFFF05260F00032430004014FFFF0424BF
:1048F0001E00A293021102001300431000000000EA
:104900002086057CEFFF04161000A527019D053CBD
:10491000019D043C6C0106243470A524FA77400FF5
:1049200048D684241E00A593019D043CFA77400FCD
:10493000C8D68424019D043CFA77400F90D6842485
:10494000280000103C00BF8FF0FF00120120622EF3
:104950000200401425186002002003242110B40234
:104960001000A52703000424FFFF70301000A0AF43
:104970001400A2AF2E72400F1800A3A735004014F8
:10498000D48082932510C202200040101C00A22770
:104990002398700221A01402FFFF7332C6FF601635
:1049A00020A6147C0E00001001001124019D053C7E
:1049B000019D043C48D6842460010624FA77400F08
:1049C0003470A524019D043C94D68424FA77400FCA
:1049D00025880000019D043CFA77400F90D684247E
:1049E0003C00BF8F251020023800B68F3400B58FF1
:1049F0003000B48F2C00B38F2800B28F2400B18F09
:104A00002000B08F0800E0034000BD271400A2AFD3
:104A10001000A52702000224030004241000A0AF08
:104A20002E72400F1800A2A7DAFF401023987002E0
:104A3000019D053C019D043C48D684248001062448
:104A4000FA77400F3470A524019D043CDFFF00106D
:104A50002CD78424019D053C019D043C750106244E
:104A60003470A524FA77400F48D68424019D043C75
:104A7000FA77400FF8D68424019D043CFA77400F62
:104A800090D68424D7FF00103C00BF8F0400A88C70
:104A9000B0FFBD274400B7AF3800B4AF2C00B1AFB2
:104AA0004C00BFAF4800BEAF4000B6AF3C00B5AF52
:104AB0003400B3AF3000B2AF2800B0AF25B88000EB
:104AC0002588A0004C0000050000B48C4408147C2C
:104AD00008003E8E10008A320000D28C0400D68C72
:104AE0000400401125A8C0032510560201004054BF
:104AF000FEFFD5270800893201002055FFFFB526AB
:104B00001000308E0C00338E2528A002FFFF1026E7
:104B100021107002000040A00200022A0B00401485
:104B200025105602360040140F00433223101501A1
:104B3000211045003300401C0A0064280300A0181F
:104B4000020082322F004014000000000B004011D0
:104B5000000000000000C28C0400C38C251043003C
:104B60000600401021107002FEFF1026FFFF47A034
:104B70003000032421107002000043A00400201123
:104B800020000324FFFF102621107002000043A024
:104B90001000268E1000B4AF2538C003FFFFC624D6
:104BA0002330D000212870022E65400F2520E0021E
:104BB0000400E38E00016330040060104C00BF8FDE
:104BC0000400238E2A2043000B1064004800BE8F8F
:104BD0004400B78F4000B68F3C00B58F3800B48FCB
:104BE0003400B38F3000B28F2C00B18F2800B08F0B
:104BF0000800E0035000BD27B5FF001001000824A5
:104C00000A006428020080105700622430006224E9
:104C1000BFFFE3241A00632C13006010200043340C
:104C20009FFF63241A00632C10006050FFFF1026C2
:104C3000252040005C00A7AF5800A6AF2400A8AF15
:104C40002000A5AF1C00A9AFA779400F1800AAAF9C
:104C50005C00A78F5800A68F2400A88F2000A58F86
:104C60001C00A98F1800AA8FFFFF102621187002C0
:104C7000000062A00291120000171600FFFFA52499
:104C800025905200A4FF001002B11600C8FFBD27F6
:104C9000CF0002243000B4AF3400BFAF2C00B3AF5C
:104CA0002800B2AF2400B1AF2000B0AF32008210B4
:104CB00025A080003B008224FF0042300200422CED
:104CC0002D0040141C00B2271000B3270B00102445
:104CD0000100022425286002030004241000A0AF74
:104CE0001400B2AF1800A2A72E72400FFFFF1026CB
:104CF0002588400035004014FF0010321C00A293AC
:104D0000040054500B001024F2FF0016010002248E
:104D10000B00102401001424252860020300042441
:104D20001000A0AF1400B2AF1800B4A72E72400F4D
:104D3000FFFF10263B004014FF0010321C00A2931E
:104D4000040040103400BF8FF4FF001625286002D5
:104D50003400BF8F01001124251020023000B48FD1
:104D60002C00B38F2800B28F2400B18F2000B08FA9
:104D70000800E0033800BD271000B3271C00B2274D
:104D80000100022425286002030004241000A0AFC3
:104D90001400B2AF2E72400F1800A2A7CCFF401033
:104DA0000B0010243400BF8F25880000251020023E
:104DB0003000B48F2C00B38F2800B28F2400B18F45
:104DC0002000B08F0800E0033800BD27019D053C9E
:104DD000019D043C300106245C70A524FA77400F45
:104DE00048D68424019D043CFA77400F5CD6842485
:104DF000019D043CFA77400F90D684243400BF8F85
:104E000025880000251020023000B48F2C00B38FBD
:104E10002800B28F2400B18F2000B08F0800E0037B
:104E20003800BD27019D053C019D043C3E01062440
:104E30005C70A524FA77400F48D68424019D043C79
:104E4000FA77400F5CD68424019D043CFA77400F2A
:104E500090D684243400BF8F251020023000B48FF8
:104E60002C00B38F2800B28F2400B18F2000B08FA8
:104E70000800E0033800BD2700E85D4100701A40DB
:104E800000601B40E8FEBD271401BAAF02601A4063
:104E90001001BBAF44781B7C00047B370C01BAAF18
:104EA00000609B40121000000401A2AFD800BFF7C1
:104EB000101800000001A3AFD000BDF712102000B1
:104EC000FC00A2AFC800BBF710182000F800A3AF89
:104ED000C000B9F712104000F400A2AFB800B7F755
:104EE00010184000F000A3AFB000B5F71018600034
:104EF000A800B3F7A000B2F7121060009800B1F755
:104F00009000B0F78800AFF78000AEF77800ADF7FB
:104F10007000ACF76800ABF76000AAF75800A9F77B
:104F20005000A8F74800A7F74000A6F73800A5F7FB
:104F30003000A4F72800A3F72000A2F71800A1F77B
:104F40001000A0F7EC00A2AFE800A3AFB81C3F7CB4
:104F50000801A3AF00F84244E400A2AF81BF023CC5
:104F60004000438C8494037C400043ACA079400F04
:104F700000000000E400A28F00F8C244FC00A58FEE
:104F80000801A38F0401A28F1308A000F800A58FC9
:104F9000F8FC617C0001A38F1108A000F400A58F2C
:104FA000D800BFD7D000BDD71310A000F000A58F48
:104FB000C800BBD7C000B9D71110A000EC00A58F66
:104FC000B800B7D7B000B5D71318A000E800A58F78
:104FD000A800B3D7A000B2D79800B1D79000B0D73F
:104FE0008800AFD78000AED77800ADD77000ACD7BF
:104FF0006800ABD76000AAD75800A9D75000A8D73F
:105000004800A7D74000A6D73800A5D73000A4D7BE
:105010002800A3D72000A2D71800A1D71000A0D73E
:1050200013004000110060001118A00000606041F2
:10503000C00000000C01BB8F1401BA8F02609B40BE
:105040001001BB8F00709A401801BD2700E8DD41B8
:1050500000609B401800004253534944206E6F7417
:10506000207365742E2055736520576653736964E9
:105070000D0A3E00576946692070617373776F723D
:1050800064206E6F74207365742E205573652057ED
:105090006650770D0A3E0000436F6E6E656374695B
:1050A0006E6720746F2025732C2025730D0A3E0037
:1050B0000D0A3E00000000000D0A0000426164205D
:1050C000636F6D6D616E642E20486173683D30784A
:1050D00025782E0D0A3E000025660D0A3E000000D0
:1050E00025640D0A3E0000000D0A53776974636859
:1050F000696E67207465726D696E616C20746F20D3
:105100006D6F64656D2E2055736520455343207483
:105110006F2072657475726E20746F20636F6D6D91
:10512000616E6420696E7465727072657465722E4A
:105130000D0A000044656661756C7420636F6E66CD
:10514000696775726174696F6E206C6F6164656404
:105150000D0A3E000D0A0A43757272656E74206373
:105160006F6E66696775726174696F6E20707269BF
:105170006E7465640D0A3E000D0A0A43757272650D
:105180006E7420636F6E66696775726174696F6EA5
:105190002073617665640D0A3E0000000D0A5265B9
:1051A00073657474696E672073797374656D0D0A25
:1051B0000000000025780D0A3E000000253032581E
:1051C0003A253032583A253032583A253032583A5A
:1051D000253032583A253032580D0A3E0000000082
:1051E0005353494420746F6F206C6F6E670000004A
:1051F00025730D0A3E00000050617373776F72646F
:1052000020746F6F206C6F6E6700000025752C2076
:1052100025750D0A3E0000007573620D0A3E000000
:105220006164630D0A3E000025750D0A3E00000012
:1052300000E85D4100701A4000601B40E8FEBD2799
:105240001401BAAF02601A401001BBAF44781B7C56
:1052500000047B370C01BAAF00609B4012100000C5
:105260000401A2AFD800BFF7101800000001A3AFDF
:10527000D000BDF712102000FC00A2AFC800BBF7A1
:1052800010182000F800A3AFC000B9F712104000BA
:10529000F400A2AFB800B7F710184000F000A3AFB9
:1052A000B000B5F710186000A800B3F7A000B2F77F
:1052B000121060009800B1F79000B0F78800AFF7C7
:1052C0008000AEF77800ADF77000ACF76800ABF780
:1052D0006000AAF75800A9F75000A8F74800A7F700
:1052E0004000A6F73800A5F73000A4F72800A3F780
:1052F0002000A2F71800A1F71000A0F7EC00A2AF61
:10530000E800A3AFB81C3F7C0801A3AF00F84244FB
:10531000E400A2AFEE77400F00000000E400A28F8F
:1053200000F8C244FC00A58F0801A38F0401A28FDE
:105330001308A000F800A58FF8FC617C0001A38F82
:105340001108A000F400A58FD800BFD7D000BDD7AA
:105350001310A000F000A58FC800BBD7C000B9D7BC
:105360001110A000EC00A58FB800B7D7B000B5D7DA
:105370001318A000E800A58FA800B3D7A000B2D7EB
:105380009800B1D79000B0D78800AFD78000AED7D3
:105390007800ADD77000ACD76800ABD76000AAD753
:1053A0005800A9D75000A8D74800A7D74000A6D7D3
:1053B0003800A5D73000A4D72800A3D72000A2D753
:1053C0001800A1D71000A0D7130040001100600002
:1053D0001118A00000606041C00000000C01BB8FEC
:1053E0001401BA8F02609B401001BB8F00709A407D
:1053F0001801BD2700E8DD4100609B401800004215
:1054000000E85D4100701A4000601B40E8FEBD27C7
:105410001401BAAF02601A401001BBAF44781B7C84
:1054200000047B370C01BAAF00609B4012100000F3
:105430000401A2AFD800BFF7101800000001A3AF0D
:10544000D000BDF712102000FC00A2AFC800BBF7CF
:1054500010182000F800A3AFC000B9F712104000E8
:10546000F400A2AFB800B7F710184000F000A3AFE7
:10547000B000B5F710186000A800B3F7A000B2F7AD
:10548000121060009800B1F79000B0F78800AFF7F5
:105490008000AEF77800ADF77000ACF76800ABF7AE
:1054A0006000AAF75800A9F75000A8F74800A7F72E
:1054B0004000A6F73800A5F73000A4F72800A3F7AE
:1054C0002000A2F71800A1F71000A0F7EC00A2AF8F
:1054D000E800A3AFB81C3F7C0801A3AF00F842442A
:1054E000E400A2AFA16E400F00000000E400A28F14
:1054F00000F8C244FC00A58F0801A38F0401A28F0D
:105500001308A000F800A58FF8FC617C0001A38FB0
:105510001108A000F400A58FD800BFD7D000BDD7D8
:105520001310A000F000A58FC800BBD7C000B9D7EA
:105530001110A000EC00A58FB800B7D7B000B5D708
:105540001318A000E800A58FA800B3D7A000B2D719
:105550009800B1D79000B0D78800AFD78000AED701
:105560007800ADD77000ACD76800ABD76000AAD781
:105570005800A9D75000A8D74800A7D74000A6D701
:105580003800A5D73000A4D72800A3D72000A2D781
:105590001800A1D71000A0D7130040001100600030
:1055A0001118A00000606041C00000000C01BB8F1A
:1055B0001401BA8F02609B401001BB8F00709A40AB
:1055C0001801BD2700E8DD4100609B401800004243
:1055D00000E85D4100701A4000601B40E8FEBD27F6
:1055E0001401BAAF02601A401001BBAF44781B7CB3
:1055F00000047B370C01BAAF00609B401210000022
:105600000401A2AFD800BFF7101800000001A3AF3B
:10561000D000BDF712102000FC00A2AFC800BBF7FD
:1056200010182000F800A3AFC000B9F71210400016
:10563000F400A2AFB800B7F710184000F000A3AF15
:10564000B000B5F710186000A800B3F7A000B2F7DB
:10565000121060009800B1F79000B0F78800AFF723
:105660008000AEF77800ADF77000ACF76800ABF7DC
:105670006000AAF75800A9F75000A8F74800A7F75C
:105680004000A6F73800A5F73000A4F72800A3F7DC
:105690002000A2F71800A1F71000A0F7EC00A2AFBD
:1056A000E800A3AFB81C3F7C0801A3AF00F8424458
:1056B000E400A2AF615C400F00000000E400A28F94
:1056C00000F8C244FC00A58F0801A38F0401A28F3B
:1056D0001308A000F800A58FF8FC617C0001A38FDF
:1056E0001108A000F400A58FD800BFD7D000BDD707
:1056F0001310A000F000A58FC800BBD7C000B9D719
:105700001110A000EC00A58FB800B7D7B000B5D736
:105710001318A000E800A58FA800B3D7A000B2D747
:105720009800B1D79000B0D78800AFD78000AED72F
:105730007800ADD77000ACD76800ABD76000AAD7AF
:105740005800A9D75000A8D74800A7D74000A6D72F
:105750003800A5D73000A4D72800A3D72000A2D7AF
:105760001800A1D71000A0D713004000110060005E
:105770001118A00000606041C00000000C01BB8F48
:105780001401BA8F02609B401001BB8F00709A40D9
:105790001801BD2700E8DD4100609B401800004271
:1057A00000E85D4100701A4000601B40E8FEBD2724
:1057B0001401BAAF02601A401001BBAF44781B7CE1
:1057C00000047B370C01BAAF00609B401210000050
:1057D0000401A2AFD800BFF7101800000001A3AF6A
:1057E000D000BDF712102000FC00A2AFC800BBF72C
:1057F00010182000F800A3AFC000B9F71210400045
:10580000F400A2AFB800B7F710184000F000A3AF43
:10581000B000B5F710186000A800B3F7A000B2F709
:10582000121060009800B1F79000B0F78800AFF751
:105830008000AEF77800ADF77000ACF76800ABF70A
:105840006000AAF75800A9F75000A8F74800A7F78A
:105850004000A6F73800A5F73000A4F72800A3F70A
:105860002000A2F71800A1F71000A0F7EC00A2AFEB
:10587000E800A3AFB81C3F7C0801A3AF00F8424486
:10588000E400A2AF3B57400F00000000E400A28FED
:1058900000F8C244FC00A58F0801A38F0401A28F69
:1058A0001308A000F800A58FF8FC617C0001A38F0D
:1058B0001108A000F400A58FD800BFD7D000BDD735
:1058C0001310A000F000A58FC800BBD7C000B9D747
:1058D0001110A000EC00A58FB800B7D7B000B5D765
:1058E0001318A000E800A58FA800B3D7A000B2D776
:1058F0009800B1D79000B0D78800AFD78000AED75E
:105900007800ADD77000ACD76800ABD76000AAD7DD
:105910005800A9D75000A8D74800A7D74000A6D75D
:105920003800A5D73000A4D72800A3D72000A2D7DD
:105930001800A1D71000A0D713004000110060008C
:105940001118A00000606041C00000000C01BB8F76
:105950001401BA8F02609B401001BB8F00709A4007
:105960001801BD2700E8DD4100609B40180000429F
:10597000B081828FE8FFBD271400BFAF0C00432C1D
:105980004D0060101000B0AF80180200019D023C75
:10599000A05942240A10437C080040000000000087
:1059A000F059019D285A019D385A019D485A019D80
:1059B000585A019D685A019D785A019D885A019D47
:1059C000985A019DA85A019DD059019DE059019D09
:1059D0001400BF8F1000B08F8F60400B1800BD27E0
:1059E0001400BF8F1000B08F9743400B1800BD27E5
:1059F000748282937880838F8001427C350043508B
:105A00008C81828F788082AF2E0040148C8180AF91
:105A10001400BF8F1000B08F010002241800BD27B2
:105A2000A366400BB08182AF1400BF8F1000B08F0F
:105A3000454F400B1800BD271400BF8F1000B08FDA
:105A4000553E400B1800BD271400BF8F1000B08FCB
:105A5000E158400B1800BD271400BF8F1000B08F15
:105A60002545400B1800BD271400BF8F1000B08FD4
:105A7000E42F400B1800BD271400BF8F1000B08F1B
:105A80008D49400B1800BD271400BF8F1000B08F48
:105A9000473C400B1800BD271400BF8F1000B08F8B
:105AA000E34A400B1800BD271400BF8F1000B08FD1
:105AB0006B64400B1800BD275474400F00000000B9
:105AC000B08180AF1400BF8F1000B08F0800E003DA
:105AD0001800BD27FCFF40101400BF8F0080033C5E
:105AE000E004632400008244029D023C380061D43B
:105AF00010DB42D4210080460080103C2100224C63
:105B0000019D053C7804042668E4A5248C8180AFBF
:105B10000000064400006744D878400F380060F465
:105B2000780404261400BF8F1000B08FA875400BB6
:105B30001800BD27D0FFBD272C00BFAF2800B4AF91
:105B40002400B3AF2000B2AF1C00B1AF050080103D
:105B50001800B0AF0300A010000000002400C01423
:105B6000258080000D00E010029D053C010002240C
:105B7000C58082A3CE75400F000000002C00BF8FAF
:105B80002800B48F2400B38F2000B28F1C00B18F87
:105B90001800B08F0800E0033000BD27019D043CD1
:105BA000703F842484020624FA77400F44DAA52447
:105BB000019D043C08418424FA77400F0000000056
:105BC000019D043CFA77400FA43F84242C00BF8F32
:105BD000F4FF02242800B48F2400B38F2000B28F7A
:105BE0001C00B18F1800B08F0800E0033000BD2703
:105BF0002590A000701004241000A5272588C0005F
:105C0000B57A400F3C00A7AFDDFF40142C00BF8FDA
:105C10001400A52784100424B57A400F1000B38F18
:105C2000D6FF40148058737E2B1071021F00401461
:105C30003C00A78F1400A28F2B18020212006014E0
:105C400021A03002211053002B1054000E004014EC
:105C50002530200225284002252000024169400FFE
:105C60003C00A7AFC5FF40141400A38F2198630226
:105C7000BEFF93123C00A78FC1FFE0102C00BF8F26
:105C8000BBFF001001000224029D053C019D043C65
:105C9000703F84249B020624FA77400F44DAA5243F
:105CA000019D043CC4FF00106C418424019D043C10
:105CB000029D053C703F842495020624FA77400F2C
:105CC00044DAA524019D043C2530600225282002E9
:105CD000FA77400F28418424019D043CFA77400F55
:105CE000A43F8424A5FF0010F4FF0224D8FFBD27A1
:105CF0001C00B2AF0080123C1400B0AFB0025026BE
:105D00000C00028E0800038E2400BFAF2000B3AF4A
:105D10002B206200030080101800B1AF1800048E21
:105D20002118640023106200510040102400BF8F2E
:105D300082BF113C0080133C1020228E00024230B2
:105D40003000401481BF023C0C00028E0800038E1C
:105D50003500435081BF023C0020238E06000524FD
:105D6000060063303600651001004424383F632686
:105D70008A11627C1800038E060005242B308300F4
:105D80000A2006000C0004AE0020248E0600843099
:105D900001008554FF004230202022AE1000029204
:105DA000E5FF4010000000000C00028E0800048E89
:105DB0002B2882000100A05421206400B002468EEE
:105DC000DDFFC010231082001C000492FFFF63243B
:105DD000231862001F0080101400028E2B1862002E
:105DE000D5FF6014000000000400058E09F8C00013
:105DF000030004241020228E00024230D2FF401003
:105E000081BF023C0400033C740043AC2400BF8FFC
:105E10002000B38F1C00B28F1800B18F1400B08F18
:105E20000800E0032800BD270400033CF40043AC55
:105E30000400033C740043ACF5FF00102400BF8F46
:105E400040100200383F632621106200C9FF001095
:105E500000004294B8FF4314000000000400058EC7
:105E600009F8C00003000424E2FF00100000000055
:105E700081BF023C0400033CF40043AC2000B38F1C
:105E80001C00B28F1800B18F1400B08F740043ACA7
:105E90000800E0032800BD27C8FFBD271400A52780
:105EA00024E804343400BFAF3000B3AF2C00B2AFED
:105EB0002800B1AF2400B0AF1400A0AFB259400F1A
:105EC000D48080A325004010019D133CD480829390
:105ED000170040101400A28F1800A527B259400FD8
:105EE0000010042448004050019D053C1000A527E7
:105EF000B259400F24E804341000A58F24E804347C
:105F0000258000000431057CE363400F5000A53478
:105F10003400BF8F251000023000B38F2C00B28FE9
:105F20002800B18F2400B08F0800E0033800BD279F
:105F300024E804348430027C500042342528400098
:105F4000E363400F1400A2AF210040102580400001
:105F500001000224E0FF0010D48082A3019D123CC6
:105F600001000224CE0206247870652648D6442615
:105F7000FA77400FD48082A3019D043C74D8842416
:105F8000FA77400F019D113CFA77400F90D62426F6
:105F90001400A527B259400F24E80434CBFF401465
:105FA00025804000D102062478706526FA77400FDC
:105FB00048D64426019D043CFA77400FC4D8842477
:105FC000FA77400F90D62426D2FF00103400BF8FFE
:105FD000019D053C019D043CDB0206247870A5244C
:105FE000FA77400F48D68424019D043CFA77400F8D
:105FF000F4D88424019D043CFA77400F90D6842481
:10600000C4FF00103400BF8F019D043CE50206244C
:106010007870A524FA77400F48D68424019D043C6B
:10602000FA77400F28D98424019D043CFA77400F69
:1060300090D68424B6FF0010FAFF1024C0FFBD27BD
:106040001800B0AF0080103C2400B3AFA4031026AA
:10605000009904001C00B1AF218813020000228EB9
:106060002C00B5AF3C00BFAF3800BEAF3400B7AFB7
:106070003000B6AF2800B4AF2000B2AF0A00401025
:106080005000B59704002296FFFF423007004010F1
:106090003C00BF8F0A00349201000224FF009432BA
:1060A0000D0082120080173C3C00BF8F3800BE8F6D
:1060B0003400B78F3000B68F2C00B58F2800B48F16
:1060C0002400B38F2000B28F1C00B18F1800B08F56
:1060D0000800E0034000BD2725B0C00025908000E7
:1060E00018000624886CE426BA78400FE48087AF55
:1060F00004002296886CE326060075A42310A202F1
:106100002016027C0700401825F0A00204003E96ED
:10611000A88094A3E18092A3FFFFDE33E08096A3E2
:1061200025A000000A28137EE480848F2538800291
:106130002530C0031000A3AFCD56400F21801302BD
:10614000120040141000A38F0000058EDC81848FA4
:1061500006006294886CE5AE04007EA423105E0005
:1061600006008010060062A4DC81828F253060006A
:106170002528C00209F8400025204002E480828FD3
:1061800021F05E00C8FF0010E4809EAF029D043C39
:10619000FA77400F20C28424029D043C2528A002E7
:1061A000FA77400F2CC284243C00BF8F3800BE8F8A
:1061B0003400B78F3000B68F2C00B58F2800B48F15
:1061C0002400B38F2000B28F1C00B18F1800B08F55
:1061D000029D043C40C28424FA77400B4000BD2756
:1061E00086BF033C2001648C748282938001847C8E
:1061F0000100453009008510000000002001658C79
:1062000025204000821105000400447C01008530F7
:10621000748284A35700A010251080002001658C93
:106220004000447C0003A57C0900A410000000008D
:106230002001658C25204000021305004408447CA1
:1062400002008530748284A34600A01025108000CF
:106250002001658C8000447CC003A57C0900A4104B
:10626000000000002001658C25204000C2130500BD
:106270008410447C04008530748284A33500A0100F
:10628000251080002002658CC000447C0003A57CA2
:106290000900A410000000002002658C25204000A9
:1062A00002130500C418447C08008530748284A35E
:1062B0002400A010251080002003658C0001447C80
:1062C0000001A57C0900A410000000002003658CDB
:1062D00025204000021105000421447C1000853077
:1062E000748284A31300A010251080002003658C05
:1062F0004001447CC002A57C0A00A45074828293B1
:106300002003648CC22204004429827C2000443093
:1063100003008014748282A3000102243C0162AC59
:10632000748282932005638C8431627C0800E003D0
:10633000748282A3200002243C0362ACEBFF0010B5
:1063400025108000080002243C0362ACDAFF001034
:1063500025108000008002343C0262ACC9FF0010AE
:1063600025108000002002243C0162ACB8FF001020
:1063700025108000800002243C0162ACA7FF0010C1
:10638000251080008C81828FE8FFBD271400BFAFED
:106390000F0040101000B0AFA881848F1C00801443
:1063A000AC81838F21104300350040040100042498
:1063B0005100441406000324B081828FAC8183AF66
:1063C000030040108C8180AFA366400F00000000E6
:1063D000748282937880838F8001427C090043100D
:1063E0001400BF8F06004014788082AFAC81828F8A
:1063F00030004010060003241C0043101400BF8F1F
:106400001400BF8F1000B08F0800E0031800BD27F4
:10641000F0FF6054748282930080033CE0046324A4
:1064200000008244029D023C380061D410DB42D45B
:10643000210080460080103C2100224C019D053C3B
:1064400078040426C0E0A5248C8180AF00000644B7
:1064500000006744D878400F380060F4A875400FFA
:1064600078040426DBFF0010748282931000B08F42
:10647000010002241800BD27A366400BB08182AF43
:10648000060002244992033C93246324180043002D
:10649000C3270200101800002118620083180300AF
:1064A00023186400C020030023188300C2FF0010DB
:1064B00023184300A881828F0080033C1805668C56
:1064C0001C05678C110040140080103C019D053CA8
:1064D00001000224C0E0A52478040426D878400FE7
:1064E000A88182AF780404261400BF8F1000B08FFB
:1064F000A875400B1800BD2705000424AEFF44100A
:1065000001000324E0FF00104992033C019D053C7B
:10651000D4E0A52478040426D878400FA88180AF61
:10652000F1FF00107804042625408500030008319F
:106530000300001125108000380000100000AA9010
:106540000000AA8C0101093C01012935C07909002C
:106550002340490124400F010700001124600A0173
:1065600005008811000000000000A5240000AA908A
:106570002A000010000084240400AB8C00008AACC8
:106580002340690124400F010700001124600B0122
:1065900005008811000000000400A5240000AA9056
:1065A0001E000010040084240800AA8C04008BAC98
:1065B0002340490124400F010700001124600A0113
:1065C00005008811000000000800A5240000AA9022
:1065D00012000010080084240C00AB8C08008AAC68
:1065E0002340690124400F010700001124600B01C2
:1065F00005008811000000000C00A5240000AA90EE
:10660000060000100C0084241000AA8C0C008BAC37
:1066100010008424CEFF00101000A52403004015B4
:1066200000008AA00800E003000000000100AB9019
:106630000300601501008BA00800E00300000000CB
:106640000200AA900300401502008AA00800E0039F
:10665000000000000300AB900300601503008BA056
:106660000800E003000000000400AA9003004015A9
:1066700004008AA00800E003000000000500AB90C1
:106680000300601505008BA00800E0030000000077
:106690000600AA900300401506008AA00800E00347
:1066A000000000000700AB900300601507008BA0FE
:1066B0000800E003000000000800AA9008008424FD
:1066C000D6FF00100800A524C8FFBD270001822CBA
:1066D0002000B0AFC4000324CA0010242C00B3AFC4
:1066E0000B8062002B9802003000B4AF2400B1AFE1
:1066F00025A0A00025888000252880001000B3AFC9
:1067000004000724253000002800B2AF3400BFAFDA
:10671000784D400F25200002259040000100022402
:1067200016004212019D043C019D053C4E020624C8
:1067300048D68424FA77400F4470A524019D043C78
:1067400025282002FA77400F90D78424019D043C2D
:10675000FA77400F90D684243400BF8F25100000B4
:106760003000B48F2C00B38F2800B28F2400B18F7B
:106770002000B08F0800E0033800BD272353400FEE
:10678000252000021D00521025804000019D043C80
:10679000019D053C48D684244470A524FA77400F17
:1067A00054020624019D043C25282002FA77400F5C
:1067B000BCD78424019D043CFA77400F90D68424F2
:1067C0001000A0AF2538000025300000252800006B
:1067D000784D400FCF0004243400BF8F25100000F7
:1067E0003000B48F2C00B38F2800B28F2400B18FFB
:1067F0002000B08F0800E0033800BD27253060027C
:10680000040005242152400F1800A4270A00501448
:106810001800A38F3400BF8F2C00B38F000083AE0D
:106820002800B28F3000B48F2400B18F2000B08FC9
:106830000800E0033800BD27019D053C019D043C94
:106840005C0206244470A524FA77400F48D68424BD
:10685000019D043CFA77400FF0D78424D6FF001046
:10686000019D043C0080023CE0044224D8004380A7
:1068700047006010019D033CF80042801C0040145A
:10688000019D053C019D033C745063240080023C43
:1068900078044224200067240000668C0400648C85
:1068A0000800658C030046A8000046B8070044A80D
:1068B000040044B80C00648C0B0045A8080045B8DF
:1068C0000F0044A8100063240C0044B8F2FF6714C2
:1068D0001000422400006590010064900200639063
:1068E000000045A0010044A00800E003020043A00E
:1068F00098FFBD276000B1AF5C00B0AF0080113CD5
:106900000080103C0080043CD8052726B8050626E8
:106910009850A5246400BFAFD878400F7804842431
:106920003F000624D8052526F678400F1800A42736
:10693000148180AF1481828F0500422C0600401024
:1069400000000000400000001481828F0500422CEE
:10695000FCFF401400000000855E400FB8050426CF
:10696000FF0003241000A3AFD8052726B80504268E
:10697000020006241379400FFF0045306400BF8FEA
:106980006000B18F5C00B08F0800E0036800BD2795
:106990005850668C0080043C58506324780482244C
:1069A0000400658C030046A8780486B80800648C4F
:1069B000070045A8040045B80C00668C0B0044A8ED
:1069C000080044B81000658C0F0046A81400648CC1
:1069D0000C0046B81800638C130045A8100045B899
:1069E000170044A8140044B81B0043A80800E003A3
:1069F000180043B8E0FF8324FF006230D8FFBD27B2
:106A00005F00422C2400BFAF2000B4AF1C00B3AF26
:106A10001800B2AF1400B1AF3A0040101000B0AF90
:106A2000019D103C00190300A4C51026218003021B
:106A30002590000070809127A4818593A58184937F
:106A40000800142421284502C06F400FFF00A53024
:106A50000C00001080001324401802002110430095
:106A6000211022020200469001004590000044904F
:106A7000FFFF9426DA71400F4298130012008052F3
:106A8000010052260000039224186302F2FF6010F6
:106A9000A081828F0100432C40100300211043008D
:106AA000211022020200469001004590000044900F
:106AB000FFFF9426DA71400F42981300F2FF8056D0
:106AC0000000039201005226FF00523210000224FF
:106AD000D9FF421601001026A581829308004224A6
:106AE000A58182A32400BF8F2000B48F1C00B38F28
:106AF0001800B28F1400B18F1000B08F0800E003AF
:106B00002800BD27F6FF8224FF0042300600432CF8
:106B1000F4FF6010019D033C801002002C6B632485
:106B20000A10627C08004000000000006C6B019DB0
:106B3000E46A019D606B019D586B019D4C6B019D4A
:106B4000446B019DE7FF0010A08180AF010002248B
:106B5000E4FF0010A08182AFE2FF0010A58180A3B6
:106B6000A58180A3DFFF0010A48180A3A48182936C
:106B700010004224DBFF0010A48182A388000224BD
:106B80003F00A2108900A2281A00401081000224B0
:106B90005400A2108200A2280500401080000224A8
:106BA0005100A2500000E28C0800E0032510000014
:106BB000820002243B00A2500000E28C84000224E8
:106BC000F9FFA214000000000000E28C040043243E
:106BD0000000428C2700C0100000E3AC2016027CAD
:106BE000000082ACC3170200040082AC0800E0037E
:106BF00001000224A00002243600A2500000E28C12
:106C0000A100A2281000401090000224E6FFA21468
:106C1000000000000000E28C070042240410027C07
:106C20000000488C0400498C080042240000E2ACBB
:106C3000000088AC040089AC0100C01001000224EF
:106C40000800E00300000000C00002240500A2507C
:106C50000000E28CF0000224D3FFA2140000000028
:106C60000000E28C040043240000E3AC02000010AA
:106C70000000428CFFFF423020000010000082AC78
:106C80000000E28C040043240000428C0300C0108A
:106C90000000E3ACD2FF00102014027CF6FF0010CD
:106CA000FF004230070042240410027C0000488CA0
:106CB0000400498C080042240000E2AC000088ACCB
:106CC000040089ACDEFFC010010002240800E003CC
:106CD00000000000040043240000E3ACC0FF0010EB
:106CE0000000428C0000E28C040043240000E3AC6E
:106CF0000000428CBBFFC014000082ACBBFF001040
:106D0000040080AC86BF033C10046290D0FFBD2716
:106D10002C00BFAFC418027C100462A01004629063
:106D20002800B0AF0421027C100462A0100462901D
:106D3000C439027C100462A010000224340462AC46
:106D400008000224340462AC80000224340462ACE3
:106D5000148180AF1481828F3200422C06004010D3
:106D600010000224400000001481828F3200422C67
:106D7000FCFF401410000224380462AC148180AF80
:106D80001481828F1400422C0600401080000224DF
:106D9000400000001481828F1400422CFCFF40143C
:106DA00080000224380462AC08000224380462AC7B
:106DB000148180AF1481828F0F00422C0600401096
:106DC000029D023C400000001481828F0F00422C83
:106DD000FCFF4014029D023CFCEA42241000A42760
:106DE000F08080AF1400A0AF1800A0AF1C00A0AFCF
:106DF0002000A0AF2400A0AFBE5C400F1000A2AFE7
:106E00001A004054029D043C9277400F0100042474
:106E10002E73400F00000000029D053CE0D8A52421
:106E2000727A400F25200000029D043CFA77400F43
:106E300058C68424148180AF1481828F0600422CAE
:106E4000FDFF40140080103C855E400FF8050426CD
:106E5000FF004530BC73400FF80504262C00BF8F9F
:106E60002800B08F0800E0033000BD27252840002F
:106E7000FA77400F3CC684242C00BF8F2800B08FC7
:106E80000800E0033000BD27D8FFBD271C00B1AFCC
:106E90001800B0AF2400BFAF2000B2AF7262400F45
:106EA00025888000FF0F4230A003422C08004010CC
:106EB000258000002400BF8F251000022000B28F23
:106EC0001C00B18F1800B08F0800E0032800BD2718
:106ED0001000A527B57A400F10140424F5FF4014C4
:106EE000258040001000A28F88F8033CFF8F633498
:106EF000241043001101033C0010632425104300BB
:106F00002528400010140424B77A400F1000A2AFC7
:106F1000260020120100113C08022426B77A400FF7
:106F2000252800000C022426B77A400FAB00052468
:106F300014022426B77A400F010005241C022426DF
:106F4000B77A400F2528000004022426B77A400FA4
:106F5000810005241802312601001224B37A400F63
:106F600025202002FDFF52141000A28F88F8033C58
:106F7000FF8F6334241043000100033C25104300BD
:106F80002528400010140424B77A400F1000A2AF47
:106F90002400BF8F251000022000B28F1C00B18F8B
:106FA0001800B08F0800E0032800BD27080224263F
:106FB000B77A400F252800000C022426B77A400F2C
:106FC000B900052414022426B77A400F01000524D5
:106FD0001C022426B77A400F25280000040224262C
:106FE000B77A400F810005241802312601001224CF
:106FF000B37A400F25202002FDFF52141000A28F0B
:10700000DBFF001088F8033C7370695F6461746192
:107010005F777269746500006E6D5F7370695F778A
:1070200072697465000000006E6D5F7370695F7255
:10703000656164007370695F646174615F7265614A
:10704000640000007370695F726561645F726567F8
:10705000000000007370695F636D64007370695FA6
:10706000636D645F727370007370695F77726974C7
:10707000655F7265670000006E6D5F7370695F69C0
:107080006E6974000009121B242D363F48415A5383
:107090006C657E7719100B023D342F265158434AF8
:1070A000757C676E323B2029161F040D7A73686168
:1070B0005E574C452B2239300F061D14636A7178D8
:1070C000474E555C646D767F4049525B2C253E37B8
:1070D00008011A137D746F6659504B42353C272EB8
:1070E0001118030A565F444D727B60691E170C0528
:1070F0003A3328214F465D546B627970070E151C98
:10710000232A31384148535A656C777E09001B1297
:107110002D243F3658514A437C756E671019020B77
:10712000343D262F737A6168575E454C3B322920E7
:107130001F160D046A6378714E475C55222B303957
:10714000060F141D252C373E0108131A6D647F7637
:1071500049405B523C352E2718110A03747D666F37
:107160005059424B171E050C333A21285F564D44A7
:107170007B7269600E071C152A233831464F545D17
:10718000626B7079D8FFBD271400B0AF0080103C4F
:107190002000B3AF1800B1AF2400BFAF1C00B2AFE6
:1071A00082BF113CB00210260080133C1020228EBA
:1071B000010042302F0040102400BF8F3020328E5B
:1071C0002800028E3000038E2C00048E0100422421
:1071D0002B1843000A1003002F0082502000038E5A
:1071E0002C00038EF1FF6210000000000020238EAF
:1071F0000600042406006330320064100000000022
:107200002800038E4866642621186400000072A0DE
:1072100034000392280002AEE4FF6010000000007A
:107220002800038E2C00028E2B2062002B0080543D
:107230003000048E231062002000038EDBFF6010FC
:10724000000000003C0005922600A0143800048EC7
:10725000D6FF8214000000002400058E09F86000AB
:10726000252000001020228E01004230D3FF401460
:107270002400BF8F81BF023C0200033C2000B38F7B
:107280001C00B28F1800B18F1400B08F740043AC93
:107290000800E0032800BD27D1FF601000000000B7
:1072A0002400058E09F86000010004242800028EE5
:1072B0003000038E010042242B184300C8FF001049
:1072C0000A1003002800048E48666326402004004C
:1072D00021186400CEFF0010000072A4D5FF00103A
:1072E000211864002B104400B0FF4014000000007F
:1072F000DAFF00102400058EB8FFBD27010002242C
:107300004400BFAF4000B2AF3C00B1AF3800B0AFF7
:10731000530080103000A2A30000828C3000A4270C
:10732000CC8080A3D15D400FC88082AF08004010A0
:10733000258040004400BF8F251000024000B28F1E
:107340003C00B18F3800B08F0800E0034800BD2733
:107350003675400F252000000A00401025804000AF
:107360005363400F252000004400BF8F251000020A
:107370004000B28F3C00B18F3800B08F0800E003AE
:107380004800BD27019D053CF4ECA5240963400F8E
:1073900001000424019D123C2864400F1000A42722
:1073A000EC074426FA77400F258040001600A7938B
:1073B0001500A6931400A593019D043C019D113C6A
:1073C000FA77400FE8088424FA77400F180824263B
:1073D000FA77400FEC0744261900A7931800A693EC
:1073E0001700A593019D043CFA77400F04098424FB
:1073F000FA77400F18082426FA77400FEC07442646
:10740000019D043C253800000300062413000524D8
:10741000FA77400F20098424FA77400F18082426B1
:10742000F3FF0224C4FF02564400BF8F029D053CB7
:10743000019D043CD60106247C9AA524FA77400FCE
:107440001C088424019D043CFA77400F3C098424E5
:10745000FA77400F18082426B7FF00104400BF8FAA
:10746000B4FF0010F4FF1024D0FFBD272800B4AFF4
:107470002000B2AF1800B0AF2538C00025808000D2
:107480002590C00025A0A0001000A0AF25288000F6
:1074900025300000C80004241C00B1AF2C00BFAF91
:1074A000784D400F2400B3AF25884000010002242E
:1074B00017002212019D043C019D053C7D0206241B
:1074C00048D68424FA77400F2870A524019D043CF7
:1074D00025280002FA77400F50D98424019D043CEE
:1074E000FA77400F90D68424FAFF03242C00BF8F34
:1074F000251060002800B48F2400B38F2000B28FC5
:107500001C00B18F1800B08F0800E0033000BD27C9
:107510002353400FC80004241E005110259840003A
:10752000019D043C019D053C48D684242870A52477
:10753000FA77400F83020624019D043C25280002AF
:10754000FA77400F80D98424019D043CFA77400FDC
:1075500090D684241000A0AF25380000253000000C
:1075600025280000784D400FCF0004242C00BF8F49
:10757000FAFF0324251060002800B48F2400B38F85
:107580002000B28F1C00B18F1800B08F0800E003FC
:107590003000BD2725300000252840022152400F31
:1075A00025208002D1FF531025180000019D053CC5
:1075B000019D043C8D0206242870A524FA77400F13
:1075C00048D68424019D043CFA77400FB8D984241E
:1075D000DEFF0010019D043CD8FFBD272000B3AFA3
:1075E0000080133C1C00B2AF886C72261400B0AF50
:1075F000060050962400BFAF3E0000121800B1AF45
:10760000E18085830080113CA40331260029050018
:10761000211025020000438C370060502400BF8FEA
:1076200004004394FFFF6330330060502400BF8F99
:107630000A00479001000324FF00E7302E00E31406
:107640002400BF8F0400439423180302201E037CF0
:107650002F0060580300022404005094020002240A
:10766000A88082A3FFFF1032253800000A28257E5B
:10767000E480848FCD56400F253000022600401450
:10768000029D043CE180848306004296040050A6DB
:10769000001904000A88237EDC81838F23105000A8
:1076A000886C71AE05006010060042A6DC81828FF6
:1076B000E080859309F8400025304002E480828F05
:1076C00021805000E48090AFA880839303000224BF
:1076D000090062142400BF8F2000B38F1C00B28FFA
:1076E0001800B18F1400B08F2800BD27B26C400B7A
:1076F000A88080A32400BF8F2000B38F1C00B28F0E
:107700001800B18F1400B08F0800E0032800BD27D7
:10771000D6FF0010A88082A3FA77400F20C28424ED
:10772000029D043C25280002FA77400F2CC28424D5
:10773000029D043CFA77400F40C28424E3FF00100E
:10774000A8808393D8FFBD272400BFAF2000B2AF2D
:107750001C00B1AF530080101800B0AF0000909033
:1077600001000324FFFF02260400422C0A8062006D
:10777000AF7A400F252000003700401425884000D4
:10778000029D043CFA77400FB4A784247262400F34
:10779000029D123C029D043C25284000FA77400FD0
:1077A000C0A78424FA77400FB0A74426A657400FFD
:1077B00000000000DF5E400F252000020A0040109C
:1077C00025884000B17A400F000000002400BF8FE0
:1077D000251020022000B28F1C00B18F1800B08F3E
:1077E0000800E0032800BD27C367400F25200002E2
:1077F000F4FF401425884000FEFF1026FF001032E1
:107800000200102EF2FF00162400BF8FE770400F19
:1078100000000000EEFF40102400BF8F029D053CD9
:10782000029D043C5C01062490DEA52480A78424EC
:10783000FA77400F1000A2AF029D043CFA77400F88
:10784000D0A78424FA77400FB0A744261000A28F57
:10785000DCFF001025884000029D053C029D043C91
:107860002401062490DEA524FA77400F80A7842403
:10787000029D043CFA77400F94A78424029D043CA7
:10788000FA77400FB0A784242400BF8F2510200270
:107890002000B28F1C00B18F1800B08F0800E003E9
:1078A0002800BD27B2FF0010010010242510800021
:1078B0005600C0100C00CA2C4D0040152618A4001C
:1078C0000300633023380400290060100300E73010
:1078D0000600E0102330C7000000A3980300A3882F
:1078E0002128A700000083B8212087000F00C330A3
:1078F0002338C3001100E010253060002138E50076
:107900000000A3980300A3880400A8980700A88893
:107910000800A9980B00A9880C00AA980F00AA8853
:10792000000083AC040088AC080089AC1000A524DA
:1079300010008424F2FFA714FCFF8AAC0300C330BC
:107940002338C3002A00E010253060002138E5000C
:107950000000A3980300A3880400A5240400842445
:10796000FBFFA714FCFF83AC210000100000000007
:107970000500E0102330C7000000A3982128A700CD
:10798000000083B8212087000F00C3302338C300D4
:107990000D00E010253060002138E5000000A38CC8
:1079A0000400A88C0800A98C0C00AA8C000083ACF1
:1079B000040088AC080089AC1000A52410008424C1
:1079C000F6FFA714FCFF8AAC0300C3302338C300C2
:1079D0000700E010253060002138E5000000A38C8E
:1079E0000400A52404008424FCFFA714FCFF83AC3E
:1079F0000600C0102138C5000000A3900100A52496
:107A000001008424FCFFA714FFFF83A00800E0030B
:107A10000000000000008A9025108000030040153F
:107A2000000000000800E0030000022401008A902A
:107A300003004015000000000800E00301000224DC
:107A400002008A9003004015000000000800E003D7
:107A50000200022403008A900300401582200400E3
:107A60000800E003030002240100842480200400B5
:107A700000008A8C0101093C01012935C079090007
:107A80002340490124400F010600001124600A012F
:107A9000040088110000000000008A9022000010FD
:107AA0000000842404008B8C2340690124400F01D2
:107AB0000600001124600B01040088110000000082
:107AC00004008A90180000100400842408008A8CA6
:107AD0002340490124400F010600001124600A01DF
:107AE000040088110000000008008A900E000010B9
:107AF000080084240C008B8C2340690124400F0172
:107B00000600001124600B01040088110000000031
:107B10000C008A90040000100C00842410008A8C51
:107B2000D7FF00101000842404004015000000005E
:107B3000000084240800E0032310820001008A90E2
:107B40000400401500000000010084240800E00348
:107B50002310820002008A900400401500000000FB
:107B6000020084240800E0032310820003008A90AE
:107B7000030084240800E00323108200E0FFBD27F7
:107B80001000B0AF1C00BFAF1800B2AF1400B1AF0F
:107B900003000010258080009D76400F000000004B
:107BA000B37A400F14100424FBFF410401000424A5
:107BB0000200043CB37A400FBC0784240100423029
:107BC0000B004014020002240C00123CAD10113CCA
:107BD0000C0052269ED031369D76400F01000424C1
:107BE000B37A400F25204002FBFF5114020002240B
:107BF0002800021203000224300002121C3C053C43
:107C00000400103A0100102EC08110007262400F73
:107C100000000000FF0F4230A00303240F004310B8
:107C200000000000D273400F2520000252EF053CF7
:107C30000C00043C612FA524B77A400F0C0084246B
:107C40001C00BF8F251000001800B28F1400B18FE8
:107C50001000B08F0800E0032000BD27D273400F52
:107C60000200043652EF053C0C00043C612FA524B1
:107C7000B77A400F0C0084241C00BF8F2510000031
:107C80001800B28F1400B18F1000B08F0800E0030D
:107C90002000BD271C3C053C0200043C7DD5A534DA
:107CA000B77A400FAC0784241000053CB77A400F28
:107CB0008C100424D5FF0010258000000200043C35
:107CC0007DD5A534B77A400FAC0784242528000061
:107CD000B77A400F8C100424CCFF001025800000E0
:107CE000D8FFBD271000A527001404242400BFAF2F
:107CF0002000B0AFB57A400F1000A0AF1E004014B6
:107D00001000A28F001404240A0010248452027C64
:107D100025284000B77A400F1000A2AF2C00401475
:107D2000029D053C00140424B57A400F1000A527DD
:107D300039004014001404241000A38F2530600083
:107D40008452067C00046330070060102528C000C0
:107D5000FFFF1026FF001032B77A400F1000A6AFC9
:107D6000F1FF0016001404242400BF8F2000B08F00
:107D70000800E0032800BD27029D053C029D043C4D
:107D800030D5A52434020624FA77400F5487842482
:107D9000029D043CFA77400FF8878424029D043C3E
:107DA000FA77400F888784241000A28F00140424DF
:107DB0000A0010248452027C25284000B77A400F24
:107DC0001000A2AFD8FF405000140424029D053CCF
:107DD000029D043C548784243A02062430D5A5240D
:107DE000FA77400F1800A2AF029D043C1488842447
:107DF000FA77400F00000000029D043CFA77400F24
:107E0000888784242400BF8F1800A28F2000B08FA1
:107E10000800E0032800BD27029D053C029D043CAC
:107E2000548784244102062430D5A524FA77400FD4
:107E30001800A2AF029D043CEDFF0010308884249E
:107E400000000040FB21F93F000000002D44743E7B
:107E5000000000809846F83C0000006051CC783B60
:107E600000000080831BF0390000004020257A3894
:107E7000000000802282E336000000001DF3693517
:107E800083F9A200444E6E00FC291500D15727004B
:107E9000DD34F50062DBC0003C9995004190430061
:107EA0006351FE00BBDEAB00B761C5003A6E240033
:107EB000D24D42004906E00009EA2E001C92D10092
:107EC000EB1DFE0029B11C00E83EA700F53582003D
:107ED00044BB2E009CE98400B4267000417E5F0004
:107EE000D6913900538339009CF439008B5F8400AC
:107EF00028F9BD00F81F3B00DEFF97000F98050032
:107F0000112FEF000A5A8B006D1F6D00CF7E3600D7
:107F100009CB2700464FB7009E663F002DEA5F0061
:107F2000BA277500E5EBC7003D7BF100F739070084
:107F300092528A00FB6BEA001FB15F00085D8D0062
:107F4000300356007BFC4600F0AB6B0020BCCF003A
:107F500036F49A00E3A91D005E619100081BE6005B
:107F600085996500A0145F008D40680080D8FF00EF
:107F700027734D0006063100CA561500C9A87300C4
:107F80007BE260006B8CC000030000000400000076
:107F90000400000006000000D8FFBD272000B4AF99
:107FA0000080143C7C6C828E2400BFAF1C00B3AFF9
:107FB0001800B2AF1400B1AF3A0040141000B0AFD7
:107FC0000080123C846C518E030020160080133C0C
:107FD0000080113CB06C3126806C708E050000165C
:107FE0000000023C0080103CB06C1026983A4224FD
:107FF00021800202821F110002000224010062504F
:1080000000E0317E821F1000020002240100625055
:1080100000E0107EA578400F000000000000438CB7
:108020000400428C2B2023020400801421106200E3
:108030002B202202290080542B1811020080043CBE
:108040001806842400E0847C2B2064001500801432
:108050002B200302040080142B2062002B2002023C
:10806000180080142B2062000F0080102400BF8FA6
:108070000080043C180684244227040005000524DF
:10808000120085140400052400A0043C2518640097
:1080900025104400846C43AE806C62AE846C428ECA
:1080A0007C6C82AE2400BF8F2000B48F1C00B38F85
:1080B0001800B28F1400B18F1000B08F0800E003D9
:1080C0002800BD27EAFF001025100002EFFF8510F1
:1080D0000080043CF1FF0010846C42AEE4FF6014A9
:1080E00025182002DEFF00102B200202C0FFBD2752
:1080F0002C00B1AF258880002520C0000400878CAB
:108100000000A28C3800B4AFC2A707003400B3AFA0
:108110003000B2AF2800B0AF3C00BFAF2580A00058
:108120000400A38C0800B28C2000A2AF0C00B38C1A
:108130003E0080120000C68C233006002B20060073
:1081400023380700080060042338E4004408027C58
:10815000050080162000A2AF2000A28F040043304B
:108160002A006010C000427CFFFF42262000A327A7
:108170001800A3AF0A0003241400A3AF1000A2AF9D
:108180008661400F25200002060080162D00032482
:108190002000A38F040064301E00801008006330AC
:1081A0002B000324FFFF422421206202000083A051
:1081B0001000068E2000A38F25384002FFFFC62442
:1081C0001000A3AF2330C200212862022E65400FA9
:1081D000252020020400238E00016330040060107B
:1081E0003C00BF8F0400038E2A2043000B10640064
:1081F0003800B48F3400B38F3000B28F2C00B18FB1
:108200002800B08F0800E0034000BD27D7FF001012
:1082100023104202E6FF601020000424FFFF4224E6
:1082200021186202E2FF0010000064A0C8FF63048E
:108230004408027CC9FF00102000A28F8C81828F2D
:10824000E8FFBD270E0040101400BFAFAC81838F44
:108250002110430023004004030004243E00441482
:1082600006000324B081828FAC8183AF03004010ED
:108270008C8180AFA366400F000000008C8180AF2E
:10828000748282937880838F8001427C1300431034
:108290001400BF8F10004014788082AFAC81828FB1
:1082A0000100032431004310020043281A00601427
:1082B00002000324210043100000000006000324F4
:1082C000050043141400BF8F090002241800BD27C5
:1082D000A366400BB08182AF1400BF8F0800E0039B
:1082E0001800BD27060002244992033C932463240E
:1082F00018004300C3270200101800002118620074
:108300008318030023186400C0200300231883008F
:10831000D4FF001023184300F0FF40141400BF8F57
:10832000271B400F252000001400BF8F019D043C37
:10833000A0E38424A875400B1800BD277E74400F6D
:10834000000000001400BF8F019D043CC8E384249A
:10835000A875400B1800BD2705000424C1FF441078
:1083600002000324E1FF00104992033CE472400F35
:10837000000000001400BF8F019D043CB4E384247E
:10838000A875400B1800BD2786BF033C2001628CF6
:10839000E8FFBD274003427C3B0040101400BFAF04
:1083A0002001628C0080033C9805668C9C05678CDC
:1083B0000000804400088644C001427C0000E04484
:1083C000150040100008E7443C0021463C000245EF
:1083D000000086440080043C2618E4000000864427
:1083E000029D043C18E88ED40000E34483032E462B
:1083F000029D023C029D033C10E840D420E86CD46E
:10840000D026400F388080F71400BF8F308080F76F
:108410000800E0031800BD273C0121461600064570
:10842000000086440080043C2618E40000008644D6
:10843000029D043C18E88ED40000E34483032E46DA
:10844000029D023C029D033C10E840D420E86CD41D
:10845000D026400F308080F71400BF8F388080F71F
:108460000800E0031800BD273C032146EEFF0D4540
:108470000080043C00008644029D023C18E84ED473
:10848000DAFF00100000E7442001628C0080033C0A
:10849000A005668CA405678C000080440008864413
:1084A000C001427C0000E044EFFF40100008E744B8
:1084B0003C022146C8FF09450080043C0000864478
:1084C000029D023C18E84ED4DCFF00100000E74497
:1084D000029D033CE8E960D4029D023CF0E942D4ED
:1084E00002632046D0FFBD272C00BFAF2800B3AFEA
:1084F0002400B2AF2000B1AF3E102C464000014531
:108500001C00B0AF0D60204600001144E8E962D4C1
:10851000F0E940D440003126827322463E012E46C7
:1085200031000545FF0031320D7020460000104437
:10853000628085970080133C306B732640001026C4
:108540008A21657EFF0010327F000224C001267E52
:108550000080123CC2191000306A52260B88460077
:108560000B804300030091148A29457E18000512F0
:108570002C00BF8F2538000025300000E873400F25
:108580001000A0AF1000A0AFFF00072425300000AE
:1085900025280002E873400F252020028881829759
:1085A0006280839701004224FF004230010063246F
:1085B000FF0063302198620221904202628083A70B
:1085C000888182A7000071A2000050A22C00BF8FFA
:1085D0002800B38F2400B28F2000B18F1C00B08F11
:1085E0000800E0033000BD27817320460080023C74
:1085F0000D70204600001044CDFF001025800202BF
:10860000016322460080043C0D60204600001144B6
:10861000BEFF0010258824020400828CC0FFBD2705
:108620003800BEAF2800B4AF2000B2AF1C00B1AF1D
:108630003C00BFAF3400B7AF3000B6AF2C00B5AFD1
:108640002400B3AF1800B0AF2588C0002590E0002B
:108650005400B48F020041045800BE8F0100022470
:108660001000908C0C00958C0000D78F5000B38FB9
:10867000FFFF10262118B002000060A001000924AD
:10868000234053000200F732C3B714001000001E4D
:10869000251032022C0020510000C28F3C00BF8FF9
:1086A000251000023800BE8F3400B78F3000B68F1F
:1086B0002C00B58F2800B48F2400B38F2000B28F18
:1086C0001C00B18F1800B08F0800E0034000BD27E8
:1086D00007004014211013010600401C2520200231
:1086E000ECFF601A00000000EAFFE012000000004A
:1086F0002520200225284002253080022538C0028E
:108700001400A8AF3640400FFFFF10261000A2AFA4
:108710002118B002300042242520200225284002E2
:10872000000062A025308002473F400F2538C0027C
:10873000FFFF732625884000259060001400A88F55
:10874000D2FF00101000A98F0421027CD3FF00107B
:108750000000C2AF284150502928455252295B25BC
:10876000735D5B25645D0000427573206572726FF6
:1087700072202831292E2057616B65207570206684
:1087800061696C65640A00000D0000004275732089
:108790006572726F72202832292E2057616B652016
:1087A0007570206661696C65640A0000636C6F63B4
:1087B0006B73207374696C6C204F46462E20576192
:1087C0006B65207570206661696C65640A00000045
:1087D0005B6E6D692073746172745D3A20666169C5
:1087E0006C207265616420726567203078313131A8
:1087F00038202E2E2E0A00006661696C6564207494
:108800006F2064652D696E697469616C697A650AA7
:10881000000000004572726F72207768696C6520F5
:1088200077726974696E67207265670A00000000DC
:108830004572726F72207768696C65207265616439
:10884000696E67207265670A000000005B70756CD6
:108850006C75705F6374726C5D3A206661696C65FB
:108860006420746F20726561640A00005B70756C2F
:108870006C75705F6374726C5D3A206661696C65DB
:0C8880006420746F2077726974650A0030
:10889000000000000044A1400000000000406540CE
:1088A0000000000000409F400000000000908A404F
:1088B0009A99999999B94640333333333333FB3F0F
:1088C000000000000000F03F9A9999999999C93FDA
:1088D000000000000000E03F1E00000000100E003D
:1088E0000000000000000840333333333333E33FEC
:1088F000000000000000F03F000000000000E03F2A
:108900000100000000000000000000000000F03F37
:108910000000000001000000000000000000000056
:108920000A0000000100000000000000000000003C
:108930000100000000000000000000000000F03F07
:108940000000000000002E400000000000000000B9
:108950000000000000000000000000000000000017
:108960000000000000004E40000000000000000079
:1089700000000000000000000000000000000000F7
:1089800000000000000000000000000000000000E7
:1089900000000000000000000000000000000000D7
:1089A0000000000000000000445350205455000017
:1089B00000000000000000000000000000000000B7
:1089C0000000000000000000E0FFBD271800B0AF6D
:1089D000D080908F060000121C00BFAF1C00BF8F1C
:1089E000251000021800B08F0800E0032000BD270A
:1089F000D0808527B57A400F00100424070040106E
:108A00001000A5271C00BF8F25100002D08080AF6A
:108A10001800B08F0800E0032000BD27B57A400F92
:108A2000F4130424F7FF4014D080828F1000033C1D
:108A3000A002642416004410B00264240B00441009
:108A4000F00063241C004310049C027C0500103CD1
:108A500025805000D08090AF1C00BF8F25100002F1
:108A60001800B08F0800E0032000BD271000A28F7F
:108A7000030003241A004310040003241C004310C5
:108A80001500103CB2021026F3FF0010D08090AF0A
:108A90001000A38F01000224040062101500103C96
:108AA000A1021026ECFF0010D08090AFA00210268B
:108AB000E9FF0010D08090AFD0808527B57A400FB5
:108AC0003B00043CCFFF40140500023CD080908F57
:108AD000049C107C25800202DFFF0010D08090AF44
:108AE0001500103CB0021026DBFF0010D08090AFC4
:108AF000B1021026D8FF0010D08090AF86BF023C94
:108B000020080624300146ACB8290624140146ACDE
:108B1000F8FF0634040146AC0020052440900634DA
:108B2000580146ACC80145ACD80145AC004005240D
:108B3000300245AC00E00534140245AC00100524B9
:108B4000580245AC00040524300345AC2904052433
:108B5000140345AC10080524580345AC80000524D7
:108B6000300445ACB9000524140445ACF0000524DC
:108B7000040445AC46000524580445AC40000424D8
:108B800003000524580545AC300644AC140644AC3B
:108B9000C0030424040644AC99AA023C80BF033CF1
:108BA00055664224300060AC300062AC6655023C31
:108BB000AA994234300062AC0000658C01000224A6
:108BC00005000424446B057C000065AC020005240C
:108BD000681465AC040005246C1460ACA81462AC85
:108BE000B41464AC0C1465AC0C000524A41665AC7C
:108BF000541662ACC81564AC07000424681564AC54
:108C000006000424A01664AC4C1662AC0000648C10
:108C1000446B447C000064AC300060AC0800E003AE
:108C200000000000E8FFBD270800822C1400BFAF41
:108C3000330040101000B0AF029D023C80180400C9
:108C4000508C42240A10437C0800400000000000C1
:108C5000008D019D888C019DA08C019DB88C019D8B
:108C6000D08C019D008D019DE88C019D708C019D33
:108C70001400BF8F251000001000B08FB48085AFA6
:108C80000800E0031800BD271400BF8F2510000066
:108C90001000B08FC08085AF0800E0031800BD272A
:108CA0001400BF8F251000001000B08FBC8085AF6E
:108CB0000800E0031800BD271400BF8F2510000036
:108CC0001000B08FB08085AF0800E0031800BD270A
:108CD0001400BF8F251000001000B08FB88085AF42
:108CE0000800E0031800BD271400BF8F2510000006
:108CF0001000B08FAC8085AF0800E0031800BD27DE
:108D000025808000029D053C019D043CD402062480
:108D1000703F8424FA77400F34DAA524019D043C87
:108D200025280002FA77400FB0418424019D043CBD
:108D3000FA77400FA43F84241400BF8FF4FF02246D
:108D40001000B08F0800E0031800BD27E8FFBD2722
:108D50001400BFAF385F400F1000B0AF21004014C7
:108D6000029D053CA25B400F252000000C00401432
:108D700025804000B17A400F000000002A00401416
:108D800025804000A27A400F000000001400BF8F31
:108D9000251000021000B08F0800E0031800BD2766
:108DA000029D053C029D043C7D01062480DEA52435
:108DB000FA77400F80A78424029D043CFA77400F85
:108DC00010A88424029D043CFA77400FB0A78424A5
:108DD0001400BF8F251000021000B08F0800E003C0
:108DE0001800BD27029D043C7601062480DEA524E0
:108DF00080A78424FA77400F25804000029D043C20
:108E0000FA77400FF0A78424029D043CFA77400FC4
:108E1000B0A784241400BF8F251000021000B08F6B
:108E20000800E0031800BD27029D053C029D043C9C
:108E30008301062480DEA524FA77400F80A78424CE
:108E4000029D043CFA77400F34A88424029D043C20
:108E5000FA77400FB0A784241400BF8F25100002BA
:108E60001000B08F0800E0031800BD27D0FFBD2719
:108E70003000ACF73400A48FE93F033CFC216324AD
:108E800000F0827C2B1843001B0060102C00BFAF49
:108E9000503E033C2B10430010004010F07F023C7A
:108EA0002420820008008014029D023C68EA40D41D
:108EB000026020461800A0F72C00BF8F3000A0D71A
:108EC0000800E0033000BD27029D023C70EA40D458
:108ED0003000A1D7F7FF0010000820460070804442
:108EE0001000A0AF0070E044106F400F00000000C1
:108EF000F1FF00103000A0F7F07F033C2B1043007F
:108F0000040040143000A0D701002046EAFF001002
:108F10003000A0F7313A400F1800A6270300423076
:108F2000010003242000AED70B0043101800ACD77B
:108F300007004010020004240B0044100000000051
:108F40002670400F000000000A0000100000654479
:108F5000E5FF00101000A3AF2670400F00000000D6
:108F6000D5FF00103000A0F7106F400F1000A3AF26
:108F700000006544000004440080023C26104500C7
:108F80003000A4AFCCFF00103400A2AFD8FFBD2743
:108F90003100822C1800B0AFC9000324C300102494
:108FA0000A8062001C00B1AF2530A0002588800037
:108FB000252880001000A2AF040007242000B2AFD3
:108FC0002400BFAF784D400F2520000225904000BF
:108FD0000100022414004212019D043C019D053C45
:108FE000F401062448D68424FA77400F6870A5243B
:108FF000019D043C25282002FA77400F10D88424D4
:10900000019D043CFA77400F90D68424251000007F
:109010002400BF8F2000B28F1C00B18F1800B08FCA
:109020000800E0032800BD272353400F252000023D
:10903000F8FF52102400BF8F019D043C019D053CA8
:10904000FA01062448D68424FA77400F6870A524D4
:10905000019D043C25282002FA77400F3CD8842447
:10906000019D043CFA77400F90D684241000A0AFF5
:10907000253800002530000025280000784D400FDD
:10908000CF0004242400BF8F251000002000B28FE1
:109090001C00B18F1800B08F0800E0032800BD2726
:1090A000D8FFBD271C00B0AF258080000200043C23
:1090B0001000A527AC0784242000B1AF2400BFAF67
:1090C000B57A400F1000A0AF258840001000A28F95
:1090D0005DD7033CC3C163342F0043101000A527A4
:1090E00002240200FFFF8530FFFF4330023A0500F3
:1090F000023203000019A57C0F0084300019637C44
:109100000F004230070007A2080005A2090004A2D0
:10911000040006A2050003A27262400F060002A22C
:1091200007000492090008920800069204000392C6
:109130000600079205000592002204000F00083186
:1091400000310600FF00C630001A03000F00E730B0
:1091500000290500252088002520860025186700A5
:10916000FF00A5302400BF8FF3FF062425186500FB
:109170003113842C0A88C400000002AE3013632C23
:109180002510C0000A1023021C00B08F2000B18FF0
:109190000800E0032800BD27B57A400F48100424DA
:1091A00025884000CEFF00101000A28F8C81828F96
:1091B000E8FFBD270E0040101400BFAFAC81838FC5
:1091C000211043001C004004010004242700441423
:1091D00005000324B081828FAC8183AF030040106F
:1091E0008C8180AFA366400F000000008C8180AFAF
:1091F000748282937880838F8001427C0C004310BC
:109200001400BF8F09004014788082AFAC81828F38
:109210000500032421004310060003241B00431013
:109220001400BF8F160040100A0002241400BF8FE4
:109230000800E0031800BD27060002244992033C01
:109240009324632418004300C32702001018000071
:10925000211862008318030023186400C020030053
:1092600023188300DBFF00102318430004000424AC
:10927000D8FF441025180000F1FF00104992033C6C
:109280001800BD27A366400BB08182AF0200022404
:109290001800BD27A366400BB08182AF1400BF8FBA
:1092A0000B0002241800BD27B08182AFA366400BDB
:1092B000AC8180AF3D00A0100080033CB00263246D
:1092C00018006C8C00800A3C2510000082BF093C0D
:1092D00006000824383F4A250020268D0C006B8CA0
:1092E0000800678C0600C6301C00C8100100E62488
:1092F0002B68CC000A300D000C0066110000000045
:1093000000202B8D06006B311E0068118A69827C5B
:109310002138EA000000EDA001004224080066ACFC
:109320002B304500ECFFC014000000000C00648CE2
:109330000800658C2B30A4001600C0541800638C04
:109340002320A4000300801081BF033C0400043CE0
:10935000F80064AC0800E003000000002B68CC00BB
:109360000A300D00F1FF66110000000000202B8D77
:109370004068020021688D0006006B31E4FF68152B
:109380000000AD954038070021384701E2FF00108A
:109390000000EDA42128A3002320A400EDFF8010ED
:1093A00081BF033CEAFF00100400043C25100000CC
:1093B000DEFF0010B00263246210053CD34DA524EB
:1093C00019008500E0FFBD271800B1AF1400B0AF51
:1093D000258080006882848F1C00BFAF10280000A9
:1093E00082890500300025262275400F202C057C3F
:1093F000402911002328B100802805002128B10050
:10940000C028050023280502EB51113C1F85313689
:10941000FFFFA5301900B1006882848F102800007A
:10942000422905003000A5242275400F202C057C20
:1094300019001102CCCC113CCDCC31366882848F1E
:109440001028000042110500402802002128A20037
:10945000C02805002128A200802805002328050235
:10946000FFFFA5301900B10010280000C228050038
:109470003000A5242275400F202C057C1900110214
:109480001C00BF8F6882848F10880000C288110082
:10949000802811002128B10040280500232805025A
:1094A0001800B18F1400B08F3000A524202C057C4B
:1094B0002275400B2000BD27C0FFBD272C00B3AF95
:1094C0005000B38F3800B6AF3000B4AF0100733234
:1094D0002800B2AF2400B1AF2000B0AF3C00BFAF56
:1094E0003400B5AF2590800025B0A0002580C000D5
:1094F0002588E000030060162BA0C70013008056EB
:1095000023A03002253000022528C002576F400FEB
:10951000252040020D00801623A03002258800027D
:109520003C00BF8F251020023800B68F3400B58F65
:109530003000B48F2C00B38F2800B28F2400B18F7D
:109540002000B08F0800E0034000BD271100862EE8
:10955000100002240B108602253040002000052454
:109560001000A427EC78400F25A880021000A22E3E
:109570000B0040100F0086321000A527576F400FD8
:1095800025204002E6FF6016253000022528C00293
:10959000576F400F25204002E2FF00103C00BF8FB4
:1095A000100006241000A527576F400F2520400209
:1095B000EEFF0010F0FFB526C8FFBD273800ACF75E
:1095C0003C00A28FE93F033CFC21632400F0427C75
:1095D0002B184300130060103400BFAF463E033C1D
:1095E0009EA063342B10430008004010029D023CF3
:1095F00050EA40D4029D023C006020461800A0F7CB
:1096000048EA40D4240000102800A0F700708044ED
:109610000070E0442670400F000000001E000010A3
:109620002800A0F7F07F033C2B10430003004014F8
:109630003800A0D7F3FF001001002046313A400F58
:109640001800A62703004230010003242000AED7F3
:10965000090043101800ACD7EEFF401002000424AC
:109660001100441000000000106F400F1000A3AF65
:10967000090000102800A0F7106F400F1000A2AFE3
:1096800000006544000004440080023C26104500B0
:109690002800A4AF2C00A2AF3400BF8F2800A0D7B1
:1096A0000800E0033800BD272670400F00000000CE
:1096B000F4FF001000006544C481868FD0FFBD27F1
:1096C0001C00BFAF2000B4F71800B0AF1000A0AF6F
:1096D0003F74400F1400A0AF000063440000024438
:1096E000C081868F1000A2AF00F0627C1400A2AF90
:1096F0003F74400F1000ACD72882868F1000ACD783
:109700003F74400F060520460000024400006344F9
:109710001000A2AF00F0627C1400A2AFBC81868F63
:109720003F74400F1000ACD7B481828F01004224F7
:10973000401F432807006050B881828FB48182AFF8
:109740001C00BF8F1800B08F2000B4D70800E003C2
:109750003000BD27FAFF4018B48180AF03003446C3
:109760000080103C029D053CFFFF422494EAA524A2
:1097700078040426B88182AF00000644D878400FF0
:10978000000067446E78400F78040426B881828F09
:10979000ECFF40141C00BF8F1800B08F2000B4D71E
:1097A000029D043C9CEA84246E78400B3000BD2767
:1097B000000000000000F03F000000000000F0BFCB
:1097C0009C7500883CE4377E59F3F8C21F6EA501F2
:1097D000000000604715F73F44DF5DF80BAE543ED4
:1097E000000000000000D03F555555555555D53F58
:1097F000000000000000E03FFE822B654715F73FA8
:109800000000000000004043EF4E454A287ECA3F5A
:1098100065DBC9934A86CD3F01411DA96074D13FE4
:109820004D268F515555D53FFFAB6FDBB66DDB3FF6
:10983000033333333333E33F0000000000000840BC
:10984000000000E009C7EE3FFD033ADC09C7EE3F28
:10985000F5015B14E02F3EBEFE822B654715973C59
:1098600000000000432EE63FEF39FAFE422EE63FAD
:10987000396CA80C615C20BED0A4BE726937663E0C
:10988000F16BD2C541BDBB3E2CDE25AF6A56113F00
:1098900093BDBE166CC1663F3E5555555555C53FE7
:1098A00000000000000000400000A28C0400A38C17
:1098B000C0FFBD273800B3AF3400B2AF3000B1AF46
:1098C0002C00B0AF3C00BFAF259080002580A000E9
:1098D0000800B38C2000A2AF030060040C00B18C20
:1098E0004408027C2000A2AF2000A2271800A2AFEB
:1098F000080002241400A2AF1000B3AF0400C78C0C
:109900000000C68C8661400F252000022000A38F36
:10991000100063300400601030000424FFFF422474
:1099200021182202000064A02000A38F08006330E9
:109930000400601020000424FFFF422421182202AA
:10994000000064A01000068E2000A38F253860025E
:10995000FFFFC6241000A3AF2330C200212822023B
:109960002E65400F252040020400438E0001633025
:10997000040060103C00BF8F0400038E2A204300C7
:109980000B1064003800B38F3400B28F3000B18FF9
:109990002C00B08F0800E0034000BD276D326D5FE2
:1099A000776966695F70726E675F6765745F726121
:1099B0006E646F6D5F627974657300006D326D5F08
:1099C000776966695F73746172745F70726F7669CC
:1099D00073696F6E5F6D6F64650000006D326D5F5F
:1099E00076616C69646174655F61705F70617261FA
:1099F0006D657465727300006D326D5F77696669BD
:109A00005F703270000000006D326D5F77696669CB
:109A10005F7265715F7365727665725F696E697496
:109A2000000000006D326D5F776966695F72657175
:109A30005F636C69656E745F6374726C0000000034
:109A40006D326D5F76616C69646174655F736361CB
:109A50006E5F6F7074696F6E730000006D326D5FC2
:109A6000776966695F636F6E6E6563745F736300C9
:109A70006D326D5F776966695F6362006D326D5F3D
:109A8000776966695F696E6974000000019D043C36
:109A9000D0FFBD27D8DF84242C00BFAF2800B5AF8E
:109AA0002400B4AF2000B3AF1C00B2AF1800B1AFB8
:109AB000A875400F1400B0AFB081848F0080123CB5
:109AC000B8375226FFFF82240021020021208200A5
:109AD000C0200400A875400F212044021100112469
:109AE00001001024019D143C019D133C1100001045
:109AF000019D153CA875400F00000000A875400F9F
:109B0000E4DF8426B081848F01001026FFFF8224C9
:109B10000021020021208200C020040021209100A9
:109B2000A875400F212044020800022409000212F7
:109B300011003126AC81828F01004224EDFF5014C8
:109B4000E0DF6426A875400FDCDFA426EBFF0010E1
:109B5000000000002C00BF8F2800B58F2400B48FB8
:109B60002000B38F1C00B28F1800B18F1400B08F8B
:109B70000800E0033000BD273700A01000000000FF
:109B8000D8FFBD272000B4AF1800B2AF1400B1AFAA
:109B90002400BFAF1C00B3AF1000B0AF2590A000F1
:109BA0002588800025A0C000FF0F2232220040102F
:109BB000FF00333200011024238013022B10120205
:109BC00025308002252020021000401025280002A8
:109BD00000FF7326FB67400F21905302218830025B
:109BE000F1FF401621A090022400BF8F2510200213
:109BF0002000B48F1C00B38F1800B28F1400B18FF7
:109C00001000B08F0800E0032800BD27FB67400F5D
:109C1000252840022400BF8F211051022000B48F5C
:109C20001C00B38F1800B28F1400B18F1000B08FDA
:109C30000800E0032800BD27FA74400F000110243B
:109C40002D6E400F25202002FA74400F238013024E
:109C5000DBFF00102B1012020800E003251080002B
:109C600082BF043C08020524002085AC0094053422
:109C7000182085AC1A000524402085AC81BF033C28
:109C80000100053CF40065AC0080063C0200053C88
:109C9000B002C224F40065AC0400053CF40065ACDD
:109CA000280040AC2C0040AC080040AC0C0040AC9C
:109CB000400040AC0020858C06000724200040AC0A
:109CC0000600A530340040A03C0040A0380040AC65
:109CD000B002C0AC100040A01C0040A00D00A710B6
:109CE000140040ACE8030524300045AC10270524DF
:109CF000180045AC00800234082082AC0100023C10
:109D0000F80062AC0200023CF80062AC0800E0031C
:109D10000000000040000524300045AC88130524F5
:109D2000180045AC00800234082082AC0100023CDF
:109D3000F80062AC0200023CF80062AC0800E003EC
:109D400000000000029D033CB8DE60D4B0FFBD27D8
:109D5000029D023C3000B4F7C0DE54D4029D023CA8
:109D60002000A0F7C8DE40D41800B4F7253000006A
:109D70001000A0F725380000010004242C00BFAF1C
:109D80004000B8F7056E400F3800B6F7029D053C5D
:109D9000D0DEA0D4029D033C1800B4F72000A0F749
:109DA000D8DE60D425300000253800001000A0F770
:109DB00002000424056E400FC48182AF029D033C63
:109DC000E0DE78D4029D033CE8DE76D42000B8F7CC
:109DD0001800B4F71000B6F7253000002538000051
:109DE00025200000056E400F288282AF2000B8F7C2
:109DF0001800B4F71000B6F7253000002538000031
:109E000025200000056E400FC08182AF2C00BF8F5F
:109E10004000B8D73800B6D73000B4D7BC8182AF85
:109E20000800E0035000BD27840002242200A25055
:109E30000000E28C8500A22810004010810002245E
:109E40000800A2500000E28C820002242700A250E9
:109E50000000E28C800002241000A2140000000028
:109E60000000E28C040043240000E3AC0000428CBC
:109E7000000082AC15000010000046AC90000224E7
:109E80001A00A2500000E28C9100A22805004010A8
:109E9000880002240F00A2500000E28C0800E003BA
:109EA00025100000A0000224EEFFA2500000E28C6A
:109EB000E9FF0010C0000224040043240000E3ACCA
:109EC0000000428C000082AC000046A40800E003C1
:109ED00001000224040043240000E3AC0000428C93
:109EE000000082ACF9FF0010000046A004004324EB
:109EF0000000E3AC0000428C000082AC000046ACE5
:109F0000C3370600F1FF0010040046ACE0FFBD2798
:109F10008C1002241400A2AFFEFF84245302023CE2
:109F2000362642240200842C1C00BFAF1800B0AFBC
:109F30001000A2AF190080540200023CFFFF102461
:109F400008000010251000009D76400F0000000062
:109F50001400A48FB37A400F000000001E0000120E
:109F60001C00BF8F1000A38F02000424F6FF6214B0
:109F7000FFFF10261000A38F5302023C3626422416
:109F80000D006210258000001C00BF8F251000020C
:109F90001800B08F0800E0032000BD27AC07422462
:109FA0001400A2AF5DD7023CC3C142341000A2AF7F
:109FB000E3FF0010FFFF102425280000B77A400FB0
:109FC0008C1004241C00BF8F251000021800B08FD5
:109FD0000800E0032000BD27FBFF1024251000022D
:109FE0001800B08F0800E0032000BD27D0FFBD2778
:109FF0002C00BFAF2800B4AF2400B3AF25A0800071
:10A00000000813242000B2AF1C00B1AF86BF123C81
:10A010002588A0001800B0AFFA74400F2580C0005A
:10A0200001000424340153AE9374400F000000007B
:10A030009374400F02000424380153AEFA74400FA9
:10A0400000000000060004241000B4AF340153AE39
:10A050009374400F0000000002000424380153AE46
:10A06000340153AE9374400F000000009374400F0E
:10A07000003C847E9374400F003A847E9374400FBA
:10A08000FF008432060020122188110201001026F0
:10A090009374400FFFFF0492FDFF1116010010267C
:10A0A0002C00BF8F00080224380142AE2800B48F74
:10A0B0002400B38F2000B28F1C00B18F1800B08F26
:10A0C0000800E0033000BD27A8FFBD270400A1AFB2
:10A0D0000800A2AF0C00A3AF1000A4AF1400A5AFFE
:10A0E0001800A6AF1C00A7AF2000A8AF2400A9AF9E
:10A0F0002800AAAF2C00ABAF3000ACAF3400ADAF3E
:10A100003800AEAF3C00AFAF4000B8AF4400B9AFCD
:10A110004800BFAF124000004C00A8AF1040000044
:10A120005000A8AF029D1A3CF8C65A270000000054
:10A13000006804400060054009F84003000000008A
:10A140005000A88F110000014C00A88F13000001DF
:10A150000400A18F0800A28F0C00A38F1000A48F11
:10A160001400A58F1800A68F1C00A78F2000A88FB1
:10A170002400A98F2800AA8F2C00AB8F3000AC8F51
:10A180003400AD8F3800AE8F3C00AF8F4000B88FE9
:10A190004400B98F4800BF8F5800BD27C0000000A1
:10A1A00018000042A8FFBD270400A1AF0800A2AF1D
:10A1B0000C00A3AF1000A4AF1400A5AF1800A6AF09
:10A1C0001C00A7AF2000A8AF2400A9AF2800AAAFA9
:10A1D0002C00ABAF3000ACAF3400ADAF3800AEAF49
:10A1E0003C00AFAF4000B8AF4400B9AF4800BFAFCC
:10A1F000124000004C00A8AF104000005000A8AF73
:10A200000068044000600540029D023CA8E9422429
:10A2100009F84000000000005000A88F1100000164
:10A220004C00A88F130000010400A18F0800A28F2A
:10A230000C00A38F1000A48F1400A58F1800A68F08
:10A240001C00A78F2000A88F2400A98F2800AA8FA8
:10A250002C00AB8F3000AC8F3400AD8F3800AE8F48
:10A260003C00AF8F4000B88F4400B98F4800BF8FCB
:10A270005800BD27C000000018000042A8FFBD27FD
:10A280000400A1AF0800A2AF0C00A3AF1000A4AF60
:10A290001400A5AF1800A6AF1C00A7AF2000A8AF00
:10A2A0002400A9AF2800AAAF2C00ABAF3000ACAFA0
:10A2B0003400ADAF3800AEAF3C00AFAF4000B8AF38
:10A2C0004400B9AF4800BFAF124000004C00A8AF37
:10A2D000104000005000A8AF006804400060054036
:10A2E000029D023CB8E9422409F840000000000049
:10A2F0005000A88F110000014C00A88F130000012E
:10A300000400A18F0800A28F0C00A38F1000A48F5F
:10A310001400A58F1800A68F1C00A78F2000A88FFF
:10A320002400A98F2800AA8F2C00AB8F3000AC8F9F
:10A330003400AD8F3800AE8F3C00AF8F4000B88F37
:10A340004400B98F4800BF8F5800BD27C0000000EF
:10A3500018000042C0FFBD273800B1AF3400B0AFD5
:10A360003C00BFAF2588A0000000A5800400A0101D
:10A370002580800001002282090040542528000029
:10A38000416B400F252000023C00BF8F231050007E
:10A390003800B18F3400B08F0800E0034000BD27C3
:10A3A00020000624EC78400F1000A42701000524AB
:10A3B000000022821A0040101000A42700002392FF
:10A3C000010031264211030080100200211082009A
:10A3D0000000448C0418650025186400F4FF001088
:10A3E000000043AC0100422400004380E6FF6010FF
:10A3F000FF00633042210300802004001000A627E4
:10A400002120C4000000848C041865002418640016
:10A41000F4FF60103C00BF8FDDFF001023105000E0
:10A4200025100002F0FF001001000524C0FFBD2729
:10A430003800B1AF3400B0AF258880002580A0007F
:10A4400020000624252800003C00BFAFEC78400F18
:10A450001000A427000003820900601025100000EE
:10A46000010002820B004014010005242510200287
:10A4700000004480FEFF835001004224231051005D
:10A480003C00BF8F3800B18F3400B08F0800E0036C
:10A490004000BD27000003921000A42701001026F1
:10A4A0004211030080100200211082000000448C41
:10A4B0000418650025186400000043AC0000028207
:10A4C000F4FF401425102002010005240000438001
:10A4D000EAFF60101000A627FF006330422103004E
:10A4E000802004002120C4000000848C0418650032
:10A4F00024186400E2FF605023105100F3FF0010A5
:10A5000001004224D0FFBD271400B0AF1480909703
:10A510002800B5AF2400B4AFF8FF1026FFFF1032BB
:10A520002B1006022000B3AF1C00B2AF1800B1AF71
:10A530002C00BFAF2590C00025A8A0002588800072
:10A5400023A0A400060040142598800017000010E6
:10A55000FFFF46322118710012008010218830025E
:10A5600025202002212891021A5D400F253000028B
:10A570002390500223181302F6FF40102B201202E2
:10A580002C00BF8F2800B58F2400B48F2000B38F1C
:10A590001C00B28F1800B18F1400B08F0800E003C8
:10A5A0003000BD2721A8A302FFFF46322528A002C4
:10A5B000252020022C00BF8F2800B58F2400B48FE7
:10A5C0002000B38F1C00B28F1800B18F1400B08F21
:10A5D0001A5D400B3000BD27D0FFBD271400B0AF7F
:10A5E000148090972800B5AF2400B4AFF8FF102670
:10A5F000FFFF10322B1006022000B3AF1C00B2AFD9
:10A600001800B1AF2C00BFAF2590C00025A8A00056
:10A610002588800023A0A40006004014259880000F
:10A6200017000010FFFF4632211871001200801041
:10A630002188300225202002212891026947400FFD
:10A64000253000022390500223181302F6FF401019
:10A650002B2012022C00BF8F2800B58F2400B48F4E
:10A660002000B38F1C00B28F1800B18F1400B08F80
:10A670000800E0033000BD2721A8A302FFFF4632F7
:10A680002528A002252020022C00BF8F2800B58F8E
:10A690002400B48F2000B38F1C00B28F1800B18F3C
:10A6A0001400B08F6947400B3000BD27E8FFBD277D
:10A6B0001400BFAF457A400F0000000008004010B2
:10A6C00000000000C57A400F8481848FE903422C8A
:10A6D000190040101400BF8F0800E0031800BD27C8
:10A6E000C37A400F8481848FF6FF40100000000081
:10A6F0006974400F8481848F0032437C1B0060109A
:10A7000001000424EFFF641486BF043C00400524CC
:10A71000C003437C340285AC110060140020032484
:10A72000380283ACFF00423082BF033C201062AC91
:10A73000E4FF001000000000C77A400FB082848F51
:10A74000E5FF40101400BF8F9575400FB082848FD5
:10A750001400BF8F252040007D5A400B1800BD27F4
:10A76000340283ACF0FF0010FF00423086BF023C91
:10A7700000400324380243ACD2FF00100000000068
:10A78000284150502928455252295B25735D5B258D
:10A79000645D00005B6E6D692073746172745D3A74
:10A7A000206661696C20696E6974206275730A00A5
:10A7B0000D000000284150502928494E464F2900DD
:10A7C0004368697020494420256C780A0000000025
:10A7D0006661696C656420746F20656E61626C658A
:10A7E00020696E74657272757074732E2E0A000083
:10A7F0005B6E6D692073746F705D3A206368697079
:10A800005F6465696E6974206661696C0A000000A6
:10A810005B6E6D692073746F705D3A2053504920F0
:10A82000666C6173682064697361626C652066613F
:10A83000696C0A005B6E6D692073746F705D3A20FD
:10A840006661696C20696E6974206275730A000024
:10A850000D0D00000D070707070720435120435146
:10A860002043512043512043512043512043512044
:10A870004351204351204351204351204351204311
:10A880005120435120444520773669776920573657
:10A8900049574920573649574920545543534F4E3D
:10A8A00020415A000D0A0D0A5265636569766520DC
:10A8B0004572726F72205265706F72740D0A436830
:10A8C00061726163746572733A2025640D0A426196
:10A8D0006420436861726163746572733A20256411
:10A8E0000D0A4572726F722050657263656E7461F5
:10A8F00067653A20252E30660D0A0D0A000000001B
:10A9000021455200215100000D0A0A5265747572EA
:10A910006E696E6720746F20434C490D0A0A3E0031
:10A92000C8818293E8FFBD271400BFAF0500401423
:10A930001000B0AF1400BF8F1000B08F0800E0030C
:10A940001800BD276882848F029D053CE26F400F8E
:10A95000E4E1A524B8828497EE64400F029D103C88
:10A960006882848FE26F400FFCE10526FD72400F84
:10A97000BA8284936882848FE26F400FFCE10526DF
:10A98000FD72400FBB8284936882848F029D053CD8
:10A99000E26F400F00E2A524FD72400FBC82849359
:10A9A0006882848F2275400F3A000524FD72400FA3
:10A9B000BD8284936882848F2275400F3A000524FB
:10A9C000FD72400FBE8284936882848F029D053C95
:10A9D000E26F400F04E2A5241400BF8F1000B08F77
:10A9E000C88180A30800E0031800BD2785BF023C92
:10A9F00000B0438C01000424C47B037C00B043AC52
:10AA0000C5BF033C0840638C88B143AC0103033CE1
:10AA100001006324DCB043AC6000033C00B043ACF5
:10AA20000001033C04B040AC08B043AC0CB040ACF7
:10AA300080B040AC84B040AC88B040ACD0B040AC4A
:10AA400010B040AC14B040AC18B040AC28B040AC32
:10AA50002CB040AC00B0438CC47B837C00B043ACD2
:10AA600004B0438CFEFF61040000000004B0438C7E
:10AA70008007637CFDFF60140000000000B1438C80
:10AA8000010004248410837C00B143AC00B1438CEA
:10AA90008002637CFDFF60100000000008B0438C62
:10AAA000010004248494837C08B043AC0800E003D4
:10AAB000000000000080093CB00229252510A000FC
:10AAC0002C00238D2800258D24004050252860006F
:10AAD000220065502510000000800B3C253000004E
:10AAE00082BF0D3C48666B250A00001006000C244E
:10AAF0008A19637DFFFF43A13000238D2B180301CA
:10AB00000A4003001400C210251800011600655009
:10AB10002510C0000020A78D0100C624215086000A
:10AB20000600E730F2FFEC1401006824401803002F
:10AB30002118630100006794401806002118830063
:10AB4000FEFF67A43000238D2B1803010A40030089
:10AB5000EEFFC21425180001252800012C0025ADA8
:10AB60000800E003000000002C0025AD0800E00311
:10AB700000000000F9FF0010251000000080063CD6
:10AB8000A06CCA8C2B004011251000002518400134
:10AB900025380000254000000000658C0800A41442
:10ABA0001000698C0200E050A06CC9AC1000E9AC48
:10ABB0000800E00310006224F7FF001025182001B0
:10ABC0002B58850007006011000000001B0040505A
:10ABD0002540E00000004B8C2B28AB000B40E5002B
:10ABE0000B106500F4FF201525386000110040109F
:10ABF000000000000000438C1000458C2318640006
:10AC00001100692C0700201510004724000044ACF7
:10AC1000F0FF63242120E400100085AC000083AC29
:10AC20002528800002004255100005ADA06CC5AC7F
:10AC30002510E0000800E00300000000E9FF00101C
:10AC40002510600003008014251000000800E003B8
:10AC5000000000000400828CE0FFBD271800B1AFA7
:10AC6000200042301400B0AF1C00BFAF2580800030
:10AC7000090040102588A0001400828C1800838CE5
:10AC80002B106200140040542C00828C280000AE6F
:10AC9000180000AE140000AE3C00058E4000028E8D
:10ACA0002B18A20004006010010006240000048E8E
:10ACB000D17A400F2328A200400000AE3C0000AE35
:10ACC0000B00201225100000366D400F0000048E8E
:10ACD000080000101C00BF8F2530000009F840005C
:10ACE000252800001400038EE8FF6014FFFF0224F3
:10ACF0001C00BF8F1800B18F1400B08F0800E00354
:10AD00002000BD27E8FFBD27FF00A5301000B0AF31
:10AD10001400BFAF0F00A01425808000855E400F97
:10AD200000000000218002021400BF8F25100002E5
:10AD30001000B08F0800E0031800BD270000028259
:10AD4000F9FF4010FF004230F8FF45101400BF8F9C
:10AD50000100102603000232F8FF40140101043CF8
:10AD6000010184240220A470FEFE073C8080083C80
:10AD7000FFFEE734808008350000038E2630640033
:10AD80002110670027180300241043002118C70072
:10AD900027300600243066002510460024104800A5
:10ADA000F5FF40500400102600000282DEFF401034
:10ADB000FF004230DDFF45101400BF8FFAFF001086
:10ADC0000100102600800340C011637C01000724AD
:10ADD0002900671401800240402E437C001080400F
:10ADE000001880400028804000308040252000006E
:10ADF0000080043C0000834000508440C0000000FC
:10AE00000200004200408420FFFF6320F9FF60142D
:10AE10000000000000BD043C44088434003084403D
:10AE200000BD053C4008A52400BD063C7008C624B2
:10AE3000253800001000A610FF01093C00E029356C
:10AE400000288940000087400000A88C0400A98CDD
:10AE50000800AA8C0010894000188A4000508840E1
:10AE6000C0000000020000420C00A5200100E72005
:10AE7000F0FF0010000000000800E00300000000E8
:10AE800070FFBD278400B2AF8000B1AF7C00B0AFCF
:10AE90002588A000258080002590C000252800007E
:10AEA0004C0006242400A4278800B3AF8C00BFAF59
:10AEB000EC78400F2598E000FFFF02241000A2AFBD
:10AEC00002010224020000161400A2AF7000B02795
:10AED0001800B0AF1C00B1AF020020122510000016
:10AEE000FFFF22260C0021062000A2AF0080023CBA
:10AEF0004F000324A86C43ACFFFF02248C00BF8FDB
:10AF00008800B38F8400B28F8000B18F7C00B08F37
:10AF10000800E0039000BD27000000A22530600279
:10AF2000252840021000A4272800B0AF5777400F13
:10AF30002400B0AFF2FF00108C00BF8F0000A28C85
:10AF40000400A38CC0FFBD273800B3AF3400B2AFFC
:10AF50003000B1AF2C00B0AF3C00BFAF25888000FF
:10AF60002580A0000800B28C2000A2AF030060047E
:10AF70000C00B38C4408027C2000A2AF2000A22762
:10AF80001800A2AF0A0002241400A2AF1000B2AF52
:10AF90000400C78C0000C68C8661400F252000028B
:10AFA0001000068E2000A38F25384002FFFFC62424
:10AFB0001000A3AF2330C200212862022E65400F8B
:10AFC000252020020400238E00016330040060105D
:10AFD0003C00BF8F0400038E2A2043000B10640046
:10AFE0003800B38F3400B28F3000B18F2C00B08F97
:10AFF0000800E0034000BD270020804401602E4689
:10B000000020E0446881828F3C20204614000045E7
:10B01000608182D7010003240C004350588182F7DD
:10B02000588186D73C112C4602000445508180D7B8
:10B0300060818CF701032646029D023C98E540D4CE
:10B040006C82868F3F74400B026320468611204637
:10B05000608184F786202046F2FF0010688180AF6F
:10B060000C00401001000224508180D73C122E4673
:10B07000F0FF0845588186D701032646029D023C11
:10B0800098E540D46C82868F60818EF73F74400BC8
:10B0900002632046508182F706102046608184F7C3
:10B0A00086202046F1FF0010688182AFD8FFBD27BF
:10B0B0002000B1AF006071441C00B0AF00601044CC
:10B0C00000F0227E1400A2AF1000B0AF7082868F15
:10B0D0001000ACD72400BFAF3F74400F0000000049
:10B0E000001080440080023C0010E0443200224600
:10B0F00018000145E0044224580042D403102046C1
:10B10000029D033C68E862D43C0122460F000745DB
:10B1100006102046588080F7B00042D43C122046EA
:10B12000030008450008904406102046588082F726
:10B130002400BF8F0008F1441C00B08F0208204695
:10B140002000B18F0800E0032800BD27F2FF0010A7
:10B15000588082F7580040D4E8FF0010860020464F
:10B160005000828CE8FFBD271000B0AF1400BFAFC5
:10B170000B004010258080005400838C2A10620050
:10B1800007004014000000004C0000AEFFFF022446
:10B190001400BF8F1000B08F0800E0031800BD2717
:10B1A000BD74400F25200002F8FF42044C0000AEA1
:10B1B0004000038E5000048E3C00058E0900801074
:10B1C000253060005400068E233865002320860059
:10B1D0002A38E4000300E01425306000FFFF8424D7
:10B1E0002130A400060060104C0006AE5400048E0E
:10B1F000231865000100632421188300540003AE66
:10B20000FFFFA390E2FF6254FFFFA2A0E1FF001046
:10B210001400BF8FF8FFBD270800ACF70C00A38F08
:10B220000055627C33044428150080100800A0D724
:10B23000001080440010E0443260224610000145B6
:10B2400000000000029D043C0F006104C0E884D4AB
:10B25000016024460000244601002C46FF034228DA
:10B260000E0040100800A1D70000A0F714006004F1
:10B27000029D023C0800A0AF0C00A0AF0800A0D7C0
:10B280000800E0030800BD270800A1D700002446FD
:10B2900001002446F1FF0010010021463C11204628
:10B2A00040082046F5FF04450800A1F7029D023C36
:10B2B000C8E840D401082046F0FF00100800A0F7BD
:10B2C000FDFF0010B8E840D4C6808293E0FFBD27A0
:10B2D000FF004230050040101C00BFAFC6808293C3
:10B2E000FFFF4224FF004230C68082A3C6808393C2
:10B2F000FF0063300900601425100000C7808393AD
:10B30000030004240800831021430524C78083938D
:10B310000400042405008310741004241C00BF8F53
:10B320000800E0032000BD2774100424B77A400F02
:10B330001000A0AFFAFF40141C00BF8F1000A5271B
:10B34000B57A400F01000424F4FF40141000A38FCD
:10B3500002006430F2FF80501C00BF8F4408037C61
:10B360002528600001000424B77A400F1000A3AF25
:10B37000EBFF00101C00BF8FD8FFBD272000B1AF2E
:10B380000080113C303F228E1C00B0AF2400BFAFC4
:10B390000E004010258080007C76400F00000000E9
:10B3A0001000A4273977400F1000A2AF0F004224ED
:10B3B0001000A58F0418027CCE78400F2520400095
:10B3C0000C0040102400BF8F303F20AE010000521F
:10B3D000010010240F0010260418107C090000162C
:10B3E0000080023C0C000324A86C43AC2510000034
:10B3F0002400BF8F2000B18F1C00B08F0800E00335
:10B400002800BD270400022E040003240B806200E4
:10B41000DF6A400F25200002F5FF4054FCFF50ACCE
:10B42000F4FF00102400BF8FE0FFBD271400B0AF71
:10B430000080103C7C6C028E1800B1AF1C00BFAFC6
:10B440000F00401425888000E65F400F00000000D8
:10B450007C6C028E0B004014000000000080023C57
:10B460000C000324A86C43ACFFFF02241C00BF8F18
:10B470001800B18F1400B08F0800E0032000BD2732
:10B480007C6C028E0A00201A211851002B206200C9
:10B49000F2FF80140080043C806C848C2B2083009D
:10B4A000EFFF80540080023CF0FF00107C6C03AE84
:10B4B0002B204300050080140080043C846C848CA5
:10B4C0002B206400E9FF80507C6C03AE0080023CBE
:10B4D000E4FF001016000324D0FFBD272C00BFAFEF
:10B4E000260080042800B0AF0080103C001104004A
:10B4F000A4031026218002020A0002920100032404
:10B5000019006254FAFF1024060008960A0000A2EF
:10B51000060000A60B0003922510800049000524B8
:10B52000010063304E0004240B2883002000A6276E
:10B53000020004241800A0AF1400A0AF1000A0AFB8
:10B54000040007242000A2A3AA46400F2200A8A7B7
:10B550002520000210000624F7FF102425280000F3
:10B560004779400F0A8002002C00BF8F251000028F
:10B570002800B08F0800E0033000BD27FAFF00105C
:10B58000FAFF1024C0FFBD273400B0AF2580800033
:10B590000C00043C2000A527080084243C00BFAF19
:10B5A0003800B1AF1000A0AFB57A400F1400A0AFC3
:10B5B000060040102000A48F3C00BF8F3800B18FE0
:10B5C0003400B08F0800E0034000BD270300113CA9
:10B5D000080006241000A5274169400F252091008E
:10B5E000F6FF40143C00BF8F1000A2971800A5275B
:10B5F00006000624252051004169400F2000A2AF1B
:10B600001800A5272520000206000624BA78400F5E
:10B610002800A2AF3C00BF8F2800A28F3800B18F56
:10B620003400B08F0800E0034000BD27E0FFBD27D5
:10B630001800B2AF1400B1AF1C00BFAF1000B0AF24
:10B640002590A000140080140080113CA46C308E62
:10B650000B0000121C00BF8F252000020B69400F59
:10B660002528400221800202000002820C00405482
:10B6700025284002A46C20AE258000001C00BF8F4E
:10B68000251000021800B28F1400B18F1000B08F87
:10B690000800E0032000BD27EFFF00102580800098
:10B6A000D568400F252000022110020200004380CF
:10B6B00005006010A46C22AE01004324A46C23AEEC
:10B6C000EEFF0010000040A0ECFF0010A46C20AEC4
:10B6D000756C033CC8FFBD27286E63241800A3AF18
:10B6E0006C2903242800B2AF2000B0AF3400BFAFF4
:10B6F0003000B4AF2C00B3AF2400B1AF2590800070
:10B700002510E0001C00A3A71E00A0A30200C0108B
:10B710001800B0272580C0000400B18C0800B38C4D
:10B72000030040140000B48C855E400F2520000209
:10B73000020020062B1822020B1023021000B4AFC7
:10B740002538600225280002252040022E65400F82
:10B75000253040003400BF8F3000B48F2C00B38FF1
:10B760002800B28F2400B18F2000B08F0800E003C2
:10B770003800BD27E8FFBD271400BFAF006062415D
:10B78000C00000007C6E400F000000008EBF023C35
:10B790000000458C0300032480BF043C0429657C21
:10B7A000000045AC0000458C0410657C000045ACF1
:10B7B0000000828C0429627C000082ACBF62400FD2
:10B7C000000000007B6A400F000000001867400F77
:10B7D00000000000E277400F000000006472400F9C
:10B7E000000000003779400F000000001673400F82
:10B7F00000000000B272400F000000002A74400FE9
:10B8000000000000206062411400BF8F0800E003C8
:10B810001800BD27C8FFBD273000B0AF25808000CD
:10B820004000A6AF4400A7AF3400BFAFDE6C400FAE
:10B83000480004244000A68F180040104400A78F41
:10B840005800A0D725204000252800022000A0F79E
:10B850005000A0D72800A2AF1800A0F74800A0D73A
:10B860002441400F1000A0F72800A28F300040AC08
:10B87000340040AC280040AC2C0040AC400040AC50
:10B88000440040AC380040AC3C0040AC3400BF8FBA
:10B890003000B08F0800E0033800BD27029D043C53
:10B8A00010E384246E78400F2800A2AFF7FF001049
:10B8B0002800A28FE0FFBD271C00BFAF1800B2AF69
:10B8C0001400B1AF1000B0AF0008112486BF103CC7
:10B8D000FA74400F2590800001000424340111AE59
:10B8E0009374400F000000009374400F0200042482
:10B8F000380111AEFA74400F000000000600042465
:10B90000340111AE9374400F0000000020000424A5
:10B91000380111AE340111AE9374400F00000000E5
:10B920009374400F003C447E9374400F003A447E71
:10B930009374400FFF0044321C00BF8F380111AEDA
:10B940001800B28F1400B18F1000B08F0800E00310
:10B950002000BD2749808293E8FFBD271400BFAFB8
:10B96000488082A34A808293498082A34B8082933D
:10B970004A8082A34C808293A779400F4B8082A398
:10B98000029D053C00A9A524488084270470400F2F
:10B990004C8082A30A004050029D053CCB72400FB0
:10B9A000000000006882848F0080053CE26F400F39
:10B9B0007804A524010002244C8082A3029D053C4A
:10B9C00004A9A5240470400F488084270600401075
:10B9D0001400BF8FA870400F000000000100022477
:10B9E0004C8082A31400BF8F0800E0031800BD271D
:10B9F00099AA033C80BF023C55666324300040ACEA
:10BA0000300043AC6655033CAA996334300043AC24
:10BA10000000438C010004240463037C000043AC59
:10BA200000100324400043AC03000324500043AC47
:10BA3000FE01033CFF016324600043ACFD010324CD
:10BA4000700043AC1F30033C3E386324800043AC9D
:10BA50008310033C01006324900043AC5000033C7E
:10BA6000A00043AC0000438C0463837C000043AC23
:10BA70003333033C33336324300043AC0800E0032A
:10BA80000000000082BF023C1020448C0080033C78
:10BA9000B00263240E008430400064AC1020448C5B
:10BAA0000E008430150080502000798C1020448CCA
:10BAB000020084300700801002000424142044ACEB
:10BAC0001020448C010084300700805081BF023C6C
:10BAD0003020448C1020448C01008430FCFF801402
:10BAE0000000000081BF023C0100043C740044AC33
:10BAF0000200043C740044AC2000798C0400201344
:10BB0000000000002400658C0800200302000424CB
:10BB10000800E0030000000080FFBD277800B2AFFE
:10BB20007400B1AF7000B0AF2588A0002580800000
:10BB30002590C00025280000600006247C00BFAFCF
:10BB4000EC78400F1000A427FFFF022425280000F6
:10BB50001000A4271800B0AF4C00B0AF8F78400F92
:10BB60005000A2AF01000624252840025624400FB1
:10BB70001000A427070020125000A38F4C00A28FB2
:10BB8000231043006400A38F211043002180020290
:10BB9000000030AE7C00BF8F7800B28F7400B18F90
:10BBA0007000B08F0800E0038000BD27E8FFBD27CC
:10BBB0001000B0AF1400BFAF48008280FFFF4324E5
:10BBC00025104300480082A01800838C1400828C4A
:10BBD0002B10620005004010258080002C00828C14
:10BBE0002530000009F84000252800000400028EDE
:10BBF000280000AE180000AE0200433008006010BC
:10BC0000140000AE10004234040002AEFFFF022414
:10BC10001400BF8F1000B08F0800E0031800BD278C
:10BC20000800038E0C00048EC000427C231002002A
:10BC300021186400400003AEF5FF00103C0003AE85
:10BC400082612C46029D033C78DB6AD4029D033C52
:10BC500080DB62D4029D033C88DB68D4029D033CF8
:10BC6000A9324A4C90DB62D402312646029D033C45
:10BC70002932484C98DB62D41000A28F026026461D
:10BC800002212646A140464C06004014A1204A4C01
:10BC9000029D023CA0DB4ED4A930C24D0800E00357
:10BCA0002110804D82102046029D023CA8DB44D426
:10BCB000029D023CA970444CA910C64DB0DB46D48D
:10BCC00002002646011020460800E00301602046DD
:10BCD0005F00023C42180400105E42242110620002
:10BCE0001B004400F40180000100053C121000001C
:10BCF000FFFF42242A2845000900A0507D01023C94
:10BD000082BF033C00206494FFFF4230C418047CCF
:10BD1000002064A4402062AC0800E00300000000A2
:10BD200040784224211862001B006400F401800066
:10BD300082BF023C0020449401000524C418A47C66
:10BD4000002044A412180000FFFF6324FFFF6330AB
:10BD5000402043AC0800E003000000000400828C97
:10BD6000E0FFBD271C00BFAF000147301800B1AF96
:10BD70001600E0101400B0AF1000828C2580800007
:10BD80002518C0002B88C2001400848C0A185100AA
:10BD9000253060002B5E400F258860001400028E65
:10BDA0001000038E2110510023887100140002AE90
:10BDB000100011AE000040A01C00BF8F1800B18F12
:10BDC0001400B08F0800E0032000BD2710004230AF
:10BDD000FAFF40541C00BF8F7879400F000000002C
:10BDE000F6FF00101C00BF8F0C00A7AF0C00A38F44
:10BDF0000800A6AF2510800002450300FF070531AB
:10BE00000E00A0140800A48F029D033C0008864485
:10BE100040E660D40008E7440008052402082046F4
:10BE200000000644000067442520C0000055E67C61
:10BE30000200C0102518E000C1FFC524C23704006D
:10BE4000401803002518C30040200400000044AC43
:10BE500000A0637C2000043C25188300CCFBA524B3
:10BE600000080831040043AC080045AC0800E003BA
:10BE70000C0048AC0004C2281300401402FCC32884
:10BE8000029D023C58EA40D401FCC224000443282D
:10BE900006006014026320460263204602F8C224B2
:10BEA00000044428FF0303240A1064002520000036
:10BEB000FF03422400008444002D02000000E544FA
:10BEC0000800E00302602046F8FF60102510C00063
:10BED000029D033C60EA60D4C903C22402FC4328EB
:10BEE000F2FF6010026320469207C22402FC44283D
:10BEF00002FC032402632046ECFF00100B106400D8
:10BF0000E0FFBD271800B1AF25888000750004242C
:10BF10001C00BFAF1400B0AF2A77400F2580A000EF
:10BF20002530200225280000D274400F010004248F
:10BF3000252800007F000624D274400F010004244D
:10BF40002A77400F15000424253000022528000020
:10BF5000D274400F010004247F000624252800002D
:10BF6000D274400F010004241C00BF8F1800B18F51
:10BF70001400B08F25300000252800002520000087
:10BF8000D274400B2000BD270000A6800700C0141B
:10BF9000251000001C000010000000000100A52476
:10BFA0000000A6801600C010FFFFE2301000838C56
:10BFB00001004724F9FF6010FFFF68240400838C10
:10BFC0000100A524213883001400E6A00000868C1F
:10BFD000010063240C00878C1B006600F401C00084
:10BFE000100088AC0100E7240C0087AC101800009A
:10BFF000040083AC0000A680EDFFC0541000838CC9
:10C000000800E003000000000800E003000000005A
:10C010000000AA801E00401100000000000089807E
:10C02000170020512510000007004911251080003D
:10C030000100898012002051251000000100842495
:10C04000FBFF4915251080000100A3800E00601041
:10C050000000000001008980F6FF23150200A324E0
:10C0600004000010020087240000E880F3FF06159A
:10C070000100E72400006680FBFFC0140100632478
:10C080000800E003000000000800E00300000000DA
:10C090000800E0032510800082642C46029D023CCB
:10C0A00038DB4AD4029D023C40DB50D4029D023C66
:10C0B00048DB44D4029D023C50DB42D4029D023C4A
:10C0C000029232462191444C58DB42D4029D023CFC
:10C0D00060DB46D4029D023C82922A4682632E4651
:10C0E000024228462921524C68DB42D4029D023C80
:10C0F000A991464C70DB42D401802A46A131524CB2
:10C1000082313246A120C84CA910D24D81832046ED
:10C1100081732A4680102E460800E0030010204656
:10C120003C29019D4829019D5829019D7029019DA7
:10C130008429019DA029019DB829019DD829019D2F
:10C14000F429019DFC29019D082A019D202A019DB9
:10C15000382A019D4C2A019D542A019D682A019D7F
:10C16000802A019D942A019DAC2A019DBC2A019D33
:10C17000CC2A019DE02A019DF02A019D002B019D02
:10C18000102B019D202B019D302B019D402B019DEB
:10C19000502B019D602B019D702B019D7C2B019DDF
:10C1A000C6808293E8FFBD27FF004230090040149B
:10C1B0001400BFAFC7808293030003240D006210F8
:10C1C00000000000C780829304000324090062106D
:10C1D00000000000C6808393251000000100632446
:10C1E000FF006330C68083A31400BF8F0800E00304
:10C1F0001800BD27D94C400F00000000FBFF401481
:10C200001400BF8F78560524B77A400F74100424A9
:10C21000F0FF40101400BF8FF4FF0010000000007A
:10C22000284150502928494E464F2900284552524E
:10C23000522943757272656E74203C25643E0A0073
:10C240000D000000284150502928455252295B25F5
:10C25000735D5B25645D0000534E4920457863653E
:10C26000656473204D6178204C656E6774680A00C0
:10C27000556E6B6E6F776E2053534C20536F636B0C
:10C280006574204F7074696F6E2025640A00000089
:10C290004E6F742053534C20536F636B65740A00C8
:10C2A000029D023C98FFBD2754A842246400BFAF02
:10C2B0006000B0AF1000A327500048240000478C56
:10C2C0000400468C0800458C0C00448C100042246D
:10C2D000000067AC040066AC080065AC0C0064AC00
:10C2E000F6FF481410006324050010246882848F30
:10C2F000FFFF1026E26F400F1000A527FCFF00167D
:10C300006882848F029D053CE26F400F50A8A524EF
:10C310006400BF8F6000B08F0800E0036800BD2795
:10C32000CC808293D0FFBD27FF004230190040141B
:10C330002C00BFAFF2FF8324FF006330F100632CB9
:10C3400004006010F1FF02242C00BF8F0800E003FE
:10C350003000BD27251080001800A0AF1400A0AF4A
:10C360001000A0AF040007242000A6271000052419
:10C3700001000424AA46400F2000A2A3F3FF4014AA
:10C380002C00BF8F01000324CC8083A30800E003AE
:10C390003000BD27ECFF0010F2FF0224E0FFBD27B4
:10C3A0001000A5271C00BFAFB57A400F0814042465
:10C3B00017004014081404241000A28F0001423416
:10C3C00025284000B77A400F1000A2AF100040149B
:10C3D0001000A527B57A400F001A04240C00401461
:10C3E0000100033C1000A28F001A04242510430012
:10C3F00025284000B77A400F1000A2AF010040543A
:10C40000FAFF02241C00BF8F0800E0032000BD27B4
:10C41000FCFF0010FAFF02240800E0030000000007
:10C420002518E003009D043C70148424160080103D
:10C43000000000000000858C1300A010040084247C
:10C440000000868C0400842400008B840400842473
:10C45000029D0C3C64E98C2580580B0021606C0126
:10C4600000008C8D09F880010000000025204000AC
:10C4700003008424FCFF06242420C4000000858CD3
:10C48000ECFFA0140000000025F860000800E003A5
:10C490000000000020000524000082800D004510EF
:10C4A000F7FF43240500632C0A0060142B000324CB
:10C4B0000A0043102D000324030043142528000024
:10C4C000010005240100842425100000070000104D
:10C4D0000A000724F0FF001001008424F9FF001077
:10C4E00025280000010084242310430000008380DD
:10C4F000D0FF63240A00662CFAFFC0540210477074
:10C500000100A050231002000800E003000000001A
:10C5100020000524000082800D004510F7FF432411
:10C520000500632C0A0060142B0003240A0043104A
:10C530002D000324030043142528000001000524D6
:10C540000100842425100000070000100A000724C1
:10C55000F0FF001001008424F9FF001025280000DE
:10C56000010084242310430000008380D0FF632453
:10C570000A00662CFAFFC054021047700100A05058
:10C58000231002000800E003000000001C00C0109F
:10C59000FFFFC8240000A3800100A724010082241B
:10C5A0000E006010000083A02130A60006000010DD
:10C5B0002128A8000100E724FFFFE4800900801083
:10C5C000FFFF64A0251060002340A700F9FFC714F7
:10C5D000010043240800E00300000000251840008B
:10C5E00025108000FBFF001121206800010063245A
:10C5F000FEFF8314FFFF60A00800E0030A10820022
:10C600000800E003251080000D0A3E3E3E20524106
:10C61000572049502043414C4C4241434B20434119
:10C620005054555245443A204D73675479706520F3
:10C630003D202575203C3C3C0D0A00004D324D202C
:10C640005769466920496E6974204661696C656462
:10C650003A2025640D0A000057494E4331353030E9
:10C6600020456E67696E652046756C6C7920496E51
:10C67000697469616C697A6564210D0A00000000C3
:10C6800000004054FB21F93F3163621A61B4D03D90
:10C6900000004054FB2109403163621A61B4E03D5F
:10C6A00000000000000008400000307F7CD91240EC
:10C6B00000004054FB2119403163621A61B4F03D1F
:10C6C00083C8C96D305FE43F0000000000003843BC
:10C6D0000000601A61B4D03D7370032E8A19A33B29
:10C6E0000000002E8A19A33BC14920259A837B397B
:10C6F0000000000000007041E0FFBD271C00BFAF3C
:10C700001800B1AF1400B0AF006806408020D17CA3
:10C710000070104000606241C0000000019D043CB8
:10C72000BB75400FE4288424029D023C20C14224B2
:10C73000802811000A28457C019D043C0C29842492
:10C740004877400F25302002019D043C2528000237
:10C750004877400F24298424400000004000000056
:10C76000FDFF001000000000E8FFBD271000B0AF83
:10C7700025800000C22004000478107C8228050077
:10C78000C47A907CC23006004451B07C0420D07C36
:10C790001400BFAF2A77400F5C000424003A067EE5
:10C7A00025280000D274400F01000424FF00063247
:10C7B00025280000D274400F010004241400BF8F0C
:10C7C0001000B08F25300000252800002520000033
:10C7D000D274400B1800BD276480828F86BF043C52
:10C7E0002004838C801002000C0042304000637CE7
:10C7F00003006010648082AF01004234648082AF25
:10C800002004838C8000637C0300601007000324F5
:10C8100002004234648082AF060043100B00032400
:10C82000070043148C81828FFFFF42240800E0033D
:10C830008C8182AF8C81828F010042248C8182AFF7
:10C840000800E00300000000E0FFBD271C00BFAFB0
:10C850001800B2AF1400B1AF1000B0AF86BF113CEA
:10C8600025808000FA74400F00081224030004247D
:10C87000340132AE9374400F000000009374400FF7
:10C88000003C047E9374400F003A047E9374400F82
:10C89000FF0004329374400F252000001C00BF8F5E
:10C8A000380132AE1000B08F1800B28F1400B18F73
:10C8B0000800E0032000BD270300022403008210CB
:10C8C000251000000800E00300000000E8FFBD277D
:10C8D0001000B0AF86BF103C2510A00030040392BA
:10C8E0000000448C0800A6940400A58CC439037C85
:10C8F0001400BFAF300403A2EE76400F000000002A
:10C90000300402921400BF8F01000324C439627CFA
:10C91000300402A2251000001000B08F0800E003D0
:10C920001800BD27200003240B20A5000B180500CC
:10C93000022C04000400A01402120500100063344D
:10C940002528800002120500040040140221020084
:10C95000080063342510A000022102000400805466
:10C96000821004000400633425204000821004007B
:10C97000040040544210020002006334251080007D
:10C9800042100200010042380800E0032510430075
:10C9900082BF023C81BF033C0004063C0008053C0A
:10C9A0000010043C040166AC040165AC040164ACF5
:10C9B000001440AC2014478C840066AC840065AC45
:10C9C000840064AC01000324301443AC4000032411
:10C9D000141443AC0100033C20016324081443AC4D
:10C9E00005000324081443AC00800334081443AC4E
:10C9F0000800E00300000000029D023C48E842D429
:10CA0000000080443C602246060001450000E044EE
:10CA1000029D023C40E840D43C012C460C000645F7
:10CA20000063204684BF023C2002448C251800008D
:10CA3000000884440008E344210BA046026320461A
:10CA40000D602046000004445E7A400BFFFF8430F6
:10CA5000029D023C50E840D4F2FF001002602046E4
:10CA6000D8FFBD272000B1AF1C00B0AF00081124D3
:10CA700086BF103C9F0004242400BFAF340111AED8
:10CA80009374400F1300A0A39374400F252000005F
:10CA9000252000009374400F1200A2A3252000005F
:10CAA0009374400F1100A2A32400BF8F1000A2A313
:10CAB000380111AE1000A28F2000B18F1C00B08F82
:10CAC0000800E0032800BD2782BF023C81BF033C71
:10CAD000008004340020062400400524F40066ACE5
:10CAE000F40065ACF40064AC001040AC2010478C3E
:10CAF000740066AC740065AC740064AC010003247F
:10CB0000301043AC40000324141043AC0100033C3C
:10CB100020016324081043AC05000324081043AC33
:10CB2000081044AC0800E003000000004881878F33
:10CB300025180000029D023C0000874428E842D4EA
:10CB40000000E3444C81868F2100A046020022466B
:10CB500000088644251800000008E344E0FFBD27D4
:10CB6000A108A046029D053C0080043C030022462B
:10CB7000A4A8A524780484241C00BFAFD878400F53
:10CB80001000A0F71C00BF8F0800E0032000BD27A5
:10CB9000019D043CE0FFBD27A81784241800B1AF15
:10CBA0001400B0AF1C00BFAF6E78400F25800000AE
:10CBB000FF0011241272400F25200002202C027C5D
:10CBC00008005114252000001C00BF8F1800B18FF1
:10CBD0001400B08F019D043CB01784246E78400B84
:10CBE0002000BD271815400F01001026F1FF00108E
:10CBF00000000000E0FFBD271400B0AFCCCC103C1B
:10CC0000CDCC1036190090001800B1AF25888000F7
:10CC10006882848F1C00BFAF10800000C2801000AB
:10CC20002275400F30000526802810002128B00012
:10CC300040280500232825021C00BF8F1800B18F53
:10CC40001400B08F6882848F3000A524202C057CCE
:10CC50002275400B2000BD2782BF023C81BF033CF0
:10CC6000008004340100053C00400624040166AC49
:10CC7000040164AC040165AC001240AC2012488C85
:10CC8000840066AC840064AC840065AC01000324BD
:10CC9000301243AC40000324141243AC2001A724FB
:10CCA00005000324081247AC081243AC081244AC38
:10CCB0000800E00300000000E8808293E8FFBD2741
:10CCC000FF004230040040101400BFAF1400BF8FBB
:10CCD0000800E0031800BD270080043CB0000624D3
:10CCE000252800004779400FA4038424019D053CBA
:10CCF00088E4A5240963400F020004241400BF8FB8
:10CD000001000224E88082A31800BD27EA8080A7E2
:10CD10000800E00300000000FFFFFFFFFFFFEF7FC0
:10CD200000000000000010000000000065CDCD41B3
:10CD3000000000000000F03F000000000000D03FB5
:10CD4000000000000000E83F000000000000E03F9D
:10CD50000000000000004043000000000000F0FF61
:10CD6000FFFFFFFFFFFFF77F000000000000F07FE4
:10CD7000000000000000B03FE0FFBD271000B0AF92
:10CD80000280A6701800B2AF2590C0001400B1AFA9
:10CD90000A9005002588A000252880002520E000B5
:10CDA0001C00BFAF7879400F25300002040002124A
:10CDB0001C00BF8F1B005100F401200212900000E4
:10CDC000251040021400B18F1800B28F1000B08FF0
:10CDD0000800E0032000BD270400A28CE0FFBD276F
:10CDE000FF008330000142301C00BFAF0A0040103A
:10CDF0001000A3A31400A28CFF008430010046247D
:10CE00001400A6AC000043A01C00BF8F25108000BA
:10CE10000800E0032000BD272520A0000100062413
:10CE20007879400F1000A527F7FF4010FFFF04247A
:10CE3000F5FF00101000A49300001F000000008503
:10CE400000000000000800000000000000000000DA
:10CE50000000000000000000048D919489009A8B6E
:10CE60008F9200008C839C9D969793818A909587E2
:10CE700086988E9E000000990003190E09010D1A74
:10CE800014060B0F121C0C1816170A0510071E1398
:10CE90001D151100E0FFBD271C00BFAF1800B2AF89
:10CEA0001400B1AF1000B0AF2590A000855E400F18
:10CEB00025888000253040002538400225202002AA
:10CEC000010005245E73400F258040001C00BF8FC9
:10CED000261050002B100200231002001800B28F01
:10CEE0001400B18F1000B08F0800E0032000BD27B0
:10CEF000A8FFBD273100A22C5400BFAF0200401094
:10CF0000300006242530A0000100C624252880001A
:10CF1000FF00C630BA78400F2000A4271800A0AF49
:10CF20001400A0AF1000A0AF2000A62730000724F7
:10CF300007000524AA46400F010004245400BF8FB7
:10CF40000800E0035800BD27E0FFBD271800B0AF80
:10CF50001C00BFAF2580800025280002B77A400F53
:10CF6000A01404241000A52708000012A014042413
:10CF7000B57A400F1000A0AFF8FF4014252800023A
:10CF80001000A28FF4FF5014000000001C00BF8F9F
:10CF9000251000001800B08F0800E0032000BD2716
:10CFA000E0FFBD271800B2AF3000B2931400B1AF5C
:10CFB0001000B0AF2588E0001C00BFAFC06F400F6D
:10CFC0002580C0002530400225282002DA71400F5C
:10CFD000252000021C00BF8F1800B28F1400B18FF3
:10CFE0001000B08F2530000025280000252000000B
:10CFF000D274400B2000BD271000838C12006010FB
:10D00000010002240400828C0000868C0C00878CB6
:10D01000010048241B000601F401C000080042245E
:10D0200040100200211082000100E724FFFF63246A
:10D03000040045A4251000000C0087AC100083AC50
:10D0400010300000040086AC0800E003000000007F
:10D05000029D063C25100000A0E8C62440180200EE
:10D0600021186600000067800300E0540000858CF2
:10D070000800E00301006290010042240000A88043
:10D0800004000715FF004230010062900100A52452
:10D09000000085AC0B00432CF1FF60144018020027
:10D0A0000800E003000000005476023C81BF033C0E
:10D0B000000406240400053C10324224001004241D
:10D0C00004000724080064ACCC8180AF680166AC22
:10D0D00025204000880165AC080367AC080366ACF6
:10D0E000080365AC100062AC1000628CFEFF4414B3
:10D0F000000000000800E003000000002800C6D483
:10D100000800C0D40000C3D43800C5D40230204683
:10D110003000C8D41000C1D41800C4D44000C7D413
:10D120002000C2D4022924463000C6F42160034CFA
:10D13000821027462800CCF44000C5F42108084C92
:10D1400001002446010022460800E0033800C0F434
:10D15000E8FFBD2725280000252000001000B0AF03
:10D160001400BFAFC06F400F00401024FFFF102617
:10D170002530000025280000DA71400F252000002E
:10D18000FBFF0016FFFF10261400BF8F1000B08FAA
:10D19000253000002528000025200000D274400B17
:10D1A0001800BD270C00838C1100601025100000B2
:10D1B0000800828C0000858C1000868C01004724BA
:10D1C0001B00E500F401A00008004224401002000A
:10D1D00021108200FFFF63240100C6240400429452
:10D1E0000C0083AC100086AC10280000080085AC51
:10D1F0000800E00300000000029D023C90884224E9
:10D200000080033CE0046324300144240000488C87
:10D210000400478C0800468C0C00458C100042240A
:10D22000000068AC040067AC080066AC0C0065AC9C
:10D23000F6FF4414100063240000448C0400428C68
:10D24000000064AC0800E003040062ACE0FFBD270E
:10D250001800B1AF1C00BFAF1400B0AF258880002C
:10D260004A7A400F00000000FDFF401482BF103CCE
:10D27000201411AE4A7A400F00000000FDFF401458
:10D28000000000002014028E1C00BF8F1800B18F18
:10D29000FF0042301400B08F0800E0032000BD27DB
:10D2A0000000043CE8FFBD27000084240300801038
:10D2B0001400BFAF09F880000000000000008430B7
:10D2C0000000A530009D083C8079082509F8000180
:10D2D000000000000000023C000042240300401057
:10D2E0000000000009F8400000000000F9FF0010F5
:10D2F00000000000E0FFBD271800B0AF1C00BFAF6A
:10D30000EB6E400F25808000060040504400028EE6
:10D31000FFFF02241C00BF8F1800B08F0800E0033D
:10D320002000BD27010006241000A52709F84000B1
:10D330002520000201000324F5FF43141000A293EE
:10D34000F5FF00101C00BF8FE8FFBD271000B0AF35
:10D35000258000000472907CC47BB07C1400BFAFB9
:10D36000030000100438D07CAB69400F00000000BF
:10D37000C57A400F8481848F6400422CFAFF4014E8
:10D38000FFFF05321400BF8F1000B08F8481848F9F
:10D39000FE73400B1800BD2786BF023C2001438C62
:10D3A0009481848F4003637C0600641400000000B5
:10D3B0002001438C9081848FC001637C080064103D
:10D3C000000000002001438C2001428C4003637C5C
:10D3D000C001427C948183AF9251400B908182AF17
:10D3E0000800E00300000000E8FFBD271000B0AF18
:10D3F0000100103C1400BFAF03000010A1861036DE
:10D40000090000521000B08FF275400FFFFF102688
:10D4100001004230FAFF40141400BF8F1000B08F9B
:10D420000800E0031800BD27029D043CB8E48424F2
:10D430006E78400B1800BD2739B4C876BE9FE63F12
:10D44000000000000040BF40000000000000244039
:10D4500000000000000024C000000000000059404F
:10D46000000000000000F03F000000000084934036
:10D47000000000000000E0410000000000003E400D
:10D480000000000000004E401000838C100060106F
:10D49000010002240400868CFFFF63242510000095
:10D4A000213886001400E5A00000858C0100C62408
:10D4B0000C00878C1B00C500F401A000100083AC99
:10D4C0000100E7240C0087AC10300000040086AC9B
:10D4D0000800E00300000000029D043CE8FFBD27B7
:10D4E000F8E784241400BFAFC68080A3C08080AF5B
:10D4F000C78080A3BC8080AFC48080A3B97A400F6E
:10D5000000000000029D053CACEAA5240963400F21
:10D51000030004241400BF8F251000000800E0035E
:10D520001800BD2770756C6C75705F6374726C0049
:10D53000636869705F6465696E69740063686970C7
:10D540005F72657365745F616E645F6370755F6859
:10D55000616C74006370755F7374617274000000B5
:10D560006E6D5F636C6B6C6573735F77616B650089
:10D57000029D043C80E580D4D0FFBD27029D033C82
:10D580002000A0F788E560D4029D023C2530000011
:10D590001800A0F790E540D4253800001000A0F74F
:10D5A0002C00BFAF056E400F252000002C00BF8F60
:10D5B0006C8282AF0800E0033000BD27029D033C6F
:10D5C00058E862D4D0FFBD27029D023C0080043C95
:10D5D000400580D42000A2F760E842D41000A0F7F4
:10D5E000253000001800A2F7253800002C00BFAF3E
:10D5F000056E400F252000002C00BF8F708282AF87
:10D600000800E0033000BD27E0FFBD271800B1AFE0
:10D610001400B0AF1C00BFAF25808000FF001124B4
:10D620001272400F25200002060051142024027CB3
:10D630001C00BF8F1800B18F1400B08F0800E003EA
:10D640002000BD271C79400F01001026F4FF0010B8
:10D65000000000000C00838C0F00601025100000FB
:10D660000800868C0000828C1000878C0100C52485
:10D670001B00A200F401400021308600FFFF63245C
:10D680000100E7241400C2800C0083AC100087ACBA
:10D6900010280000080085AC0800E003000000002E
:10D6A000000085800F00A01000000000E8FFBD27EB
:10D6B0001000B0AF1400BFAF25808000B082848F0F
:10D6C0002275400F0100102600000582FCFFA01407
:10D6D000B082848F1400BF8F1000B08F0800E00369
:10D6E0001800BD270800E00300000000E8FFBD2788
:10D6F0001000B0AF0080103C343F028E1400BFAF6A
:10D70000A573400F0000458C06004004010003246F
:10D71000343F028E0A000424BC79400F0000458C7F
:10D72000C21F02001400BF8F231003001000B08F2F
:10D730000800E0031800BD27E0FFBD271C00BFAFB5
:10D74000BB7A400F010004241000A527B57A400FD2
:10D7500070100424080040141C00BF8F1000A28F1A
:10D76000701004240200423425284000B77A400F8C
:10D770001000A2AF1C00BF8F0800E0032000BD27EF
:10D78000E8FFBD271000B0AF258080000A00842488
:10D790001400BFAFDE6C400F4020040007004010B3
:10D7A0001400BF8F000050AC040040AC080040AC37
:10D7B0000C0040AC100050AC1400BF8F1000B08FB4
:10D7C0000800E0031800BD27E0FFBD271800B1AF37
:10D7D0001400B0AF0008112486BF103C05000424DB
:10D7E0001C00BFAF340111AE9374400F0000000065
:10D7F0009374400F252000001C00BF8F380111AE2C
:10D800001800B18F1400B08F0800E0032000BD277E
:10D810008000A3280E006014251000008200A328B9
:10D8200003006014830003240900A3140000000017
:10D830000000C28C070042240410027C080043242C
:10D840000000C3AC000040D401000224000080F4BA
:10D850000800E003000000000080023C0080043C5F
:10D86000F8024224A80384240000438C05006010C1
:10D87000100042240000638C020063300500601435
:10D8800000000000F9FF44540000438C4E34400B6C
:10D89000000000000800E003F4FF0224E8FFBD27B9
:10D8A0001000B0AF1400BFAF6870400F258080003B
:10D8B000040040101400BF8F1000B08F0800E00378
:10D8C0001800BD27616D400F25200002FAFF4014AB
:10D8D0001400BF8F1000B08FB26C400B1800BD2732
:10D8E000E0FFBD271400B0AF25808000029D043CFE
:10D8F0001800B1AF08C684242588A0001C00BFAF63
:10D90000FA77400F25280002252820022520000252
:10D910001C00BF8F1800B18F1400B08F503D400B1A
:10D920002000BD27E8FFBD27080080101400BFAF0E
:10D930006879400F98828CD7388080D71400BF8FC9
:10D940001800BD270800E003408080F76879400F89
:10D9500078828CD7308080D71400BF8F1800BD2705
:10D960000800E003408080F7E8FFBD271000B0AF5B
:10D97000258080001400BFAFDE6C400F14008424AB
:10D98000070040101400BF8F000050AC040040ACF2
:10D99000080040AC0C0040AC100050AC1400BF8F2D
:10D9A0001000B08F0800E0031800BD270060604140
:10D9B000C000000099AA033C80BF023C5566632466
:10D9C000300040AC300043AC6655033CAA99633448
:10D9D000300043AC80BF023C01000324581243AC2A
:10D9E00080BF023C5012428C6D76400B000000005C
:10D9F0000080023C7C6C438CE8FFBD271000B0AF78
:10DA00001400BFAF0300601425804000E65F400FA4
:10DA1000000000000080023C806C438C1400BF8F2B
:10DA20007C6C028E1000B08F1800BD270800E00348
:10DA3000231062006869665F726567697374657256
:10DA40005F6362006869665F726563656976650039
:10DA50006869665F697372006869665F68616E64B1
:10DA60006C655F69737200006869665F73656E64F8
:10DA7000000000000D008010000000001481838F62
:10DA80001481828F231043002B10440007004010A4
:10DA900000000000400000001481828F231043002A
:10DAA0002B104400FBFF4014000000000800E003BE
:04DAB0000000000072
:10DAB800000000000000E03FDEEF83F95298E43FE9
:10DAC800000000000040BF4039B4C876BE9FE63F62
:10DAD8009A9999999999B93F00000000000014405B
:10DAE800000000000000F0BF000000000000F03F50
:10DAF8009A9999999999B93F000000000000F03F60
:10DB080033333333333F8F40FCA9F1D24D62503F5A
:10DB1800CDCCCCCCCCCC23C0CDCCCCCCCCCC234025
:10DB2800000000000000144000000000000014C0C5
:10DB3800000000000000E03F000000000000F03F8F
:10DB4800D43888BEE9FAA8BDC4B1B4BD9EEE213E62
:10DB5800AD529C804F7E923E9015CB19A001FA3EA3
:10DB68007751C1166CC1563F4C5555555555A53F73
:10DB78007CD5CF5A3AD9E53DEB9C2B8AE6E55A3E4F
:10DB88007DFEB157E31DC73ED561C119A0012A3FEB
:10DB9800A6F810111111813F495555555555C53FE6
:10DBA800000000000000E03F495555555555C5BFD8
:10DBB800EC8082272538C00025304000E8FFBD27CB
:10DBC8000B30A5000A2044001400BFAFD677400FE1
:10DBD8002528E0004F7A400F00000000FDFF4014A8
:10DBE8001400BF8F0800E0031800BD2786BF023C61
:10DBF8002005428C4000427C0300401000000000D9
:10DC08001676400B25200000E8FFBD271400BFAFA3
:10DC1800A079400F000000001400BF8F25200000ED
:10DC28001676400B1800BD271881828F0081838FDC
:10DC3800FFFF4224188182AF08006014FFFF6324AD
:10DC48001481828F50000324008183AF0100422495
:10DC5800148182AF0800E003000000000800E00320
:10DC6800008183AF70818CD7788180D7029D023C78
:10DC780000632046D8E940D43E002C460600004503
:10DC880070818CF7016320463E012C46FEFF074554
:10DC98000163204670818CF79B63400B00000000F5
:10DCA800E8FFBD271000B0AF2528000025808000C0
:10DCB800253000001400BFAFD274400F25200000AB
:10DCC800253000021400BF8F1000B08F010005241A
:10DCD80001000424D274400B1800BD270000848C76
:10DCE80003008104251000000800E0030000000084
:10DCF800E8FFBD271400BFAF0A6D400F0000000009
:10DD0800FFFF032401004350251000001400BF8FBB
:10DD18000800E0031800BD270080023C343F428C15
:10DD2800E0FFBD272400A5AF2800A6AF2C00A7AFB1
:10DD3800252880000000448C2400A6271C00BFAFC3
:10DD48005777400F1000A6AF1C00BF8F0800E003F4
:10DD58002000BD27E0FFBD271800B0AF1000A6AF18
:10DD6800258080001C00BFAFE532400F1000A627B9
:10DD78000400038E1C00BF8FFFFF042410006330D3
:10DD88000B1083001800B08F0800E0032000BD27A7
:10DD98000800C01025108000200003242318660006
:10DDA8000600601C0620C500252000000610C500DE
:10DDB800252880000800E0032518A0000610C200EE
:10DDC80004286500FAFF0010251045000800C0105F
:10DDD8002510800020000424232086000600805C93
:10DDE8000418C200251800000428C200251060008D
:10DDF8000800E0032518A0000428C50006108200CA
:10DE0800FAFF00102528A200D0FFBD272000A4A3F8
:10DE18001800A0AF1400A0AF1000A0AF2000A627E4
:10DE280004000724120005242C00BFAFAA46400FA7
:10DE3800010004242C00BF8F0800E0033000BD2738
:10DE4800D8FFBD270100842C1800A0AF1400A0AF94
:10DE58001000A0AF0C0085242538000025300000F4
:10DE68002400BFAFAA46400F010004242400BF8F3E
:10DE78000800E0032800BD276E6D5F6472765F645A
:10DE880065696E69740000006E6D5F6472765F6923
:10DE98006E6974006E6D5F6472765F696E69745F37
:10DEA800646F776E6C6F61645F6D6F64650000000E
:10DEB800666666666666E63F000000000040BF4092
:10DEC8000000000000C07240000000000000244074
:10DED8000000000000005E4039B4C876BE9FE63FEF
:10DEE800000000000000F03FD8FFBD271800A0AFD9
:10DEF8001400A0AF1000A0AF2538000025300000A6
:10DF08001A0005242400BFAFAA46400F01000424CC
:10DF18002400BF8F0800E0032800BD27000082907E
:10DF280009004010010005242328A40021108500C1
:10DF38000100842400008390FCFF6014FFFF42303E
:10DF48000800E003000000000800E00325100000BE
:10DF58000500A01000000000030080100000000071
:10DF68000151400B000000000300E0100000000019
:10DF7800FBFFC014000000000800E00325100000AB
:10DF880084BF023C00800334040243ACE104032450
:10DF9800080240AC100240AC200243AC81BF023CF6
:10DFA80000020324C80043AC0800E003000000009E
:10DFB80081BF023C4000448CA080998F000203245A
:10DFC8004002847C440043AC03002013000000009E
:10DFD80008002003A480858F0800E00300000000EB
:10DFE800E0FFBD272400A2272400A5AF2528400074
:10DFF8001C00BFAF2800A6AF2C00A7AF1E78400FAB
:10E008001000A2AF1C00BF8F0800E0032000BD274E
:10E01800000000000000F03F000000000000444045
:10E028000000000000002440182D4454FB21194032
:10E03800000000000000E03F00000000000000C0F9
:10E04800019D043CE8FFBD271400BFAF6E78400F68
:10E05800A81784248275400F252000001400BF8F64
:10E06800019D043CAC1784246E78400B1800BD2732
:10E078000080023C343F428C2530A00025288000D7
:10E088000000448CE8FFBD271400BFAF5777400F4E
:10E09800000000001400BF8F0800E0031800BD272F
:10E0A800000000000000000006D0CF43EBFD4C3E0E
:10E0B80000000000000000000000004003B8E23F3C
:10E0C800000000000000F03F000000000000F83FE2
:10E0D800000000000000703E0000000000007041D9
:10E0E800000000000000C03F0000000000002040C9
:10E0F800000000000000E03F000000000000F03FCA
:10E108000080033CB00263242800648C2C00628CDD
:10E118002B2882000300A010000000003000638C50
:10E12800212083000800E00323108200E8FFBD27B8
:10E138001400BFAFB259400F000000001400BF8F99
:10E1480001004238FAFF03240A1802002510600073
:10E158000800E0031800BD27E8FFBD271400BFAF83
:10E16800E363400F000000001400BF8F0100423835
:10E17800FAFF03240A180200251060000800E003D3
:10E188001800BD2786BF033C1004649001000524D5
:10E1980025100000C439047C100464A03004649085
:10E1A800C439A47C300464A00800E0030000000027
:10E1B800E8FFBD271000B0AF1400BFAF855E400F69
:10E1C80025808000252000021400BF8F1000B08F2A
:10E1D80025284000AD64400B1800BD270D0D507276
:10E1E800696E7465722073746172746564206174F9
:10E1F800200000002D00000054000000205554436A
:10E208000D0D0D0D000000006BFFCEFBCEFB0000D6
:10E21800183535000A00000064000000E80300001B
:10E2280010270000A086010040420F008096980049
:10E2380000E1F5054000838C3C00868C500085ACDD
:10E24800231066000400A010540082AC2A10A2001B
:10E25800010040542118C5000800E0034C0083ACBD
:10E268000060024400706944006063442530400047
:10E278002520200100F0657C04F0047C0000864421
:10E288002518A4000800E0030000E3440080043CD3
:10E29800646C822401000324080043AC0080033C22
:10E2A800B06C6324646C83AC0000033C983A63242C
:10E2B8000800E003040043AC85BF023C08B0438C6F
:10E2C8000428837C08B043AC08B0438C01000424C4
:10E2D8000442837C08B043AC0800E003000000005F
:10E2E80005008010000000000300A01000000000DE
:10E2F8000300C014000000000800E0030000000054
:10E308002B5E400B00000000496E737566666963FA
:10E3180069656E742068656170207370616365203B
:10E32800696E204269517561645F6E65770D0A00F8
:10E338000080033CA06C668C0500C014251000000A
:10E34800A06C64AC100080AC000085AC0100022415
:10E358000800E00300000000E0FFBD272800A6AF8A
:10E368002800A6271C00BFAF2C00A7AFE278400FFB
:10E378001000A6AF1C00BF8F0800E0032000BD27D7
:10E388002538C0002530A000FF7F053CE8FFBD27E9
:10E398001400BFAFA06B400FFFFFA5341400BF8F60
:10E3A8000800E0031800BD270700C01025108000F2
:10E3B800202C057C2130860025188000010063246C
:10E3C800FEFF6614FFFF65A00800E00300000000E0
:10E3D800E8FFBD271000B0AF1400BFAF6371400F56
:10E3E800258080001400BF8F251000021000B08F18
:10E3F8000800E0031800BD27000000000000F03FFF
:10E40800000000000000E03F000000000000504352
:10E41800000000000000B03F0000000000002040A5
:10E42800E8FFBD272520A0001400BFAFAD64400F52
:10E438002528C0001400BF8FFFFF02240800E00356
:10E448001800BD27E0FFBD273000A2971400A0AF39
:10E458001C00BFAFCB42400F1000A2AF1C00BF8F03
:10E468000800E0032000BD27E8FFBD271800A4A38B
:10E47800010005241400BFAFAD64400F1800A427A5
:10E488001400BF8F0800E0031800BD27496E73759C
:10E498006666696369656E74206865617020666F79
:10E4A8007220446973706C61794669666F0D0A0061
:10E4B80057616974466F72457874466C6173685227
:10E4C800656164792074696D6564206F75740D0ADF
:10E4D8000000000084BF023CD00703240600042487
:10E4E800004044AC104043AC204043AC0800E0037B
:10E4F80000000000E0FFBD271C00BFAFB259400F6D
:10E508001000A5271C00BF8F1000A28F0800E00391
:10E518002000BD270500C01021308600000085A01E
:10E5280001008424FEFFC454000085A00800E00315
:04E5380000000000DF
:10E54000000000000000F03F000000000000F0BFED
:10E55000000000000000803F000000000000403F7D
:10E56000E8FFBD271400BFAF5A76400F9001042486
:10E570001400BF8F688282AF0800E0031800BD2737
:10E5800039B4C876BE9FE63F000000000040BF409F
:10E590000000000000004940000000000000E03FD3
:10E5A000029D023CD8E940D4029D023C0263204611
:10E5B000E0E940D4036320460800E00378818CF74B
:10E5C000E8FFBD271400BFAF5A76400FD0070424E0
:10E5D0001400BF8FB08282AF0800E0031800BD278F
:10E5E0000000848CE8FFBD271400BFAF0A79400FFC
:10E5F000000000001400BF8F0800E0031800BD27D2
:10E600000000848CE8FFBD271400BFAF0A79400FDB
:10E61000000000001400BF8F0800E0031800BD27B1
:10E62000000000000000F03F000000000000244057
:10E6300000000000000050430000000000001440F3
:10E64000000000000000E043000000000000E0C304
:10E65000000000F0FFFF1F34000000000000F00782
:10E6600000008C90FFFFC624010084240000ACA0B1
:10E67000FBFFC0140100A5240800E0032510800062
:10E68000DC80998F030020130000000008002003A5
:10E69000000000000800E003000000009FFF83244A
:10E6A0001A00632C02006010251080005F00823089
:10E6B0000800E00300000000E8FFBD271400BFAF22
:10E6C000B579400F252800001400BF8F0800E00333
:10E6D0001800BD27E8FFBD271400BFAFC66E400F6E
:10E6E000010006241400BF8F0800E0031800BD27B6
:10E6F000E8FFBD271400BFAF7673400F0000000095
:10E700001400BF8F0800E0031800BD27BFFF83245B
:10E710001A00632C02006010251080002000823453
:10E720000800E00300000000E8FFBD271400BFAFB1
:10E730009A78400F000000001400BF8F0800E0032B
:10E740001800BD27E8FFBD271400BFAF347A400F83
:10E75000000000001400BF8F0800E0031800BD2770
:10E76000E8FFBD271400BFAF354C400F000000008C
:10E770001400BF8F0800E0031800BD27E8FFBD2785
:10E780001400BFAF9D6F400F000000001400BF8F4A
:10E790000800E0031800BD27000020020102000667
:10E7A000000000000B080000010000000000000055
:10E7B00085BF023C8020040000B242240A10447C41
:10E7C0000800E003FFFF423080BF023C0008422403
:10E7D00043570324020043A40800E00300000000A4
:10E7E000F8FFBD270400BFAF006802400070024080
:10E7F000FFFF001000000000C4808293010042244B
:10E80000FF004230C48082A30800E0030000000043
:10E81000000000000000F03F000000000000344055
:10E8200000000000000024400000000000005940EB
:10E83000000000000040BF40000000000000E04178
:10E84000000000000000F03F000000000000F0BFEA
:10E85000000000000000E03F39B4C876BE9FE63FEC
:10E86000000000000040BF409A9999999999B93FDA
:10E870000000828C040080AC080080AC0C0080ACEE
:10E880000800E003100082AC00601A40BFFF1B3C90
:10E89000FFFF7B3724D05B0300609A4018000042E2
:10E8A00068076C094C836A9074A07AC000806888FD
:10E8B00000846C8200810000000000000000F0BFB6
:10E8C0000000000000003043000000000000F03FA6
:10E8D00000600444006065440000844400F0A37CB0
:10E8E0000800E0030000E344FFFFC6240000A0A0EE
:10E8F000FDFFC0140100A5240800E00325108000DE
:10E9000084BF023C00800334084043AC0800E003AD
:10E910000000000082BF023C1010428C8000423890
:10E920000800E003C001427C82BF023C1014428C0C
:10E93000800042380800E003C001427C82BF023CF4
:10E940001012428C800042380800E003C001427C73
:10E9500084BF023C00800334080243AC0800E0039B
:10E9600000000000E8E8019D60E6019D18C4019DDB
:10E9700018C4019D18C4019D84BF023C204044ACD2
:10E980000800E00300000000A0808227000044ACE3
:10E990000800E003040045AC0080023CE002428C29
:10E9A0000800E003FFFF4224E8FFBD271400BFAFCB
:10E9B000F879400F00000000E8FFBD271400BFAF4A
:10E9C000F879400F00000000DC8184AFD48185AF6E
:10E9D0000800E00300000000182D4454FB211940FA
:10E9E000000000000040BF40000000000000504058
:10E9F000000000000000E041000000000040BF40B7
:10EA0000000000000000E041029D1A3CE0E75A27A8
:10EA10000800400300000000696E66696E69747941
:10EA2000000000006E616E00494E4600696E66008F
:10EA30004E414E006E616E00494E4600696E6600A2
:10EA40004E414E006E616E00000000000000F03F7D
:10EA50000000000000007047000000000000E07FA0
:10EA6000000000000000600300000000000070389B
:10EA70000000000000007047000000000000F03FB0
:10EA800059F3F8C21F6EA501D48080A30800E003EB
:10EA90002510000025660D0A000000003E00000061
:10EAA000286E696C29000000250000000800E003C2
:10EAB000000000000800E003251000006378400B10
:10EAC00000000000BD7A400B000000003F79400BC1
:10EAD000000000004D78400B000000005878400B0B
:10EAE000000000000800E003DC8084AF0800E003C1
:10EAF000000000000800E00325100000503D400B1E
:10EB0000000000006879400B98828CD70800E00371
:10EB10000C00828C0800E0031000828C0800E003E7
:10EB20000C00828CBC77400BC88180A30800E003F6
:10EB3000000000000800E003000000000800E003FF
:0CEB4000251000000800E0032510000074
:020000041FC01B
:100000000300001000000000F0F3060000000000F4
:100010000600F00F0000000000601A40C0045A7F84
:100020000500401300000000C09F1A3C902A5A2788
:10003000080040030000000002801D3CF0FFBD27C7
:1000400000801C3CF07F9C27026009402058200162
:1000500007000A248449497D02608940C0000000ED
:1000600000E0DC41FFFF4A25FAFF401500000000D8
:1000700002608B40C0000000C09F083CF8110825BA
:1000800009F8000100000000C09F083C80210825FD
:1000900009F80001000000000080083C2C00082541
:1000A0000080093C440029250300001000000000E6
:1000B000000000AD040008252B080901FCFF2014F6
:1000C00000000000C0BF083C7005082509F80001C9
:1000D00000000000C09F083C2425082509F8000105
:1000E0000000000081BF093C00000A3C00124A25C4
:1000F000E0072AAD0000093C00002925010020117D
:100100000000000000488040FFFF0A2400588A4099
:100110004000083C00600A4025500A0100608A4007
:10012000C09F093C00002925C000000001788940DB
:100130000000093C0100292500000A2444492A7DC9
:1001400001608A408000093C0068894000800840C6
:100150008005097D404C0900006008405800013CC2
:100160002440010100010A3C2540480100240A3CCA
:1001700025404801254028010060884000010A3CD4
:1001800000F8CA44C0000000C09F083CC02A0825EF
:1001900009F800010000000000600840BFFF013CBA
:1001A000FFFF2134244001010060884000008430BA
:1001B0000000A530C09F083C642708250800000106
:0401C000000000003B
:10038000C09F1A3C4C285A27080040030000000078
:1004800000F89B40C0000000C09F1B3C6C297B27EC
:10049000020060130000000000C09B4000F81B40F9
:0C04A000C00000001F000042000000002F
:1004B0000080094000000A2400000B2400000D24E5
:1004C00000000E240080013C244021012500001181
:1004D00001800940000000003800013C2440210157
:1004E000C24408000F0000110000000001000825B0
:1004F0000700013C2460210102640C0001008C25EE
:100500002550800101000B2404580B0104500A01FE
:10051000C001013C24402101824508000600082555
:1005200004500A01001C2831824208000D0000110D
:10053000000000000100082580032F31C2790F0060
:100540000100EF252568E00101000E2404700E0172
:1005500004680D0100E02831424308000600082528
:1005600004680D010800E003000000000000000026
:100570000080084007000924244828010200293986
:1005800004002011000000000800E003000000004B
:10059000000000002518E003C5FF11040000000062
:1005A00000600840FEFF0924244828010400293582
:1005B00000608940C000000000D0804000E0804022
:1005C000C0000000009D043C000084240100801451
:1005D000009D043C0400401121288A0021208B004A
:1005E000FEFF8514FCFF88BC0080043C00008424CE
:1005F000010080140080043C0400A01121288D001B
:1006000021208E00FEFF8514FCFF89BC0F00000036
:100610000080013C08002AAC0080013C14002DAC95
:100620000080013C0C002BAC0080013C18002EAC7B
:100630000080013C10002CAC0080013C1C002FAC61
:1006400000608840C0000000008009400700293594
:10065000070029390300293500808940C0000000C7
:1006600025F860000800E003000000000000000022
:10067000000000D01F00C0001F00C400000000D216
:100680001F00C8001F00CC00000000F01700C000D1
:100690001700C400000000F21700C8001700CC00CB
:1006A000000000C01F0080001F008400000000C286
:1006B0001F0088001F008C00000000E01700800071
:1006C00017008400000000E21700880017008C006B
:10100000C09F1A3C201F5A27080040030000000020
:10101000A8FFBD270400A1AF0800A2AF0C00A3AF3A
:101020001000A4AF1400A5AF1800A6AF1C00A7AF16
:101030002000A8AF2400A9AF2800AAAF2C00ABAFB6
:101040003000ACAF3400ADAF3800AEAF3C00AFAF56
:101050004000B8AF4400B9AF4800BFAF1240000035
:101060004C00A8AF104000005000A8AFC09F1A3C31
:1010700094285A27000000000068044000600540E2
:1010800009F84003000000005000A88F1100000183
:101090004C00A88F130000010400A18F0800A28F4C
:1010A0000C00A38F1000A48F1400A58F1800A68F2A
:1010B0001C00A78F2000A88F2400A98F2800AA8FCA
:1010C0002C00AB8F3000AC8F3400AD8F3800AE8F6A
:1010D0003C00AF8F4000B88F4400B98F4800BF8FED
:1010E0005800BD27C000000018000042A82AC09F79
:1010F000542AC09F1C25C09F1C25C09F1C25C09F33
:10110000C09F1A3C481E5A270800400300000000F8
:10111000E0FFBD271C00BFAF1800BEAF25F0A00345
:10112000009D023C000242340000428C1000C2AF1D
:10113000009D023C000242341400C2AF1000C38F75
:10114000FFFF022406006210000000001400C28F9E
:1011500009F840000000000002000010000000003C
:101160000000000025E8C0031C00BF8F1800BE8FE0
:0C1170002000BD270800E0030000000084
:10118000C09F1A3C10105A270800400300000000BE
:10119000F0FFBD270C00BEAF25F0A0032510800096
:1011A0001000C2A31000C2930000C2A30000C293AB
:1011B0003A00422C04004010000000000000C293DE
:1011C000070042240000C2A30000C2930900422489
:1011D0000000C2A30000C2930F0042300000C2A36F
:1011E0000000C29325E8C0030C00BE8F1000BD278D
:1011F0000800E003000000000800E0030000000019
:101200000000023C00004224070040100000023CA5
:101210000000422405004050C09F023C3F00007087
:101220000800E00300000000C09F023C6C2942243B
:10123000030040100000000009F84000000000001A
:101240000800E00300000000D0FFBD272C00BFAF66
:101250002800BEAF25F0A003251080003000C2A3F7
:101260007C0AF00F000000003000C3933A00022413
:1012700002006214000000003C8080A30080023C59
:10128000440043903A000224020062100000000073
:101290003C8080A33C808293251840000080023C63
:1012A00044004224211062003000C393000043A098
:1012B0003C808393080002240A00621400000000AE
:1012C0000080023C45004424E008F00F00000000CC
:1012D00005004224FF00423040100200FF0042306F
:1012E000108082A33C80839310808293C500621497
:1012F000000000000080023C45004424E008F00F9C
:101300000000000005004224FF004230108082A34C
:101310000080023C450042241C00C2AF1800C0A35C
:101320000B000010000000001C00C48FE008F00F4C
:1013300000000000251840001800C2932110620030
:101340001800C2A31C00C28F020042241C00C2AFBE
:1013500010808293FFFF4324FF006330108083A33B
:10136000F1FF4014000000001800C29391004014E7
:101370000000000013000424EE09F00F000000003C
:101380000080023C4D0042241C00C2AF0080023CA1
:101390004B004424E008F00F00000000010003248B
:1013A0005400431000000000040003246E004310AA
:1013B0000000000084004014000000000080023C97
:1013C00045004424E008F00F00000000108082A3D4
:1013D0000080023C470044242709F00F0000000071
:1013E0002000C2A73E808297001C02002000C29706
:1013F000211062001400C2AF1400C38F001D023C14
:101400002B106200730040140000000010808293D3
:10141000251840001400C28F21186200081D023CEC
:101420002B1062006B004010000000004080828F93
:101430000A0040140000000001000224408082AF36
:10144000054004248F08F00F00000000C09F023CFC
:101450005C1D44248009F00F000000001000C0A3B0
:1014600016000010000000001C00C48F0409F00FDB
:10147000000000002518400080BF023C300643AC4D
:1014800080BF023C1400C38F200643AC01400424FB
:101490008F08F00F000000001000C29304004224E7
:1014A0001000C2A31400C28F040042241400C2AF73
:1014B0001C00C28F080042241C00C2AF108082931F
:1014C0001000C3932B106200E7FF401400000000DF
:1014D0004480829301004324FF006330448083A34F
:1014E00025204000F406F00F000000003900001035
:1014F00000000000C09F023C781D44248009F00FCA
:10150000000000004880828F0F004014000000009F
:10151000C09F023C901D44248009F00F0000000091
:101520004404F00F00000000C09F023CC81D44248A
:101530008009F00F000000007C0AF00F000000009E
:10154000FDFF001000000000C09F023C001E44246C
:101550008009F00F000000007C0AF00F000000007E
:10156000FDFF0010000000000080023C4D004424FC
:101570002709F00F000000003E8082A74080828F84
:10158000170040140000000001000224408082AFD8
:10159000054004248F08F00F00000000C09F023CAB
:1015A0005C1D44248009F00F000000000C000010B6
:1015B000000000004880828F01004224488082AFF2
:1015C00008000010000000000000000005000010EE
:1015D00000000000000000000200001000000000F9
:1015E000000000003C8080A3FFFF0224108082A343
:1015F00011000424EE09F00F0000000005000010A7
:10160000000000003C80829301004224FF00423031
:101610003C8082A33C808293C800422C020040148C
:10162000000000003C8080A382BF023C1020428C5E
:101630004000427CFF0042300900401000000000E2
:10164000C09F023C341E44248009F00F00000000BB
:101650007C0AF00F00000000FDFF001000000000F9
:101660000000000025E8C0032C00BF8F2800BE8FBB
:101670003000BD270800E0030000000044000080A7
:10168000C8000000000000002C00008010000000D6
:1016900000000000000000800100000001000000C8
:1016A000FF000000040000800400000001000000B2
:1016B000A08601003C00008008000000000000003F
:1016C000400581BFE800000001000000001200009A
:1016D00000120000001200000012000000120000C2
:1016E00000120000001200000012000000120000B2
:1016F00000120000001200000012000000120000A2
:101700000012000000120000001200000012000091
:101710000012000000120000001200000012000081
:101720000012000000120000001200000012000071
:101730000012000000120000001200000012000061
:101740000012000000120000001200000012000051
:101750000012000000120000001200000012000041
:101760000012000000120000001200000012000031
:101770000012000000120000001200000012000021
:101780000012000000120000001200000012000011
:101790000012000000120000001200000012000001
:1017A00000120000001200000012000000120000F1
:1017B000001200002C0681BF4C0000000100000058
:1017C00000120000001200000012000000120000D1
:1017D00000120000001200000012000000120000C1
:1017E00000120000001200000012000000120000B1
:1017F00000120000001200000012000000120000A1
:10180000001200000012000000120000D80681BF84
:10181000140000000100000000120000001200008F
:10182000001200000012000000120000F40681BF48
:10183000240000000100000000120000001200005F
:101840000012000000120000001200000012000050
:101850000012000000120000001200001C0781BFEF
:10186000180000000100000000120000001200003B
:101870000012000000120000001200000012000020
:10188000400781BF5000000001000000001200006E
:101890000012000000120000001200000012000000
:1018A00000120000001200000012000000120000F0
:1018B00000120000001200000012000000120000E0
:1018C00000120000001200000012000000120000D0
:1018D0000012000000120000001200009C0781BFEF
:1018E000640000000100000000120000001200006F
:1018F00000120000001200000012000000120000A0
:10190000001200000012000000120000001200008F
:10191000001200000012000000120000001200007F
:10192000001200000012000000120000001200006F
:10193000001200000012000000120000001200005F
:101940000012000000120000001200000C0881BF0D
:10195000180000000100000000120000001200004A
:10196000001200000012000000120000001200002F
:10197000300881BF0C0000000100000000120000D0
:101980000012000000120000400881BF0C0000009F
:101990000100000000120000001200000012000010
:1019A000500881BF04000000010000000012000088
:1019B000580881BF14000000010000000012000060
:1019C00000120000001200000012000000120000CF
:1019D000740881BF18000000010000000012000020
:1019E00000120000001200000012000000120000AF
:1019F00000120000940881BF0400000001000000F4
:101A00000012000008000080240000000100000017
:101A1000FFFFFFFFFFFFFFFF01000000FFFFFFFFD1
:101A2000FFFFFFFF01000000FFFFFFFFFFFFFFFFC1
:101A3000010000000000000066666666F8FFBD2732
:101A40000400BEAF25F0A00386BF023C200803249B
:101A5000300143AC86BF023CB8290324140143ACD7
:101A600086BF023CF8FF0334040143AC86BF023C4E
:101A700040900334580143AC86BF023C002003244D
:101A8000C80143AC86BF023C00200324D80143AC0C
:101A900086BF023C00400324300243AC86BF023CB8
:101AA00000E00334140243AC86BF023C0010032460
:101AB000580243AC86BF023C00040324300343AC0D
:101AC00086BF023C29040324140343AC86BF023CB6
:101AD00010080324580343AC86BF023C8000032453
:101AE000300443AC86BF023CB9000324140443AC69
:101AF00086BF023CF0000324040443AC86BF023CD2
:101B000046000324580443AC86BF023C0300032470
:101B1000580543AC86BF023C40000324300643AC6A
:101B200086BF023C40000324140643AC86BF023C3F
:101B3000C0030324040643AC80BF023C020003241C
:101B4000681443AC80BF023C6C1440AC80BF023CC4
:101B500001000324A81443AC80BF023C0500032409
:101B6000B41443AC80BF023C040003240C1443AC07
:101B700080BF023C0C000324A41643AC80BF023C8F
:101B800001000324541643AC80BF023C050003242B
:101B9000C81543AC80BF023C07000324681543AC62
:101BA00080BF023C06000324A01643AC80BF023C69
:101BB000010003244C1643AC0000000025E8C003DC
:101BC0000400BE8F0800BD270800E00300000000ED
:101BD000F8FFBD270400BEAF25F0A003251080004C
:101BE0000800C2A30800C29301004230FF00423047
:101BF000060040140000000086BF023C00010324E0
:101C0000340143AC040000100000000086BF023C19
:101C100000010324380143AC0800C29302004230A3
:101C2000FF004230060040140000000086BF023C66
:101C300020000324340343AC040000100000000023
:101C400086BF023C20000324380343AC0800C29343
:101C500004004230FF004230060040140000000043
:101C600086BF023C08000324340343AC0400001088
:101C70000000000086BF023C08000324380343AC88
:101C80000800C29308004230FF00423006004014B2
:101C90000000000086BF023C00800334340243ACE5
:101CA000040000100000000086BF023C00800334E6
:101CB000380243AC0800C29310004230FF004230AB
:101CC000060040140000000086BF023C00200324F0
:101CD000340143AC040000100000000086BF023C49
:101CE00000200324380143AC0800C2932000423096
:101CF000FF004230060040140000000086BF023C96
:101D000080000324340143AC0400001000000000F4
:101D100086BF023C80000324380143AC0000000071
:101D200025E8C0030400BE8F0800BD270800E003BB
:101D3000000000000D0A426F6F746C6F6164657281
:101D40002072656164792E2053656E642068657821
:101D50002066696C652E0D0A000000000D0A5072A5
:101D60006F6772616D20666C617368206572617364
:101D700065640D0A000000000D0A426F6F746C6FFD
:101D8000616420636F6D706C6574652E0D0A0000D0
:101D90000D0A4E6F206865782066696C652063685F
:101DA00065636B73756D206572726F72730D0A5285
:101DB000756E6E696E67204170706C6963617469DD
:101DC0006F6E0D0A000000000D0A466972737420E0
:101DD000776F7264206F66206170706C69636174E4
:101DE000696F6E206E6F742070726F6772616D6DB7
:101DF00065642E205175697474696E672E0D0A0032
:101E00000D0A54686572652077657265206865788B
:101E10002066696C6520636865636B73756D20650A
:101E200072726F72732E205175697474696E672EA9
:101E30000D0A00000D0A4F76657272756E204572AC
:101E4000726F720D0A000000A8FFBD270400A1AF49
:101E50000800A2AF0C00A3AF1000A4AF1400A5AF00
:101E60001800A6AF1C00A7AF2000A8AF2400A9AFA0
:101E70002800AAAF2C00ABAF3000ACAF3400ADAF40
:101E80003800AEAF3C00AFAF4000B8AF4400B9AFD0
:101E90004800BFAF124000004C00A8AF1040000047
:101EA0005000A8AF0068044000600540C09F023C9D
:101EB000DC28422409F84000000000005000A88FF0
:101EC000110000014C00A88F130000010400A18F35
:101ED0000800A28F0C00A38F1000A48F1400A58F00
:101EE0001800A68F1C00A78F2000A88F2400A98FA0
:101EF0002800AA8F2C00AB8F3000AC8F3400AD8F40
:101F00003800AE8F3C00AF8F4000B88F4400B98FCF
:101F10004800BF8F5800BD27C000000018000042D5
:101F2000A8FFBD270400A1AF0800A2AF0C00A3AF1B
:101F30001000A4AF1400A5AF1800A6AF1C00A7AFF7
:101F40002000A8AF2400A9AF2800AAAF2C00ABAF97
:101F50003000ACAF3400ADAF3800AEAF3C00AFAF37
:101F60004000B8AF4400B9AF4800BFAF1240000016
:101F70004C00A8AF104000005000A8AF006804401B
:101F800000600540C09F023C2429422409F840001B
:101F9000000000005000A88F110000014C00A88F25
:101FA000130000010400A18F0800A28F0C00A38F72
:101FB0001000A48F1400A58F1800A68F1C00A78FF7
:101FC0002000A88F2400A98F2800AA8F2C00AB8F97
:101FD0003000AC8F3400AD8F3800AE8F3C00AF8F37
:101FE0004000B88F4400B98F4800BF8F5800BD270C
:101FF000C000000018000042E8FFBD271400BFAF7A
:102000001000BEAF25F0A0031800C4AF006062410D
:10201000C0000000000000003108F00F00000000C8
:102020008EBF033C0000628C030004240429827CE0
:10203000000062AC8EBF033C0000628C03000424ED
:102040000410827C000062AC80BF033C0000628C04
:10205000030004240429827C000062AC8F06F00F88
:102060000000000086BF023C2001428C8211020069
:102070000100423003004010000000004404F00F53
:1020800000000000AF09F00F00000000C409F00FCD
:10209000000000009909F00F000000006609F00F31
:1020A00000000000206062410000000025E8C0033D
:1020B0001400BF8F1000BE8F1800BD270800E0037A
:1020C00000000000F8FFBD270400BEAF25F0A0030C
:1020D00080BF023C300040AC80BF023C99AA033C68
:1020E00055666334300043AC80BF023C6655033C08
:1020F000AA996334300043AC80BF023C0110032432
:10210000400043AC80BF023C03000324500043ACBA
:1021100080BF023CFF01033CFF016334600043AC1D
:1021200080BF023CFD010324700043AC80BF023C31
:102130001F30033C3E3F6334800043AC80BF023C11
:102140008310033C01006334900043AC80BF023C29
:102150005000033CA00043AC80BF023C3333033C3F
:1021600033336334300043AC0000000025E8C00383
:102170000400BE8F0800BD270800E0030000000037
:1021800000800340C011637C01000724290067140C
:1021900001800240402E437C0010804000188040A7
:1021A0000028804000308040252000000080043C52
:1021B0000000834000508440C00000000200004244
:1021C00000408420FFFF6320F9FF6014000000003E
:1021D000C0BF043C7806843400308440C0BF053C56
:1021E0007006A524C0BF063CD006C62425380000D2
:1021F0001000A610FF01093C00E0293500288940A5
:10220000000087400000A88C0400A98C0800AA8C5C
:102210000010894000188A4000508840C00000002B
:10222000020000420C00A5200100E720F0FF001092
:10223000000000000800E00300000000F0FFBD27E0
:102240000C00BEAF25F0A0031000C4AF00606241D7
:102250000000C2AF80BF023C1000C38F000643AC39
:1022600080BF023C99AA033C55666334100643AC18
:1022700080BF023C6655033CAA996334100643AC08
:1022800080BF023C00800334080643AC000000001D
:1022900080BF023C0006428C00804230FCFF4014AC
:1022A000000000000000C28F010042300300401017
:1022B00000000000020000102060604100606041EA
:1022C00080BF023C00400324040643AC80BF023CB4
:1022D0000006428C0030423025E8C0030C00BE8F5F
:1022E0001000BD270800E00300000000E8FFBD2744
:1022F0001400BFAF1000BEAF25F0A003FF00042400
:10230000F406F00F000000000300001000000000C1
:102310007C0AF00F0000000086BF023C2001428CC6
:102320008211020001004230F9FF4010000000005D
:10233000C09F023C341D44248009F00F00000000BF
:10234000010AF00F0000000009004010000000002A
:102350008B0AF00F00000000FF00423025204000F3
:102360009204F00F00000000F5FF001000000000D4
:102370007C0AF00F00000000F1FF001000000000D8
:10238000E0FFBD271C00BFAF1800BEAF25F0A003C3
:102390002000C4AF2000C28F0000429025204000E2
:1023A0006404F00F000000001000C2A31000C293EC
:1023B000001102001000C2A32000C28F01004224BD
:1023C0002000C2AF2000C28F0000429025204000B4
:1023D0006404F00F00000000251840001000C293B4
:1023E000211062001000C2A32000C28F010042240D
:1023F0002000C2AF1000C29325E8C0031C00BF8FAD
:102400001800BE8F2000BD270800E0030000000078
:10241000D8FFBD272400BFAF2000BEAF1C00B0AF67
:1024200025F0A0032800C4AF1000C0A30F000010C7
:10243000000000001000D0932800C48FE008F00FC7
:1024400000000000251840001000C2272110500095
:10245000040043A02800C28F020042242800C2AF1B
:102460001000C293010042241000C2A31000C293C6
:102470000400422CEFFF4014000000001400C28F43
:1024800025E8C0032400BF8F2000BE8F1C00B08F42
:102490002800BD270800E00300000000E0FFBD2782
:1024A0001C00BFAF1800BEAF25F0A0032000C4AFD2
:1024B0002000C48FE008F00F000000001000C2A749
:1024C0001000C297001202001000C2A72000C28FA5
:1024D000020042242000C2AF2000C48FE008F00FA9
:1024E00000000000FFFF43301000C297211062007F
:1024F0001000C2A72000C28F020042242000C2AFF9
:102500001000C29725E8C0031C00BF8F1800BE8FC3
:102510002000BD270800E003000000000800E003E1
:10252000000000002518E003C09F043C7C168424B2
:1025300016008010000000000000858C1300A01021
:10254000040084240000868C0400842400008B8412
:1025500004008424C09F0C3CEC108C2580580B0098
:1025600021606C0100008C8D09F8800100000000E2
:102570002520400003008424FCFF06242420C400FE
:102580000000858CECFFA0140000000025F860001E
:102590000800E00300000000F8FFBD270400BEAF04
:1025A00025F0A00381BF023C00100324080043ACC7
:1025B00081BF023C00040324680143AC81BF023C9C
:1025C0005476033C10326334100043AC000000002A
:1025D00081BF023C1000438C5476023C10324234DE
:1025E000FBFF6214000000000000000025E8C003AB
:1025F0000400BE8F0800BD270800E00300000000B3
:10260000E8FFBD271400BFAF1000BEAF25F0A00348
:102610001800C4AF08000010000000001800C28FAE
:10262000010043241800C3AF000042802520400071
:10263000EE09F00F000000001800C28F0000428079
:10264000F6FF4014000000000000000025E8C00371
:102650001400BF8F1000BE8F1800BD270800E003D4
:1026600000000000F8FFBD270400BEAF25F0A00366
:1026700084BF023C00800334040243AC84BF023CAC
:10268000080240AC84BF023C100240AC84BF023C54
:10269000E1040324200243AC81BF023C0002032476
:1026A000C80043AC0000000025E8C0030400BE8F52
:1026B0000800BD270800E00300000000F8FFBD2768
:1026C0000400BFAF0000BEAF25F0A003251000003E
:1026D00000488240C00000001480828F0058824071
:1026E000C000000000680240C4DE027C0068824036
:1026F000C00000000000000025E8C0030400BF8FF8
:102700000000BE8F0800BD270800E00300000000A5
:10271000F8FFBD270400BEAF25F0A00382BF023C36
:1027200008020324002043AC82BF023C009403341F
:10273000182043AC82BF023C1A000324402043AC63
:1027400082BF023C00800334082043AC000000003C
:1027500025E8C0030400BE8F0800BD270800E00381
:10276000000000000000043CE8FFBD2700008424B6
:10277000030080101400BFAF09F8800000000000C3
:10278000000084300000A530C09F083CB029082517
:1027900009F80001000000000000023C0000422493
:1027A000030040100000000009F840000000000095
:1027B000F9FF001000000000F8FFBD270400BEAFC5
:1027C00025F0A0030800C4AF0000000082BF023C57
:1027D0001020428C00024230FCFF40140000000038
:1027E0000800C38F82BF023C202043AC00000000E1
:1027F00025E8C0030400BE8F0800BD270800E003E1
:1028000000000000F0FFBD270C00BEAF25F0A003C4
:102810000000C0A382BF023C1020428C0100433064
:1028200001000224030062140000000001000224E1
:102830000000C2A30000C29325E8C0030C00BE8FB5
:102840001000BD270800E003000000000000023C6B
:1028500000004224050040100000023C0000422419
:1028600003004010C09F023C3F000070C09F023C2C
:102870006C2942240500401000000000E8FFBD273D
:102880001400BFAF09F8400000000000FFFF001077
:10289000000000000000023C00004224050040103F
:1028A0000000023C0000422403004010C09F023C94
:1028B0003F000070C09F023C6C294224050040107C
:1028C00000000000E8FFBD271400BFAF09F840007A
:1028D00000000000FFFF0010000000000000023CAC
:1028E00000004224050040100000023C0000422489
:1028F00003004010C09F023C3F000070C09F023C9C
:102900006C2942240500401000000000E8FFBD27AC
:102910001400BFAF09F8400000000000FFFF0010E6
:10292000000000000000023C0000422405004010AE
:102930000000023C0000422403004010C09F023C03
:102940003F000070C09F023C6C29422405004010EB
:1029500000000000E8FFBD271400BFAF09F84000E9
:1029600000000000FFFF0010000000000060604158
:10297000C000000099AA033C80BF023C5566632456
:10298000300040AC300043AC6655033CAA99633438
:10299000300043AC80BF023C01000324581243AC1A
:1029A00080BF023C5012428C5D0AF00B0000000018
:1029B000E8FFBD271400BFAF1000BEAF25F0A00395
:1029C00025200000FE07F00F00000000BB08F00FFC
:1029D000000000000100022425E8C0031400BF8F9E
:1029E0001000BE8F1800BD270800E00300000000A3
:1029F000F0FFBD270C00BEAF25F0A00380BF023C56
:102A0000020842240000C2AF0000C28F43570324D3
:102A1000000043A40000000025E8C0030C00BE8FA6
:102A20001000BD270800E00300000000F8FFBD27EC
:102A30000400BEAF25F0A00382BF023C3020428CD0
:102A400025E8C0030400BE8F0800BD270800E0038E
:102A50000000000000008C90FFFFC62401008424C9
:102A60000000ACA0FBFFC0140100A5240800E00397
:042A700025108000AD
:102A78000000200201020006000000000B08000010
:102A8800010000000000000000601A40BFFF1B3C6E
:102A9800FFFF7B3724D05B0300609A401800004298
:102AA800FFFFC6240000A0A0FDFFC0140100A5245C
:102AB8000800E003251080000800E0030000000083
:10FFC000FFFFFFFF98B1F9FF39FFEC5FDBF7FFFFA1
:04FFDC00FFFFFFFF25
:04FFF000FFFF00000F
:00000001FF
